accel_x_g,accel_y_g,accel_z_g,gyro_x_dps,gyro_y_dps,gyro_z_dps,tilt_x_deg,tilt_y_deg,vibration_rms_g,displacement_mm,crack_width_mm,label,risk_score,risk_status
0.0078,0.0264,1.0019,1.124,-0.751,-0.199,0.404,0.582,0.00715,0.0,0.029,0,8.7,LOW
0.0243,-0.0183,0.9863,1.171,-0.8,-0.14,0.726,0.695,0.00502,0.0,0.0,0,12.1,LOW
0.0303,-0.039,1.0166,0.866,-0.462,0.909,0.59,0.813,0.00518,0.13,0.0,0,12.8,LOW
-0.0019,0.0163,1.0127,0.9,-0.119,1.093,0.878,0.596,0.00683,0.13,0.076,0,13.3,LOW
0.0844,-0.0458,0.9039,-8.368,4.05,-4.036,3.979,7.012,0.01181,3.65,1.516,1,96.8,CRITICAL
-0.0361,0.0087,1.0047,-0.112,0.269,2.212,0.382,0.755,0.00607,0.02,0.023,0,10.8,LOW
0.0198,0.0005,1.0032,-1.745,-1.449,-1.437,0.55,0.932,0.00587,0.11,0.038,0,12.8,LOW
-0.0325,-0.0352,1.0023,0.292,-0.437,0.565,0.639,0.338,0.00336,0.24,0.034,0,7.2,LOW
-0.0005,-0.0143,1.0375,2.121,-1.403,-5.399,6.92,4.845,0.04516,6.88,1.405,1,97.8,CRITICAL
0.0099,-0.0002,0.9906,-0.013,-0.5,-0.015,0.552,0.653,0.00305,0.0,0.0,0,8.4,LOW
0.0359,-0.0102,0.9901,0.162,0.027,0.176,0.473,0.0,0.00213,0.19,0.019,0,5.3,LOW
0.044,-0.0173,1.0049,-1.394,0.461,1.612,0.853,0.145,0.00689,0.0,0.0,0,10.3,LOW
-0.0222,-0.0101,1.0077,-1.094,-0.947,0.249,0.551,0.888,0.00241,0.0,0.0,0,10.2,LOW
-0.0342,-0.031,0.9895,-0.172,-1.591,-0.354,0.913,0.437,0.00611,0.0,0.0,0,11.8,LOW
-0.0229,-0.0256,1.0028,-2.267,1.422,0.866,0.3,0.098,0.005,0.0,0.0,0,7.9,LOW
-0.0101,-0.0578,0.989,2.069,4.021,-0.878,2.714,6.562,0.023,8.77,1.576,1,78.5,HIGH
-0.008,-0.0151,1.0012,0.258,0.107,0.095,0.607,0.303,0.00633,0.0,0.0,0,6.2,LOW
0.0136,0.0016,1.0016,1.2,-1.096,-1.848,0.865,0.558,0.00961,0.0,0.01,0,12.6,LOW
0.0436,0.0094,0.9882,-2.568,1.64,-0.153,0.996,0.738,0.00397,0.06,0.005,0,15.2,LOW
0.0867,-0.0231,0.9102,-0.292,-6.854,1.152,4.18,3.936,0.0157,2.26,0.814,1,74.2,HIGH
-0.0072,-0.0014,1.0151,-1.03,-1.511,-0.962,0.978,0.321,0.0073,0.04,0.038,0,13.8,LOW
-0.0019,0.0096,0.9937,0.808,-0.687,-0.019,0.345,0.163,0.00715,0.0,0.01,0,7.1,LOW
-0.0174,-0.013,0.9913,-0.418,0.004,0.444,0.915,0.885,0.0073,0.0,0.03,0,12.2,LOW
0.0161,-0.0173,0.995,-0.002,0.742,0.906,0.468,0.186,0.00612,0.1,0.045,0,7.6,LOW
-0.0375,-0.0388,1.0104,0.111,-0.366,1.773,0.579,0.548,0.00493,0.0,0.014,0,10.9,LOW
0.0518,0.0137,0.9973,-1.582,0.495,-0.459,0.679,0.904,0.00317,0.0,0.085,0,10.8,LOW
-0.0298,-0.0343,1.0,0.822,-0.015,0.021,0.439,0.176,0.00499,0.06,0.029,0,5.5,LOW
0.1538,-0.1309,0.8367,1.247,-3.164,2.264,1.44,3.005,0.01665,8.42,0.076,1,78.8,HIGH
-0.0494,-0.0301,0.9956,1.215,0.739,-0.416,0.457,0.257,0.0044,0.03,0.059,0,7.6,LOW
-0.0073,0.0022,0.9977,0.641,-1.439,-1.755,0.286,0.375,0.00435,0.0,0.0,0,7.9,LOW
0.0241,0.0654,0.9968,-0.621,0.986,-1.32,0.802,0.488,0.00474,0.0,0.0,0,9.9,LOW
0.0262,-0.0096,0.9975,-1.183,-0.898,1.152,0.46,0.091,0.00573,0.0,0.039,0,7.4,LOW
-0.0054,-0.1059,0.9659,-1.302,-0.789,3.078,8.935,5.684,0.02514,11.8,0.491,1,100.0,CRITICAL
-0.0351,-0.0137,0.9921,1.649,1.19,-0.131,0.991,0.463,0.00526,0.05,0.0,0,12.1,LOW
0.0272,-0.007,1.0091,-0.115,-0.921,0.099,0.078,0.807,0.00317,0.0,0.0,0,7.7,LOW
-0.0573,-0.0344,0.9952,0.093,0.417,-0.381,0.502,0.53,0.0073,0.0,0.0,0,8.1,LOW
-0.0278,0.0274,1.0121,1.016,-0.523,1.443,0.453,0.629,0.00507,0.0,0.027,0,11.2,LOW
-0.0191,-0.0274,0.9951,0.466,-2.105,-0.868,0.555,0.726,0.00348,0.1,0.0,0,10.8,LOW
-0.0475,-0.0307,0.9858,0.21,0.48,0.007,0.895,0.611,0.00902,0.02,0.048,0,12.6,LOW
0.0188,-0.0503,0.9883,-0.12,-1.15,-0.977,0.406,0.651,0.00891,0.04,0.0,0,11.6,LOW
-0.0012,-0.0455,0.9949,1.309,0.369,-1.529,0.17,1.207,0.0064,0.0,0.0,0,11.5,LOW
0.0057,0.0114,0.9906,0.189,2.017,-0.29,0.233,0.588,0.00228,0.0,0.035,0,9.1,LOW
0.0265,0.0001,1.011,-2.125,-0.187,-0.207,0.216,0.32,0.00676,0.09,0.0,0,9.8,LOW
0.0467,-0.0433,1.0143,0.299,0.248,0.914,0.579,0.551,0.00406,0.0,0.0,0,10.1,LOW
-0.0026,0.0042,0.9955,-1.359,-0.43,1.615,0.323,0.799,0.00709,0.11,0.075,0,11.3,LOW
0.0297,0.0849,0.9258,-3.45,3.867,-1.29,3.402,10.124,0.02609,6.24,0.583,1,100.0,CRITICAL
-0.0878,0.0122,0.9921,-0.455,2.814,-3.995,3.984,3.85,0.02642,6.06,1.116,1,65.9,HIGH
-0.0386,0.0194,0.9874,-0.041,9.791,1.139,2.457,3.692,0.01084,3.18,1.744,1,60.2,HIGH
0.0617,0.0042,1.0004,-0.103,-0.881,-0.376,0.374,0.83,0.00407,0.0,0.0,0,7.6,LOW
-0.0185,-0.0613,0.9023,-1.793,3.81,-4.13,1.584,0.504,0.02527,0.0,0.698,1,47.8,MEDIUM
-0.0453,-0.0041,1.0025,1.188,-1.951,0.238,0.761,0.571,0.00666,0.09,0.055,0,11.7,LOW
-0.0163,0.0322,0.8897,-3.17,0.633,-10.101,6.312,4.104,0.0063,2.06,0.516,1,88.2,CRITICAL
-0.0033,-0.0194,0.9851,-0.974,1.007,-0.781,0.458,0.293,0.0085,0.0,0.011,0,11.0,LOW
-0.0074,-0.0572,0.9944,0.81,-0.944,-0.673,0.253,0.288,0.00718,0.06,0.007,0,7.7,LOW
-0.0285,0.0533,1.0164,0.214,-1.113,-0.759,1.053,0.651,0.0031,0.0,0.026,0,13.2,LOW
0.0393,-0.0353,0.991,-5.571,-8.558,4.371,2.577,4.521,0.02071,7.41,0.443,1,70.1,HIGH
-0.0025,0.1249,1.0114,-3.254,-0.286,2.304,3.601,5.446,0.03113,0.0,1.331,1,60.5,HIGH
0.0403,-0.0356,1.0055,0.233,-1.937,-0.22,0.462,0.218,0.00445,0.0,0.0,0,8.1,LOW
-0.0168,-0.0886,1.0503,5.915,-5.385,4.431,5.271,3.302,0.01301,8.31,1.336,1,85.3,CRITICAL
-0.0086,-0.1956,0.911,3.868,-3.622,1.137,0.276,3.73,0.02088,9.79,0.577,1,70.7,HIGH
0.0235,-0.0092,0.9997,-0.72,-0.192,-0.124,0.465,0.0,0.00856,0.04,0.0,0,5.7,LOW
-0.0117,-0.0078,0.9866,0.518,-2.022,-1.219,0.066,0.27,0.00289,0.04,0.066,0,8.9,LOW
0.0193,-0.0199,1.002,1.349,-0.241,-1.833,0.43,0.135,0.00555,0.08,0.0,0,7.9,LOW
-0.0273,0.0038,1.0095,2.067,-0.724,-0.057,0.604,0.364,0.00556,0.0,0.065,0,11.1,LOW
0.0847,0.0629,0.9759,-1.869,-0.818,0.761,0.975,0.653,0.00629,0.0,0.057,0,16.8,LOW
-0.0344,-0.0193,1.0007,-0.837,0.683,0.674,0.0,0.2,0.00825,0.0,0.0,0,5.3,LOW
-0.0757,-0.021,0.9883,0.141,1.513,-1.202,0.486,0.755,0.00336,0.05,0.095,0,11.8,LOW
-0.0195,-0.0001,1.0137,-0.845,-0.845,-0.071,0.417,0.442,0.00919,0.02,0.046,0,11.0,LOW
0.023,-0.0292,1.0181,-1.491,-0.74,-0.076,0.076,0.873,0.00587,0.0,0.0,0,11.7,LOW
0.0403,-0.0304,1.0139,0.178,-0.049,0.17,0.887,0.401,0.0064,0.0,0.005,0,10.3,LOW
-0.0018,-0.0016,1.0172,-0.567,0.541,-0.791,0.214,0.846,0.00643,0.04,0.0,0,11.4,LOW
-0.0177,-0.0056,1.0025,0.602,-1.493,0.115,0.578,0.553,0.00707,0.0,0.0,0,9.6,LOW
0.0709,0.0308,0.9923,-0.321,-1.236,-0.407,0.587,0.788,0.00609,0.0,0.0,0,10.9,LOW
-0.0437,-0.0199,0.992,-0.346,-0.203,-0.456,0.108,0.26,0.00544,0.0,0.041,0,5.8,LOW
-0.0234,-0.0069,1.0093,0.687,0.532,-0.07,0.527,0.722,0.00303,0.03,0.003,0,9.1,LOW
-0.0178,0.0351,1.0025,0.506,0.608,-0.035,0.739,0.237,0.00271,0.0,0.0,0,6.4,LOW
-0.0089,0.0185,0.9994,0.745,1.077,0.83,0.437,0.71,0.00695,0.0,0.0,0,9.1,LOW
0.0159,-0.0264,1.0001,0.847,-0.488,-1.722,0.734,0.017,0.00452,0.0,0.078,0,7.7,LOW
-0.0083,-0.0215,0.9821,0.81,0.968,-0.208,1.184,0.0,0.00612,0.07,0.0,0,12.2,LOW
-0.0424,0.0009,1.011,-2.047,1.119,-0.219,0.741,0.964,0.00212,0.0,0.0,0,13.2,LOW
-0.0109,0.0622,1.0179,-1.451,-0.457,0.037,0.0,0.941,0.00453,0.0,0.0,0,11.0,LOW
-0.0522,-0.0217,1.0143,1.708,0.659,-1.486,0.146,0.0,0.00681,0.03,0.0,0,9.1,LOW
-0.0214,0.0087,0.9924,-0.088,1.281,0.705,0.06,0.581,0.00503,0.0,0.076,0,8.2,LOW
0.0913,0.0879,0.9591,2.186,-0.518,7.541,2.681,0.0,0.01484,9.3,0.583,1,56.7,MEDIUM
0.0095,0.003,0.9537,5.019,-4.347,8.883,2.521,5.446,0.0,1.59,1.24,1,67.1,HIGH
0.0025,-0.0319,1.0162,-0.942,0.525,1.303,0.584,0.325,0.00624,0.0,0.0,0,11.3,LOW
-0.0062,0.0514,0.9815,-1.236,0.184,-0.403,0.913,0.494,0.00324,0.0,0.079,0,12.7,LOW
0.0252,0.0051,0.9012,-4.187,-2.21,-7.689,1.854,2.123,0.02848,4.68,0.385,1,69.0,HIGH
0.031,-0.0361,0.9947,-0.033,-2.29,-0.754,0.471,0.789,0.00578,0.04,0.0,0,11.5,LOW
-0.0473,-0.0797,0.9177,5.919,-2.088,1.733,4.378,0.0,0.02596,7.16,1.551,1,73.6,HIGH
0.0732,0.0001,0.9806,0.395,0.594,0.595,0.248,0.664,0.00293,0.11,0.023,0,10.1,LOW
-0.0395,0.0325,0.9979,-0.096,0.355,-1.216,0.527,0.848,0.00621,0.0,0.0,0,9.7,LOW
-0.0052,-0.0153,1.0086,1.421,-0.746,-1.388,0.384,0.142,0.00767,0.05,0.086,0,9.8,LOW
-0.1074,0.0868,0.9098,10.005,0.665,-8.082,3.276,4.395,0.024,10.35,0.48,1,98.3,CRITICAL
0.0199,-0.033,1.0011,1.629,-0.557,-2.158,1.27,1.004,0.00743,0.04,0.0,0,15.8,LOW
0.0024,-0.0469,1.0139,0.629,1.082,-0.028,0.672,0.611,0.00462,0.03,0.0,0,11.2,LOW
0.0951,0.0709,0.9766,-11.491,-4.842,-14.114,5.209,4.763,0.0,2.91,0.916,1,83.2,CRITICAL
0.0236,-0.0117,1.0051,0.443,1.79,-0.212,0.596,0.623,0.00571,0.04,0.035,0,10.6,LOW
-0.0027,0.0345,1.0069,-0.756,0.564,0.359,0.0,0.802,0.0032,0.0,0.0,0,7.1,LOW
0.0281,0.008,0.9432,7.687,6.722,4.38,3.966,7.286,0.01724,6.43,1.491,1,98.5,CRITICAL
0.0609,0.0046,0.867,-1.613,2.114,-2.324,1.663,2.391,0.01828,6.89,0.983,1,72.3,HIGH
-0.1419,-0.0196,0.9089,2.724,-3.718,5.096,3.333,5.905,0.01951,9.3,1.144,1,95.7,CRITICAL
-0.0246,0.01,0.9959,-1.132,-1.573,-0.855,0.83,0.646,0.0054,0.0,0.052,0,11.8,LOW
0.003,0.0137,0.9877,-2.416,1.458,0.645,0.153,1.084,0.00598,0.28,0.0,0,14.1,LOW
-0.0119,-0.0131,1.0034,1.687,-0.773,0.231,0.0,0.331,0.00232,0.0,0.0,0,5.5,LOW
0.0742,-0.0404,0.9148,-1.62,5.355,-2.806,3.871,3.564,0.02367,10.33,0.923,1,88.5,CRITICAL
0.0426,-0.0349,1.0221,1.356,-1.499,0.462,0.539,0.478,0.00374,0.0,0.0,0,12.7,LOW
0.0281,0.0239,0.9967,-0.351,1.468,0.028,0.569,0.267,0.00597,0.0,0.0,0,8.1,LOW
-0.1642,0.1417,0.9118,3.774,2.185,1.949,7.353,3.923,0.02237,6.3,0.514,1,91.8,CRITICAL
0.0492,-0.014,0.9873,-0.64,-3.531,1.632,2.072,0.874,0.02792,0.0,0.382,1,30.5,MEDIUM
0.0045,0.02,1.0062,0.138,-1.26,-0.414,0.803,0.206,0.00253,0.0,0.0,0,8.0,LOW
-0.0028,-0.005,0.9965,-0.238,-1.647,-0.289,0.25,0.191,0.00238,0.0,0.0,0,5.7,LOW
-0.0015,-0.0128,1.0051,-0.207,-0.67,0.629,0.642,0.744,0.00313,0.08,0.0,0,9.1,LOW
0.1036,0.0058,0.9069,-1.763,9.019,-4.76,2.295,3.526,0.01764,1.49,1.774,1,74.6,HIGH
-0.0016,0.0224,1.0105,0.232,-0.543,0.146,0.976,0.477,0.00683,0.09,0.048,0,11.3,LOW
-0.0297,0.0119,1.0052,-0.231,1.757,-0.291,0.344,0.654,0.00457,0.0,0.022,0,9.2,LOW
0.031,0.0185,1.0013,-0.861,-0.293,-0.242,0.709,0.715,0.00417,0.0,0.025,0,8.7,LOW
0.0031,0.0012,0.9935,-0.094,-0.574,-0.148,0.592,0.303,0.00623,0.11,0.0,0,7.9,LOW
0.0093,-0.0091,0.9873,-0.103,-0.393,2.119,1.118,0.576,0.00791,0.05,0.002,0,15.0,LOW
-0.0657,-0.0075,1.0014,1.887,2.02,-0.981,0.335,0.535,0.00119,0.14,0.011,0,8.9,LOW
-0.0338,0.0211,0.8883,-10.166,-0.085,1.009,3.98,2.668,0.01293,6.76,0.0,1,81.7,CRITICAL
0.0478,-0.0481,1.0118,-2.463,0.157,1.749,0.441,0.767,0.00105,0.0,0.0,0,12.0,LOW
-0.0923,-0.0321,0.894,1.08,2.77,-0.524,3.553,4.788,0.01892,5.12,1.82,1,84.1,CRITICAL
-0.0017,0.0018,0.9873,0.282,0.734,-0.496,0.592,0.447,0.00441,0.0,0.099,0,9.9,LOW
0.0534,0.0043,0.985,0.42,-0.079,0.034,0.412,0.258,0.0064,0.06,0.0,0,8.4,LOW
-0.0244,0.0218,1.01,-0.289,0.796,0.408,0.854,0.167,0.00555,0.25,0.0,0,9.7,LOW
0.1555,0.1254,0.9444,8.18,-3.321,-1.776,1.074,3.577,0.02486,9.99,1.496,1,78.1,HIGH
-0.0502,0.0312,0.8882,-4.423,-4.059,-6.515,4.738,4.311,0.0,8.2,1.045,1,93.5,CRITICAL
-0.031,-0.007,1.0047,-0.29,1.256,-0.621,0.675,0.461,0.00618,0.03,0.0,0,9.5,LOW
-0.0094,0.0086,0.9994,8.55,1.28,5.106,2.588,1.27,0.02391,7.5,0.956,1,57.6,MEDIUM
0.0388,0.1091,0.943,-3.251,-3.726,-0.341,3.743,4.028,0.02802,2.78,0.433,1,66.0,HIGH
-0.004,0.0082,0.9779,0.143,0.575,0.265,0.429,0.569,0.00342,0.07,0.013,0,10.6,LOW
0.0709,-0.1017,0.9773,0.402,-3.944,-3.91,2.462,2.737,0.01236,4.76,1.247,1,53.2,MEDIUM
0.0009,-0.0098,0.9924,-0.55,-1.662,-0.246,0.59,1.001,0.0048,0.0,0.053,0,12.2,LOW
-0.0242,0.0301,1.0036,1.259,0.086,0.186,0.677,0.3,0.00666,0.0,0.059,0,8.8,LOW
-0.1353,-0.1301,1.0227,5.781,-7.876,-3.473,6.195,3.928,0.01926,5.85,1.412,1,85.1,CRITICAL
-0.0374,0.0025,0.9372,7.61,-10.73,-0.075,7.935,4.336,0.03114,11.23,1.649,1,100.0,CRITICAL
-0.0596,-0.1776,1.0124,-4.738,-0.691,11.281,3.187,8.575,0.03119,3.37,0.977,1,88.9,CRITICAL
0.0135,0.0406,1.0009,-2.197,0.186,1.498,0.441,0.369,0.00431,0.0,0.0,0,8.7,LOW
0.0028,-0.0623,1.0163,0.073,0.798,0.223,0.003,0.314,0.00366,0.0,0.0,0,6.9,LOW
0.0876,0.0803,0.8664,5.484,-2.63,-5.654,2.203,2.021,0.01897,4.46,0.885,1,75.1,HIGH
0.0513,0.0303,0.9987,-0.922,0.091,0.854,0.874,0.856,0.0034,0.18,0.066,0,10.8,LOW
-0.0019,-0.0448,0.9878,-2.28,-1.327,0.047,0.531,0.392,0.00573,0.06,0.109,0,12.5,LOW
-0.0066,-0.0309,0.9897,1.759,0.88,1.191,0.838,0.57,0.00583,0.0,0.046,0,13.1,LOW
0.2092,0.019,0.8891,-3.593,3.219,2.5,4.742,4.544,0.0131,4.48,1.296,1,86.8,CRITICAL
-0.0535,0.1,1.0115,-2.789,-6.449,2.052,3.046,5.271,0.0173,7.51,1.211,1,72.8,HIGH
0.0194,0.0173,0.9983,-0.148,0.665,-2.19,0.737,0.994,0.00764,0.07,0.0,0,13.1,LOW
0.0196,0.0582,1.0127,-0.884,-1.031,-0.03,0.484,0.863,0.00553,0.0,0.0,0,11.6,LOW
-0.0545,0.137,0.9613,-4.037,-2.034,4.517,3.599,1.87,0.02792,5.09,1.077,1,63.1,HIGH
-0.0147,0.0438,0.9783,-0.543,0.374,0.104,0.85,0.356,0.0038,0.07,0.016,0,11.5,LOW
0.0201,0.0209,1.0016,-0.487,-0.264,-0.82,0.199,0.751,0.00439,0.0,0.014,0,7.0,LOW
0.0318,0.0591,1.0063,0.455,-0.24,0.711,0.0,0.817,0.00544,0.13,0.026,0,7.9,LOW
-0.0993,0.0025,0.9953,-9.1,-1.372,1.76,3.392,5.971,0.0,5.56,0.743,1,67.3,HIGH
-0.0507,0.0225,1.0157,-0.535,-1.179,-0.122,0.704,0.504,0.00526,0.17,0.0,0,11.8,LOW
-0.018,0.1004,0.9891,3.351,3.384,-2.643,3.143,1.247,0.02102,2.39,1.628,1,47.1,MEDIUM
-0.0111,0.0449,1.0124,0.476,-0.649,0.78,0.432,0.211,0.00556,0.0,0.0,0,8.4,LOW
-0.0388,0.0257,0.9841,-1.148,-0.04,-2.683,0.858,0.436,0.00367,0.0,0.071,0,14.2,LOW
0.0032,0.0753,0.9854,-0.038,0.854,-0.602,0.712,0.382,0.00523,0.0,0.0,0,10.4,LOW
0.0437,-0.0004,0.9901,-1.929,0.01,-0.964,0.895,0.53,0.00829,0.04,0.0,0,13.5,LOW
0.0045,-0.037,0.9988,-1.603,-1.782,-0.172,0.785,0.325,0.00607,0.0,0.032,0,10.3,LOW
-0.0256,-0.0402,1.0032,-1.386,1.037,-0.11,1.066,0.388,0.00698,0.0,0.0,0,11.2,LOW
-0.0492,-0.0093,0.9937,-1.977,-0.831,0.193,0.622,0.742,0.0042,0.0,0.073,0,11.6,LOW
-0.0623,-0.0206,0.9829,1.651,0.568,-1.712,0.619,0.788,0.00364,0.06,0.0,0,13.9,LOW
0.0292,-0.0171,1.0044,0.02,-1.267,0.457,0.679,0.991,0.007,0.0,0.012,0,11.7,LOW
0.0561,-0.003,1.012,-1.656,-0.953,0.373,0.459,0.587,0.00116,0.0,0.063,0,10.2,LOW
0.0076,-0.0188,1.0047,-0.002,3.896,0.601,0.771,0.288,0.00263,0.17,0.009,0,12.3,LOW
0.1779,-0.0156,0.932,-1.282,5.111,-1.287,2.759,4.856,0.00598,1.04,0.599,1,59.1,MEDIUM
-0.005,-0.0228,1.0041,-1.013,1.217,-0.116,0.0,0.23,0.00503,0.0,0.0,0,5.6,LOW
-0.0084,-0.0026,0.9849,0.155,1.372,-1.282,0.595,0.403,0.00349,0.0,0.0,0,10.9,LOW
0.0235,0.0116,0.9843,-1.196,-1.544,-1.759,0.399,0.658,0.00608,0.01,0.03,0,13.3,LOW
-0.0017,-0.0164,1.0195,0.935,-1.219,1.147,0.0,0.418,0.01007,0.0,0.054,0,11.7,LOW
0.1925,0.1005,0.8992,-5.458,1.504,1.538,6.529,3.167,0.01741,5.6,0.764,1,88.0,CRITICAL
0.0357,-0.0015,1.0174,-0.468,0.996,-0.678,0.191,0.741,0.00713,0.0,0.008,0,11.3,LOW
-0.0034,0.0315,0.9996,1.551,-0.291,-0.753,0.345,0.106,0.00456,0.23,0.011,0,6.4,LOW
-0.0935,-0.0373,1.0341,6.677,-7.972,2.332,0.0,3.992,0.02167,5.91,1.323,1,63.7,HIGH
-0.0194,-0.0014,1.001,0.621,1.288,-0.645,0.268,0.485,0.00424,0.2,0.0,0,7.2,LOW
-0.0339,-0.057,0.9938,-0.867,-0.757,-1.096,0.338,0.206,0.00641,0.0,0.0,0,7.7,LOW
-0.0091,-0.0353,1.0083,1.336,0.266,1.388,0.164,0.195,0.00572,0.11,0.056,0,8.2,LOW
0.074,-0.1216,0.9039,4.79,2.629,5.268,1.536,1.532,0.03044,2.09,0.464,1,58.5,MEDIUM
0.0022,0.013,0.9862,0.391,-1.517,-0.21,0.551,0.189,0.00706,0.03,0.057,0,10.6,LOW
0.0065,0.0359,0.9862,0.696,-0.513,0.081,0.933,0.777,0.00741,0.0,0.04,0,13.3,LOW
0.0007,-0.0066,1.0032,-0.623,1.632,-2.921,0.573,0.815,0.00633,0.11,0.082,0,13.8,LOW
0.0049,-0.0192,1.0169,-1.251,0.501,-0.548,0.391,0.756,0.00104,0.0,0.0,0,10.5,LOW
0.0022,-0.0145,0.9939,2.308,-0.403,0.2,0.289,0.304,0.00201,0.0,0.029,0,7.9,LOW
-0.0482,0.1279,0.9783,-1.218,4.923,6.121,0.0,3.269,0.01412,1.04,0.828,1,39.8,MEDIUM
-0.073,-0.0045,0.8744,-4.247,-1.545,-9.489,5.212,5.869,0.03936,2.24,0.635,1,100.0,CRITICAL
-0.0066,0.0597,1.0009,0.732,0.187,-0.04,0.422,0.454,0.00516,0.15,0.043,0,6.9,LOW
0.0353,-0.0106,1.001,0.314,1.651,-0.484,0.31,1.136,0.0028,0.0,0.046,0,9.7,LOW
-0.0119,0.0251,0.9841,-0.63,1.539,1.988,0.109,0.327,0.005,0.0,0.049,0,10.6,LOW
-0.0087,-0.0203,0.9965,-0.105,-0.486,1.22,0.802,0.44,0.00532,0.0,0.028,0,9.4,LOW
0.0056,-0.0681,0.9699,2.5,3.556,0.144,7.075,2.215,0.02356,4.09,1.715,1,73.5,HIGH
-0.0027,0.0247,0.9993,0.78,-0.02,0.68,0.813,0.0,0.00382,0.0,0.0,0,6.1,LOW
-0.0138,0.0265,0.9909,0.156,0.181,-1.003,0.714,0.355,0.00677,0.06,0.0,0,9.8,LOW
0.007,0.0075,0.9955,0.234,1.308,0.114,0.712,0.387,0.007,0.0,0.078,0,9.8,LOW
-0.0033,-0.0074,0.9998,-1.197,-0.129,0.398,0.347,0.304,0.00379,0.0,0.0,0,5.7,LOW
-0.0204,0.0133,0.9965,1.422,1.175,0.514,0.636,0.059,0.0033,0.11,0.013,0,7.6,LOW
0.0073,0.0206,0.996,-1.128,1.034,-0.128,0.602,0.0,0.0063,0.14,0.065,0,8.0,LOW
0.0189,-0.0267,0.9969,-0.642,-1.431,-0.605,0.248,0.566,0.00516,0.01,0.007,0,8.0,LOW
0.0019,-0.0367,0.9039,-4.002,4.261,-4.65,5.621,4.441,0.02788,9.17,1.031,1,100.0,CRITICAL
-0.0268,-0.0092,1.0156,-0.827,1.19,0.372,0.455,0.734,0.00682,0.0,0.011,0,12.2,LOW
-0.0267,-0.0445,1.0007,-0.627,0.529,-2.86,0.578,0.493,0.00428,0.0,0.0,0,10.2,LOW
-0.0279,0.04,0.9986,1.054,0.374,-0.85,0.298,0.747,0.00564,0.0,0.0,0,8.3,LOW
0.0331,0.0161,1.0045,0.149,0.108,-1.248,0.311,0.552,0.00288,0.0,0.0,0,7.1,LOW
0.0693,0.0095,1.0135,0.167,-0.734,-0.359,0.552,0.891,0.00406,0.32,0.0,0,11.6,LOW
-0.0162,0.0073,1.0,-0.662,-0.685,-2.717,0.644,0.932,0.00416,0.0,0.0,0,11.9,LOW
0.0364,-0.0543,0.9948,-2.142,-1.56,0.097,0.256,0.857,0.00633,0.1,0.001,0,11.6,LOW
0.0236,-0.0126,1.0043,-0.453,-0.383,-0.185,0.325,0.67,0.005,0.0,0.019,0,7.4,LOW
-0.048,0.0104,1.0143,0.389,0.595,-1.123,0.663,0.098,0.00696,0.0,0.0,0,10.0,LOW
-0.0282,-0.0622,0.9873,0.133,0.422,-1.606,0.674,0.745,0.00592,0.0,0.0,0,12.5,LOW
-0.0183,0.0243,0.9987,0.559,0.112,0.789,0.341,0.259,0.00206,0.05,0.0,0,4.8,LOW
-0.0857,0.0513,0.9379,-1.17,2.132,-2.85,2.47,0.429,0.00449,0.44,1.441,1,39.1,MEDIUM
0.0025,-0.0087,0.9773,0.029,-2.778,0.345,0.868,1.015,0.00984,0.11,0.002,0,19.5,LOW
-0.0246,-0.0039,0.9961,-0.229,1.871,-1.35,0.196,1.164,0.00378,0.05,0.031,0,11.1,LOW
-0.009,-0.0286,0.998,-0.134,-2.498,-0.941,0.336,0.554,0.00592,0.05,0.0,0,9.8,LOW
-0.0262,-0.0144,0.9981,1.173,-1.287,0.295,0.424,0.258,0.00524,0.01,0.101,0,7.9,LOW
0.0451,0.0662,0.9976,1.447,0.093,0.455,0.836,0.936,0.00653,0.0,0.008,0,11.8,LOW
-0.0692,0.0771,0.9105,-8.138,2.896,-9.94,3.486,0.002,0.01518,11.62,1.0,1,84.4,CRITICAL
-0.0415,0.0108,0.9947,-0.086,0.139,-0.106,0.839,0.868,0.00365,0.0,0.0,0,9.3,LOW
-0.0437,0.0287,1.0135,-0.965,-0.375,-0.298,0.421,0.586,0.00405,0.0,0.003,0,9.6,LOW
0.0149,0.016,1.0052,-0.377,1.198,0.91,0.295,0.127,0.00484,0.18,0.0,0,6.9,LOW
-0.0181,0.0649,0.988,-0.362,0.122,0.66,0.337,0.239,0.00497,0.07,0.0,0,7.5,LOW
0.1243,0.0861,0.9234,-5.637,1.696,0.795,0.973,2.121,0.01401,1.24,1.218,1,49.4,MEDIUM
-0.0049,-0.0401,0.9907,-3.417,0.4,1.973,1.875,2.572,0.03468,8.97,0.351,1,55.7,MEDIUM
-0.028,0.0288,0.9958,-1.893,-0.738,-0.738,0.482,0.273,0.00508,0.03,0.007,0,8.7,LOW
-0.0078,0.0613,0.9915,-0.028,1.086,-1.044,0.494,0.542,0.00495,0.0,0.099,0,10.1,LOW
-0.0082,-0.0072,1.0035,-1.682,-0.75,2.243,0.561,0.627,0.00527,0.03,0.0,0,11.4,LOW
0.0075,-0.0269,0.997,-0.096,-0.847,0.094,0.44,0.03,0.00648,0.11,0.0,0,5.9,LOW
0.0585,0.0259,0.9408,-0.607,7.36,7.591,2.334,3.22,0.01514,0.0,1.741,1,63.2,HIGH
0.0066,0.0454,1.0008,0.048,-0.176,-0.124,0.415,0.473,0.00523,0.0,0.028,0,5.8,LOW
0.0191,0.0158,1.0121,1.06,-1.609,0.531,0.814,0.347,0.00549,0.09,0.0,0,11.9,LOW
-0.0623,0.05,1.0079,-1.063,-0.037,0.253,0.742,0.044,0.0033,0.08,0.081,0,7.9,LOW
0.0596,-0.0481,0.8802,2.303,2.129,-3.982,2.065,4.543,0.01064,4.96,1.655,1,79.4,HIGH
0.0208,0.0261,0.9979,0.323,0.785,0.292,0.174,0.039,0.00511,0.0,0.0,0,4.2,LOW
-0.0506,0.0069,0.9949,1.916,0.464,-0.864,0.365,0.28,0.00729,0.01,0.05,0,9.3,LOW
0.0024,0.0112,0.9933,0.504,-0.535,-0.055,0.091,0.549,0.00246,0.07,0.02,0,6.0,LOW
0.006,-0.0106,0.9999,0.42,-0.598,-0.161,0.0,0.354,0.00727,0.01,0.0,0,4.8,LOW
-0.0235,0.0231,1.0024,1.325,1.407,1.704,0.426,0.005,0.00215,0.0,0.0,0,6.7,LOW
-0.0338,-0.0044,0.9923,-0.731,0.637,0.365,1.099,0.0,0.00874,0.14,0.011,0,10.4,LOW
0.0567,-0.0373,0.9281,-0.419,-5.844,-4.44,6.208,6.089,0.01845,4.15,1.31,1,95.0,CRITICAL
-0.0491,-0.0144,1.0138,-1.286,-1.393,1.646,0.458,0.491,0.00854,0.0,0.024,0,13.0,LOW
-0.0075,0.05,1.0122,-0.051,0.924,-0.611,0.508,0.03,0.00491,0.0,0.07,0,8.1,LOW
0.0075,-0.0152,1.0132,-0.116,0.782,-0.854,1.062,0.614,0.00399,0.0,0.0,0,12.3,LOW
-0.002,-0.0138,0.9771,0.556,0.985,-2.033,0.452,1.053,0.00891,0.0,0.0,0,16.8,LOW
0.0085,0.0324,0.986,0.631,-1.188,0.427,0.517,0.275,0.00841,0.17,0.033,0,11.1,LOW
0.0288,-0.025,0.9895,-0.298,0.515,1.088,0.0,0.219,0.0,0.0,0.0,0,4.8,LOW
-0.046,-0.0249,0.949,7.735,1.045,5.182,2.242,4.608,0.0,4.79,0.179,1,62.1,HIGH
0.0109,0.0213,0.9905,0.099,-1.627,0.522,0.504,0.6,0.00607,0.01,0.035,0,10.9,LOW
0.0027,-0.0316,1.0037,0.598,0.165,1.66,0.522,0.592,0.00388,0.0,0.078,0,9.4,LOW
-0.0403,0.0439,0.9877,1.763,-0.68,0.359,0.414,0.14,0.0068,0.25,0.0,0,10.1,LOW
-0.0132,0.024,1.0056,0.345,0.972,0.773,0.166,0.606,0.00304,0.0,0.042,0,7.3,LOW
-0.0129,0.0005,1.0098,0.742,-0.705,-0.039,0.583,0.15,0.0049,0.0,0.0,0,7.9,LOW
-0.0586,-0.0212,0.9998,0.697,0.749,2.598,0.487,0.403,0.004,0.09,0.04,0,9.4,LOW
0.0128,0.018,0.9936,-1.176,-0.992,1.126,0.791,0.792,0.00896,0.0,0.033,0,13.3,LOW
-0.0457,-0.0352,0.9921,0.839,1.404,-0.145,0.787,0.387,0.00292,0.0,0.025,0,9.7,LOW
-0.0304,-0.1085,1.0455,-1.222,-4.527,0.769,7.067,4.103,0.01219,7.83,0.419,1,82.3,CRITICAL
-0.0087,0.0257,0.9829,-0.22,0.734,-1.338,0.19,0.295,0.00584,0.15,0.024,0,9.8,LOW
0.0261,0.042,0.9947,-1.893,1.463,0.457,0.706,0.328,0.00624,0.0,0.035,0,10.9,LOW
0.0033,0.0102,1.0011,-0.506,-0.373,-0.722,0.554,0.649,0.00064,0.0,0.131,0,7.3,LOW
0.06,-0.0571,0.9917,1.11,-1.008,2.174,0.278,0.429,0.00452,0.0,0.0,0,9.8,LOW
-0.0497,-0.0084,1.0283,0.371,6.823,1.232,5.148,3.142,0.02131,4.0,0.349,1,65.4,HIGH
0.0928,-0.1011,0.9309,-0.814,-3.479,-2.867,3.687,5.586,0.01505,6.03,0.153,1,75.1,HIGH
0.0677,0.0035,1.0128,-0.114,0.419,0.699,0.239,0.487,0.00275,0.0,0.025,0,7.6,LOW
0.0325,0.0328,1.0175,0.422,-0.205,0.094,0.799,0.383,0.00451,0.09,0.0,0,10.5,LOW
0.0126,0.0275,0.9912,-1.318,-2.706,0.199,0.499,0.892,0.00561,0.0,0.0,0,13.5,LOW
-0.102,0.0614,0.9158,2.355,-3.175,4.164,1.835,6.153,0.00545,5.69,0.882,1,74.8,HIGH
0.0347,0.0155,1.0008,-1.334,-1.224,-0.982,0.255,0.574,0.00218,0.0,0.0,0,7.2,LOW
0.154,-0.0919,0.928,6.79,-5.607,-1.085,3.188,3.527,0.00717,8.55,1.152,1,79.6,HIGH
0.0512,0.028,0.9845,-1.182,-0.043,-0.049,0.675,0.592,0.0,0.0,0.009,0,10.0,LOW
-0.0098,-0.0036,0.9915,0.054,-1.281,-1.274,0.586,0.223,0.00663,0.0,0.0,0,9.6,LOW
0.0378,-0.0214,0.9912,0.528,-0.452,1.007,0.878,0.293,0.00384,0.03,0.0,0,9.5,LOW
0.0175,0.0436,0.9993,1.417,-1.266,0.698,0.465,0.365,0.0067,0.0,0.0,0,8.5,LOW
0.0295,-0.0251,1.0124,-0.961,0.896,0.275,0.97,0.697,0.00381,0.0,0.061,0,12.6,LOW
-0.0249,-0.0556,1.0041,-0.142,-0.861,0.503,0.54,0.491,0.00278,0.11,0.0,0,7.5,LOW
0.014,-0.0484,1.0103,-2.029,0.94,0.461,0.072,0.226,0.00549,0.06,0.0,0,8.4,LOW
0.013,0.0184,0.9953,0.078,0.241,0.557,0.055,0.157,0.00561,0.03,0.0,0,4.4,LOW
-0.0057,0.0015,1.0066,-2.133,-0.539,-0.032,0.264,0.813,0.00608,0.02,0.0,0,10.8,LOW
0.0078,-0.0175,0.9888,-0.265,0.511,0.942,0.0,0.35,0.00458,0.05,0.0,0,6.8,LOW
-0.0113,0.0083,1.0018,-1.725,-1.397,-0.24,0.464,0.455,0.00303,0.0,0.0,0,8.3,LOW
0.0058,0.0145,1.0136,0.136,0.85,-0.315,0.6,0.415,0.00493,0.0,0.044,0,9.9,LOW
0.0285,0.0336,0.9959,-0.717,0.34,-0.41,0.784,0.063,0.00321,0.04,0.0,0,6.6,LOW
-0.0642,-0.0192,0.9934,0.78,0.857,-0.07,0.358,0.174,0.00332,0.12,0.023,0,6.5,LOW
-0.0015,0.0069,0.9933,0.045,1.12,0.547,0.0,0.86,0.00267,0.0,0.036,0,7.6,LOW
-0.0049,-0.0099,0.9899,-0.655,-0.465,0.029,0.764,0.502,0.00138,0.09,0.0,0,8.9,LOW
0.0051,-0.0151,1.0217,1.921,0.586,-0.202,0.185,0.794,0.00248,0.05,0.0,0,12.1,LOW
-0.0611,-0.0351,0.9977,0.497,-1.15,-0.177,0.627,0.397,0.00367,0.15,0.053,0,8.1,LOW
0.0101,-0.0493,0.9988,1.355,-0.51,-1.363,0.216,0.582,0.0054,0.0,0.0,0,8.0,LOW
-0.0173,0.0551,1.0006,-1.229,1.443,1.441,0.982,0.729,0.00563,0.0,0.065,0,12.5,LOW
-0.0109,-0.0643,1.0077,0.12,-0.984,-0.311,0.125,0.337,0.00129,0.01,0.0,0,5.4,LOW
0.1491,-0.0119,1.0421,6.635,-6.123,5.611,5.066,9.138,0.00206,1.4,0.451,1,86.9,CRITICAL
0.0103,-0.0227,1.0055,1.646,1.387,-0.8,0.542,0.33,0.00568,0.0,0.002,0,9.7,LOW
0.0107,0.0553,0.9937,-1.113,0.529,0.729,0.71,0.623,0.00455,0.0,0.07,0,10.5,LOW
0.1,-0.0298,0.9171,-2.146,-2.642,2.667,6.397,1.748,0.00975,15.02,1.995,1,98.6,CRITICAL
-0.1132,-0.0366,0.9674,-6.806,6.153,-5.862,4.297,3.532,0.03135,8.17,1.137,1,85.6,CRITICAL
0.0193,-0.0596,0.9733,-2.332,-1.145,-0.255,3.433,5.855,0.01832,4.03,0.87,1,64.3,HIGH
0.0127,0.012,1.0002,-2.03,-0.577,0.202,0.515,0.799,0.00734,0.0,0.0,0,10.7,LOW
-0.0155,-0.0185,0.9887,0.677,-0.26,-0.444,0.279,0.409,0.00309,0.1,0.0,0,7.4,LOW
-0.0087,-0.0097,1.0078,1.032,-2.207,0.723,0.894,0.619,0.00503,0.0,0.016,0,13.0,LOW
-0.0031,0.0167,0.9962,0.115,-0.611,0.634,0.418,0.962,0.0056,0.13,0.0,0,9.6,LOW
0.0235,-0.0368,1.004,-1.915,0.399,-0.837,0.212,0.205,0.00734,0.07,0.026,0,8.1,LOW
-0.001,0.0082,0.9998,-0.147,-1.156,1.404,0.022,0.379,0.00542,0.0,0.045,0,6.2,LOW
0.0357,-0.0127,1.0116,-3.47,0.243,0.23,1.077,0.389,0.00768,0.0,0.083,0,16.1,LOW
0.0004,-0.0043,0.9888,-0.777,-0.272,-1.262,0.579,0.72,0.00492,0.0,0.036,0,11.4,LOW
0.0352,-0.0012,0.9943,1.458,-1.032,-0.146,0.64,0.536,0.0062,0.09,0.049,0,10.8,LOW
0.0481,0.0285,1.0139,0.952,-0.603,0.518,0.315,0.911,0.00593,0.03,0.032,0,11.5,LOW
-0.0167,0.0684,0.9958,1.25,1.002,-0.067,0.97,0.66,0.00597,0.1,0.055,0,12.0,LOW
0.0317,-0.0312,1.0185,-1.239,-0.322,0.496,0.468,0.671,0.00853,0.1,0.09,0,13.5,LOW
0.0397,0.0008,1.0144,-1.032,0.285,0.137,0.895,0.343,0.00442,0.0,0.03,0,10.9,LOW
-0.0124,0.0115,1.0019,-0.17,-0.132,-0.259,0.674,0.773,0.006,0.0,0.082,0,8.9,LOW
-0.0415,-0.0193,0.9968,-0.557,0.359,0.102,0.539,0.484,0.00273,0.0,0.0,0,6.6,LOW
-0.0281,0.008,1.0066,0.282,2.385,0.435,0.386,0.648,0.00738,0.08,0.022,0,11.6,LOW
0.038,0.009,0.9452,1.728,3.423,4.62,4.901,1.816,0.02434,7.02,0.611,1,71.2,HIGH
0.153,-0.1275,0.9638,8.267,10.175,-7.279,1.846,1.799,0.00889,0.2,1.002,1,52.4,MEDIUM
0.0094,0.0154,0.998,-0.17,-0.353,0.295,0.928,0.34,0.00027,0.05,0.0,0,6.4,LOW
0.051,-0.009,0.9958,0.17,-0.448,-0.216,0.361,0.424,0.00684,0.02,0.0,0,6.9,LOW
0.029,-0.0417,1.0115,0.072,-0.795,0.45,0.566,0.174,0.00634,0.0,0.0,0,8.5,LOW
0.0081,-0.0553,1.0085,2.693,-0.203,-0.614,0.661,0.84,0.00394,0.0,0.0,0,13.0,LOW
-0.0081,0.0311,1.0036,0.144,-0.415,1.019,0.808,0.0,0.00864,0.0,0.013,0,8.3,LOW
-0.0139,0.0141,1.0019,0.134,0.895,2.528,0.0,0.434,0.00371,0.12,0.016,0,7.6,LOW
-0.0598,-0.0021,0.9962,0.311,-0.807,-2.222,0.058,0.457,0.00161,0.0,0.081,0,7.3,LOW
-0.0112,0.0392,1.0003,-0.401,-0.931,0.505,0.116,0.445,0.00704,0.0,0.0,0,6.1,LOW
0.1657,0.0628,0.8505,-3.984,-0.004,2.014,1.288,1.336,0.01351,4.39,0.52,1,62.5,HIGH
0.0097,-0.0128,0.9894,0.78,1.005,-1.409,0.601,0.538,0.00578,0.0,0.0,0,11.3,LOW
0.0082,0.0139,0.9911,-1.221,-2.275,-0.272,0.68,0.24,0.00394,0.06,0.031,0,10.8,LOW
0.0352,0.0304,0.9813,0.082,-0.6,1.671,0.266,0.295,0.00392,0.08,0.0,0,10.0,LOW
-0.0507,0.0009,0.9969,-0.653,0.715,2.019,0.778,0.986,0.00754,0.21,0.0,0,13.7,LOW
-0.0021,0.0288,1.0095,-0.993,-0.44,-0.487,0.0,0.721,0.00534,0.0,0.0,0,8.2,LOW
-0.0203,0.0592,1.0118,0.755,0.562,1.874,1.091,0.322,0.00612,0.04,0.0,0,13.1,LOW
-0.0203,0.0165,1.0025,0.252,2.374,0.827,0.453,0.665,0.00744,0.04,0.0,0,11.1,LOW
0.0089,0.0449,1.0042,-1.325,0.218,1.22,0.253,0.027,0.00821,0.0,0.015,0,7.2,LOW
0.0617,-0.0346,0.9962,0.075,0.223,0.192,0.073,0.674,0.00293,0.0,0.016,0,5.2,LOW
-0.0114,-0.0249,1.0048,-0.291,0.842,-0.229,0.508,1.29,0.0068,0.0,0.002,0,11.6,LOW
0.0177,-0.0113,1.0181,2.159,0.979,1.907,0.601,1.063,0.00378,0.04,0.023,0,16.2,LOW
0.0206,-0.0244,1.0066,-0.429,-0.459,0.806,0.707,0.27,0.00669,0.09,0.017,0,9.0,LOW
-0.0133,0.0013,0.9997,1.417,0.631,1.468,0.135,0.149,0.00703,0.0,0.0,0,6.5,LOW
-0.084,-0.0404,0.9782,-5.243,4.41,0.447,0.0,4.262,0.02426,2.14,0.941,1,48.0,MEDIUM
-0.0227,0.0302,0.9873,0.608,-1.007,0.121,0.406,0.787,0.00047,0.03,0.0,0,9.3,LOW
-0.0055,-0.0346,0.9838,-0.412,0.625,-0.162,0.415,0.723,0.0064,0.13,0.0,0,11.1,LOW
-0.0834,-0.006,1.0021,0.564,1.286,-0.048,1.496,0.162,0.00695,0.0,0.051,0,11.5,LOW
-0.0009,0.0026,0.9865,1.451,0.118,1.043,0.781,0.441,0.00238,0.1,0.0,0,11.2,LOW
-0.0088,0.0159,1.0108,-0.117,-1.146,0.281,0.273,0.163,0.00447,0.12,0.0,0,7.3,LOW
-0.0699,-0.0088,0.9417,-5.532,-3.562,5.866,4.868,3.544,0.00774,7.05,0.768,1,78.8,HIGH
-0.0161,-0.0322,0.9962,1.049,0.194,0.048,0.796,0.2,0.00471,0.08,0.001,0,7.9,LOW
0.0046,-0.0013,0.991,0.543,-0.657,0.041,0.699,0.528,0.00697,0.07,0.081,0,10.6,LOW
0.0093,-0.0336,1.0014,1.276,0.591,-1.843,0.192,0.58,0.00397,0.04,0.0,0,8.1,LOW
0.1119,-0.0259,0.9675,-2.854,6.936,3.878,6.0,4.303,0.01547,1.28,0.389,1,69.5,HIGH
0.0366,0.0088,1.0201,0.185,0.829,-2.294,0.876,0.829,0.0084,0.05,0.03,0,17.3,LOW
0.0672,0.0161,0.9957,0.946,0.24,-1.041,0.982,0.279,0.00533,0.04,0.051,0,10.0,LOW
0.0955,0.0618,0.9385,-2.899,2.628,-1.511,0.0,1.213,0.02192,7.47,0.8,1,49.0,MEDIUM
-0.0033,0.0436,0.9793,3.983,-0.789,3.369,6.044,2.679,0.02152,1.13,0.785,1,59.6,MEDIUM
-0.0313,-0.0013,0.9879,0.639,1.143,0.453,0.58,0.512,0.00534,0.1,0.059,0,11.0,LOW
-0.0124,-0.0053,0.9887,-0.017,-1.013,1.581,0.334,0.801,0.0051,0.0,0.031,0,11.3,LOW
0.0209,0.0358,0.9984,-0.637,-0.968,0.47,0.357,0.305,0.00537,0.0,0.0,0,6.5,LOW
-0.0215,0.0187,1.0067,-0.376,-0.303,0.482,0.587,0.0,0.00255,0.07,0.018,0,5.7,LOW
-0.0219,0.0183,1.0112,-0.723,-0.074,-1.027,0.372,0.453,0.007,0.0,0.059,0,9.8,LOW
0.0053,0.0297,1.0049,0.256,-0.73,1.35,0.985,0.56,0.00667,0.0,0.075,0,11.9,LOW
-0.0297,0.0085,0.9962,-0.081,0.301,0.16,0.015,0.544,0.00422,0.0,0.0,0,4.8,LOW
0.011,0.0229,1.0011,-0.163,-1.027,0.382,0.489,0.78,0.0073,0.0,0.0,0,9.1,LOW
-0.0194,-0.0435,0.9948,-0.855,0.318,1.765,0.978,0.292,0.00763,0.05,0.007,0,11.5,LOW
0.0055,0.0115,1.0136,0.906,-1.097,-0.486,0.603,0.615,0.00116,0.0,0.0,0,10.2,LOW
-0.0112,0.0477,0.9887,-1.109,-0.537,0.019,0.491,0.454,0.00043,0.0,0.0,0,8.0,LOW
-0.034,-0.017,1.0024,0.59,1.026,0.161,0.758,0.217,0.00507,0.0,0.04,0,7.9,LOW
0.2029,0.1265,0.9587,-1.664,-1.235,1.233,3.368,3.393,0.02659,4.33,0.908,1,60.1,HIGH
0.0318,-0.0368,0.9927,-0.439,0.275,0.99,0.09,0.349,0.00466,0.15,0.0,0,6.6,LOW
-0.057,0.0931,0.9066,-5.094,-7.276,0.416,3.931,5.961,0.02477,11.23,1.944,1,100.0,CRITICAL
-0.0896,-0.0229,0.8784,-0.776,3.508,2.502,4.528,2.074,0.00631,5.06,1.128,1,74.9,HIGH
-0.1108,0.0356,0.9619,0.478,-0.827,1.664,2.99,4.129,0.00307,1.83,0.779,1,47.5,MEDIUM
0.0037,0.0307,0.99,0.624,-1.386,0.988,0.51,0.654,0.00457,0.0,0.0,0,10.7,LOW
-0.0313,-0.0219,0.9917,-1.174,0.445,0.243,0.361,0.42,0.00774,0.07,0.0,0,9.2,LOW
-0.1151,-0.0374,0.9782,-1.255,-0.488,-8.151,1.742,2.834,0.0285,4.19,0.456,1,54.3,MEDIUM
0.0379,-0.0242,1.0024,-0.693,0.153,0.486,0.302,0.0,0.0078,0.11,0.0,0,5.5,LOW
-0.0224,0.039,1.0021,-0.848,0.65,0.452,0.44,0.645,0.00673,0.19,0.0,0,8.9,LOW
-0.0755,-0.0233,1.0073,1.293,0.111,0.205,0.06,0.279,0.00597,0.11,0.008,0,6.8,LOW
0.011,0.0007,0.9991,0.393,2.03,-0.034,0.444,0.241,0.00326,0.09,0.0,0,7.2,LOW
0.0047,0.0415,1.0041,-0.939,-0.374,1.426,0.634,0.802,0.00653,0.09,0.082,0,11.7,LOW
0.0116,-0.0182,0.9813,1.799,-0.672,-1.439,0.698,0.986,0.00628,0.14,0.0,0,16.2,LOW
-0.0156,0.0272,0.979,-1.319,0.859,0.194,0.438,1.434,0.00676,0.07,0.086,0,16.7,LOW
-0.0797,0.0017,1.0069,3.48,0.286,-0.127,0.696,0.742,0.00579,0.0,0.0,0,14.1,LOW
0.0,-0.0355,1.0115,-1.029,-1.026,-1.39,1.012,0.359,0.0023,0.0,0.0,0,11.5,LOW
-0.0398,0.0027,1.0044,0.062,0.301,-0.885,0.71,0.736,0.00755,0.0,0.0,0,10.3,LOW
-0.015,-0.0016,1.0012,-0.895,-0.567,-0.72,0.61,0.137,0.00399,0.0,0.0,0,6.3,LOW
0.0061,0.0132,1.0062,-1.379,0.562,0.122,0.28,0.494,0.00297,0.0,0.0,0,7.5,LOW
0.0035,0.0202,0.9942,-0.942,2.854,-0.796,0.0,0.479,0.00877,0.0,0.0,0,10.4,LOW
0.0097,0.0257,0.929,9.439,-0.098,3.09,1.51,2.915,0.02612,0.0,0.907,1,59.2,MEDIUM
-0.0387,0.031,1.0174,0.589,1.797,-0.399,0.001,0.124,0.0083,0.0,0.006,0,9.4,LOW
-0.0063,0.013,1.0085,-1.734,-0.459,0.032,0.675,1.017,0.00364,0.0,0.0,0,12.3,LOW
-0.0234,-0.0034,0.9875,-1.348,-0.941,1.474,0.611,0.993,0.00613,0.05,0.0,0,14.2,LOW
0.045,-0.0412,0.9838,-0.39,-2.442,1.913,0.497,0.722,0.00383,0.18,0.01,0,14.4,LOW
-0.1854,-0.0654,1.0173,2.374,6.143,3.902,6.373,5.597,0.02218,4.7,1.508,1,86.4,CRITICAL
-0.0159,0.0212,0.856,-0.759,-2.494,2.263,4.276,2.55,0.04029,9.27,0.694,1,95.4,CRITICAL
0.0187,0.0069,1.0,0.651,1.532,2.383,0.431,0.365,0.0071,0.0,0.05,0,9.9,LOW
0.0444,-0.0275,1.0117,0.161,-1.237,0.227,0.535,0.623,0.0042,0.03,0.001,0,10.2,LOW
0.0019,0.0143,0.977,-0.807,0.521,-0.124,0.387,0.235,0.00463,0.0,0.0,0,9.9,LOW
0.0201,0.0284,1.0132,0.612,-0.23,0.745,0.406,0.0,0.00706,0.09,0.041,0,8.3,LOW
0.0151,-0.0003,1.0069,1.917,0.757,0.042,0.451,0.093,0.00468,0.15,0.0,0,8.4,LOW
0.0223,0.0169,0.9948,0.29,0.924,-0.205,0.546,0.788,0.00513,0.11,0.0,0,9.6,LOW
-0.057,-0.0104,0.9956,0.391,0.215,-0.277,0.198,0.78,0.004,0.0,0.0,0,6.8,LOW
0.0279,0.0206,1.0078,-0.258,0.272,0.863,1.17,0.372,0.00463,0.12,0.0,0,10.8,LOW
0.0234,0.0102,1.0002,-0.049,-0.229,0.308,0.403,0.553,0.01056,0.0,0.0,0,7.6,LOW
-0.0334,0.0057,0.9939,-1.025,0.692,2.047,0.586,0.562,0.00388,0.03,0.0,0,10.6,LOW
-0.0434,-0.0269,1.0024,-0.077,1.321,-0.314,0.288,0.855,0.00376,0.04,0.0,0,8.3,LOW
0.2756,0.0151,0.9733,-4.252,-1.139,2.546,2.063,4.47,0.00369,0.0,0.255,1,41.5,MEDIUM
0.0163,-0.0121,1.0153,0.453,0.405,0.881,0.762,0.832,0.00403,0.0,0.041,0,12.5,LOW
-0.0199,0.0031,0.9939,0.79,1.368,-1.176,0.548,0.057,0.00701,0.03,0.079,0,9.2,LOW
0.0347,-0.0426,0.994,0.837,0.216,0.261,0.223,0.355,0.0055,0.03,0.0,0,6.6,LOW
0.0308,-0.0147,0.995,-0.372,0.021,-1.476,0.458,0.858,0.00585,0.12,0.063,0,10.9,LOW
0.0239,-0.0024,1.0037,-1.327,1.127,0.364,0.508,0.15,0.00497,0.0,0.084,0,8.0,LOW
-0.0046,0.0292,0.9961,0.736,1.251,-1.374,0.506,0.0,0.00506,0.02,0.14,0,8.1,LOW
-0.0226,0.0088,0.9974,-0.887,-0.15,-2.089,0.583,0.182,0.00291,0.1,0.0,0,8.1,LOW
-0.0354,0.0046,0.9875,-0.349,0.57,-0.383,0.638,0.164,0.00441,0.0,0.0,0,8.2,LOW
0.0042,0.0437,0.9918,-0.584,-1.86,1.17,0.0,0.0,0.00507,0.17,0.0,0,6.9,LOW
0.0,-0.0047,1.0086,-0.351,-0.259,-0.724,0.611,1.149,0.0033,0.0,0.026,0,11.1,LOW
-0.0098,0.0315,1.0056,-0.373,1.188,1.826,0.875,0.37,0.00354,0.0,0.018,0,10.6,LOW
-0.037,0.0092,1.0036,-1.528,-0.087,-1.297,0.15,0.306,0.00748,0.06,0.0,0,7.9,LOW
-0.002,0.0102,0.9862,-1.745,-1.016,-0.827,0.249,0.0,0.0078,0.03,0.04,0,9.6,LOW
-0.0454,0.0065,1.0069,1.487,0.988,-0.744,0.612,0.333,0.00157,0.0,0.0,0,8.5,LOW
-0.015,0.0327,0.872,6.936,7.736,3.865,6.566,3.078,0.01804,3.92,0.356,1,95.8,CRITICAL
-0.0101,-0.033,1.0052,-1.088,0.138,0.788,0.934,0.3,0.00435,0.05,0.037,0,9.6,LOW
-0.0546,-0.0928,0.9069,-5.303,6.458,5.724,1.98,5.137,0.02481,6.18,0.793,1,86.0,CRITICAL
-0.0051,0.0257,1.0026,-0.001,1.063,0.806,0.425,0.561,0.00154,0.0,0.0,0,6.9,LOW
0.0119,-0.0145,1.0099,-0.986,1.307,-0.65,0.516,0.347,0.0087,0.01,0.0,0,10.7,LOW
-0.0459,0.0144,1.0015,-0.843,-0.689,-0.446,1.027,0.432,0.00151,0.0,0.0,0,8.4,LOW
-0.0189,0.0152,0.9942,1.446,-0.908,2.783,0.459,0.018,0.00324,0.0,0.0,0,8.9,LOW
-0.0293,0.0107,0.9995,-1.557,-0.079,0.921,0.54,0.595,0.00224,0.18,0.0,0,8.4,LOW
0.0354,0.0288,1.0108,-0.269,0.208,-0.488,0.0,0.719,0.00549,0.0,0.0,0,7.6,LOW
-0.0025,-0.0023,1.0155,-0.027,-0.26,1.884,0.463,1.014,0.00493,0.08,0.0,0,13.5,LOW
-0.0628,0.0391,1.0189,1.029,0.09,-2.009,0.24,0.867,0.00454,0.0,0.0,0,13.0,LOW
-0.0719,0.0073,0.9678,2.071,-3.445,-4.96,3.564,3.813,0.01063,4.85,0.567,1,61.2,HIGH
0.0702,-0.0582,0.9552,0.257,2.257,6.105,5.485,2.39,0.02658,8.47,1.764,1,84.0,CRITICAL
-0.0273,0.0075,0.9962,0.492,1.303,0.242,0.929,1.018,0.00975,0.0,0.0,0,13.6,LOW
-0.0166,-0.0589,1.0053,-1.502,-1.627,-1.802,0.647,0.637,0.00373,0.0,0.103,0,12.1,LOW
0.0159,0.0106,1.0083,0.351,-0.983,1.15,0.306,0.413,0.00502,0.0,0.033,0,8.5,LOW
0.0476,0.0013,0.9927,0.31,-0.056,0.489,0.879,0.439,0.00609,0.0,0.025,0,9.6,LOW
-0.0006,0.0499,0.9918,0.398,0.121,-1.199,0.0,0.463,0.00585,0.1,0.028,0,7.5,LOW
-0.0456,-0.0253,0.9938,-1.596,-0.297,-1.104,1.088,0.618,0.00233,0.17,0.0,0,12.0,LOW
0.0021,-0.005,0.9817,5.385,1.674,2.985,1.122,1.787,0.00176,9.74,0.836,1,49.1,MEDIUM
-0.0312,0.012,1.0066,-0.704,0.175,-0.639,0.478,0.606,0.00676,0.11,0.06,0,9.7,LOW
0.0024,0.0472,1.0038,6.48,-3.548,-8.78,4.004,2.608,0.02746,2.33,1.15,1,63.1,HIGH
-0.0179,-0.0609,0.9896,-10.313,1.074,4.265,0.207,5.391,0.03285,3.23,0.98,1,62.5,HIGH
0.0014,0.0462,0.9908,0.076,-1.614,-0.655,0.51,0.355,0.00648,0.0,0.0,0,9.9,LOW
0.2809,-0.0125,0.9356,-4.773,-4.935,4.895,1.842,3.673,0.03087,5.73,0.876,1,72.7,HIGH
0.0033,0.0685,1.0058,1.073,1.092,-0.295,0.885,0.259,0.00635,0.0,0.08,0,10.4,LOW
0.0263,0.0266,1.0176,0.63,1.365,-1.828,0.343,0.456,0.0026,0.14,0.063,0,11.6,LOW
-0.0021,-0.0305,0.993,-0.364,-1.804,0.422,1.061,0.352,0.00621,0.03,0.022,0,11.9,LOW
-0.0053,0.0418,1.0031,-0.329,0.224,-0.838,0.2,0.0,0.00455,0.0,0.039,0,4.4,LOW
-0.044,0.0408,0.9448,3.144,-6.265,-2.604,3.943,0.0,0.01705,9.19,1.383,1,68.4,HIGH
0.0608,-0.0141,1.0068,0.299,-0.585,0.058,0.314,0.656,0.01079,0.01,0.0,0,9.5,LOW
-0.0317,0.0309,0.994,0.528,1.406,1.606,0.527,0.489,0.00627,0.0,0.0,0,10.4,LOW
-0.0621,0.0941,1.0071,-2.756,-1.852,-1.558,5.729,2.328,0.03915,6.81,0.701,1,68.0,HIGH
-0.0275,-0.0199,1.0089,-1.406,-0.691,-0.777,0.399,0.592,0.00384,0.08,0.0,0,9.7,LOW
0.0138,0.0486,0.9911,-1.614,-0.551,0.692,0.16,0.078,0.00375,0.0,0.011,0,6.7,LOW
-0.0002,-0.0355,1.0027,-0.434,0.898,0.363,0.389,0.293,0.00574,0.03,0.0,0,6.6,LOW
0.0167,-0.0234,0.9891,0.161,1.24,0.658,0.436,0.274,0.00379,0.19,0.056,0,8.9,LOW
0.0116,-0.0066,0.9931,0.076,0.7,0.585,0.916,0.719,0.00581,0.0,0.0,0,11.0,LOW
-0.0162,0.003,1.0047,0.839,-1.302,1.005,0.416,0.284,0.00379,0.0,0.0,0,7.6,LOW
-0.1724,0.0496,0.9554,8.729,3.054,5.632,6.787,3.165,0.01011,7.36,0.901,1,87.2,CRITICAL
0.0068,-0.0374,0.9939,-0.282,-2.27,1.285,0.715,0.0,0.01052,0.0,0.056,0,11.5,LOW
-0.1389,-0.0151,1.0149,6.223,3.769,-4.954,4.076,4.46,0.00831,6.92,0.857,1,70.9,HIGH
0.0006,-0.0086,0.9919,-0.395,-0.843,-0.2,0.248,0.288,0.00314,0.13,0.084,0,6.8,LOW
-0.0037,0.0131,0.9849,0.448,1.708,0.365,0.831,0.864,0.00645,0.02,0.0,0,14.5,LOW
-0.0038,0.0313,0.9961,-0.014,-0.607,-0.561,0.401,0.612,0.0043,0.13,0.0,0,7.6,LOW
0.0211,0.002,0.9796,-0.645,0.132,0.574,0.581,0.484,0.0012,0.0,0.0,0,10.0,LOW
-0.0238,0.082,0.9741,-4.494,4.082,3.786,4.977,0.946,0.02575,3.51,0.994,1,59.3,MEDIUM
0.07,0.0887,0.8877,-0.991,-3.987,-0.055,5.21,6.253,0.02201,4.8,0.744,1,94.4,CRITICAL
-0.0505,-0.0028,0.9994,0.079,-1.06,1.155,0.705,0.915,0.00525,0.11,0.0,0,10.7,LOW
-0.0072,0.0152,0.9829,1.004,0.697,0.922,0.355,0.0,0.00218,0.04,0.035,0,8.0,LOW
-0.0844,0.1634,0.8987,-7.884,7.324,-2.306,5.055,3.244,0.01567,10.08,1.678,1,100.0,CRITICAL
0.0285,-0.0055,1.0073,0.218,-0.017,1.836,0.36,0.447,0.00923,0.0,0.0,0,10.2,LOW
0.0314,0.0015,1.0011,0.881,-1.184,-0.858,0.848,0.336,0.00624,0.0,0.0,0,9.4,LOW
0.0457,-0.0017,0.9984,-1.13,0.491,-0.465,0.805,0.686,0.0025,0.0,0.0,0,9.0,LOW
-0.0321,-0.012,0.9989,0.349,-0.666,-2.377,0.275,0.944,0.00236,0.1,0.056,0,10.0,LOW
0.0002,-0.024,0.9997,-1.107,-2.019,-0.055,0.518,0.869,0.0,0.06,0.0,0,9.2,LOW
0.0257,-0.0003,0.9984,-3.412,-0.81,0.849,0.714,0.597,0.00774,0.2,0.041,0,13.9,LOW
0.0078,0.0291,1.0034,0.066,-1.895,0.082,0.797,0.73,0.00516,0.12,0.0,0,11.4,LOW
-0.0383,0.1435,0.9614,7.182,3.269,3.698,3.017,7.281,0.03077,5.0,0.584,1,84.1,CRITICAL
-0.0689,-0.0478,1.0271,1.716,-0.198,-0.556,0.374,0.623,0.00455,0.0,0.0,0,13.5,LOW
0.0471,0.0313,0.9866,0.238,2.717,0.191,0.625,0.436,0.00456,0.0,0.069,0,12.7,LOW
-0.0713,0.0202,1.0091,-0.214,-1.063,-1.107,0.864,0.667,0.00601,0.19,0.072,0,12.8,LOW
-0.044,-0.1227,0.9471,10.027,1.356,8.42,2.638,2.598,0.00693,2.65,1.143,1,64.4,HIGH
0.0524,0.016,1.0061,-0.555,-1.067,1.708,0.965,1.099,0.00596,0.0,0.0,0,14.4,LOW
0.0152,-0.0064,1.0042,-0.339,-0.469,-1.38,0.194,0.278,0.0013,0.06,0.125,0,6.1,LOW
0.0324,0.0469,1.007,0.735,-2.333,1.464,0.196,0.226,0.00786,0.0,0.0,0,9.7,LOW
-0.0137,-0.0162,1.0137,0.919,0.371,0.681,0.49,0.178,0.00617,0.02,0.069,0,9.5,LOW
0.0332,0.046,0.9928,-0.124,-0.16,-0.33,0.0,0.505,0.0029,0.09,0.0,0,5.1,LOW
0.0879,0.0055,0.9059,-12.712,2.566,1.649,9.461,4.72,0.01672,3.86,0.607,1,100.0,CRITICAL
0.0561,-0.048,1.0176,5.393,6.112,-3.578,6.266,5.434,0.01589,0.57,1.126,1,75.2,HIGH
-0.0023,-0.0181,0.9967,-1.275,2.591,0.029,0.552,0.838,0.0047,0.0,0.047,0,12.2,LOW
-0.0416,-0.0301,1.0173,0.936,0.148,0.908,0.571,0.903,0.00534,0.0,0.0,0,12.9,LOW
0.014,-0.0428,0.9968,0.979,1.171,-0.212,0.157,0.341,0.00498,0.0,0.0,0,6.4,LOW
0.0397,-0.0087,0.9911,0.649,-0.027,0.6,0.77,0.298,0.00653,0.13,0.0,0,9.6,LOW
0.0141,-0.0139,0.9816,1.885,-2.622,-0.583,0.288,0.519,0.006,0.12,0.01,0,13.9,LOW
0.0194,-0.0464,1.0105,-1.332,-0.699,0.973,0.802,0.514,0.00363,0.0,0.0,0,11.1,LOW
0.0191,0.0605,1.0101,-0.003,0.821,-1.706,0.0,0.333,0.00638,0.02,0.014,0,8.2,LOW
-0.0287,0.0359,0.9831,-0.106,-0.467,-0.636,0.0,0.298,0.00564,0.0,0.0,0,7.5,LOW
-0.0048,0.0281,0.996,0.982,0.001,-1.249,0.424,0.41,0.00746,0.01,0.0,0,8.8,LOW
0.0145,-0.0164,0.9893,1.764,-0.335,1.858,0.329,0.19,0.00344,0.1,0.0,0,9.3,LOW
0.0062,-0.0082,1.0175,-0.822,1.457,-0.825,0.117,0.784,0.00431,0.0,0.033,0,11.4,LOW
-0.0511,0.0073,1.0078,0.178,0.059,-0.813,0.785,0.832,0.00387,0.0,0.033,0,10.6,LOW
-0.018,-0.0502,0.955,-0.07,0.734,-5.429,4.871,5.063,0.01228,1.99,0.809,1,68.7,HIGH
0.0449,0.0419,0.9811,-0.559,-0.603,-1.054,0.899,0.393,0.00365,0.0,0.012,0,12.1,LOW
0.0178,0.0035,0.9921,0.396,1.018,1.438,0.41,0.411,0.00369,0.0,0.04,0,8.9,LOW
-0.0044,0.0411,1.0059,1.033,1.166,-1.239,0.647,0.347,0.00238,0.15,0.031,0,9.3,LOW
-0.001,0.0246,1.0061,0.484,-1.148,0.247,0.32,0.939,0.00371,0.0,0.03,0,9.4,LOW
0.0328,0.0187,0.9904,0.673,0.314,-0.913,0.85,0.314,0.00207,0.0,0.005,0,9.0,LOW
0.0088,0.03,1.0006,0.197,-0.932,-0.357,0.507,0.619,0.00652,0.0,0.0,0,8.1,LOW
0.021,-0.0047,0.9943,-1.573,-0.441,0.319,0.479,0.832,0.00978,0.0,0.046,0,12.0,LOW
0.0629,-0.041,0.9998,0.117,-0.229,-0.393,0.388,0.795,0.00252,0.1,0.066,0,6.8,LOW
0.0156,-0.0312,1.0032,1.605,-1.819,0.971,0.34,0.541,0.00216,0.0,0.01,0,8.8,LOW
-0.0212,0.0508,1.0004,0.803,-0.451,-1.819,0.469,0.775,0.00344,0.0,0.0,0,9.1,LOW
-0.0188,0.0408,1.0011,-0.797,1.398,0.034,0.836,0.479,0.00766,0.0,0.045,0,10.4,LOW
-0.0349,0.0598,0.9714,9.763,-4.721,-1.988,2.95,1.484,0.02695,10.23,0.654,1,71.8,HIGH
0.0436,0.0246,0.9902,-1.547,1.21,0.452,1.2,0.301,0.00517,0.0,0.0,0,12.5,LOW
-0.04,0.0224,1.0128,-0.111,-0.048,-0.668,0.66,0.568,0.00551,0.0,0.0,0,10.1,LOW
-0.0283,0.0416,0.9952,-0.236,1.698,-0.931,1.159,0.216,0.00511,0.0,0.0,0,10.9,LOW
-0.1378,-0.0448,1.0048,-2.332,-6.817,-0.06,4.52,5.89,0.00259,5.65,0.46,1,67.8,HIGH
-0.036,0.0001,1.0077,0.043,1.967,0.758,0.975,0.991,0.00432,0.06,0.002,0,14.0,LOW
-0.0163,0.0089,0.9989,1.901,-1.21,1.143,0.693,0.261,0.00855,0.0,0.034,0,10.6,LOW
-0.0335,0.0112,1.0009,-0.796,1.269,-0.402,0.56,0.429,0.00588,0.11,0.0,0,8.4,LOW
-0.0324,-0.0435,0.9927,0.2,-0.797,-0.88,0.019,0.485,0.00476,0.0,0.011,0,6.8,LOW
-0.0264,0.042,1.0028,-1.454,-0.051,0.337,0.073,0.0,0.00184,0.0,0.0,0,3.6,LOW
-0.0356,-0.0216,1.0128,1.303,0.205,-0.428,0.482,0.309,0.01117,0.1,0.0,0,11.4,LOW
-0.0139,-0.0044,1.0026,-1.557,0.099,0.989,0.116,0.572,0.00687,0.09,0.0,0,8.3,LOW
-0.0143,-0.0357,0.9964,0.683,1.06,0.19,0.684,1.002,0.00524,0.0,0.0,0,10.9,LOW
-0.0004,0.0111,1.0008,-1.094,-0.439,1.153,0.076,0.785,0.00374,0.13,0.004,0,7.5,LOW
-0.0075,-0.0387,1.0027,-0.712,-0.527,-0.625,0.293,0.324,0.00495,0.0,0.0,0,6.1,LOW
-0.0219,-0.0305,0.8895,3.76,-8.717,-1.018,5.173,4.639,0.00179,8.65,1.421,1,100.0,CRITICAL
-0.0152,0.0208,1.0054,1.22,0.808,-0.044,0.388,0.531,0.00208,0.01,0.0,0,7.6,LOW
-0.0086,-0.0073,0.8735,-4.019,0.359,-2.805,4.102,1.001,0.00832,5.94,0.747,1,71.2,HIGH
0.0297,-0.0011,0.9975,0.224,0.108,0.86,0.54,0.695,0.00099,0.09,0.0,0,7.3,LOW
-0.0018,-0.0276,0.9897,0.655,-1.207,-0.795,0.807,0.711,0.00683,0.0,0.11,0,13.1,LOW
-0.0345,-0.0377,1.0007,-0.399,-1.202,0.799,0.781,0.441,0.00854,0.0,0.031,0,10.0,LOW
0.0421,0.0215,0.9967,1.649,1.87,-0.914,0.052,0.527,0.00308,0.02,0.0,0,7.9,LOW
0.0457,-0.0099,0.9842,-0.541,0.755,-0.377,0.636,0.8,0.00714,0.0,0.0,0,12.5,LOW
-0.0159,0.0343,1.0105,-0.615,0.871,-0.414,0.706,0.064,0.00808,0.0,0.106,0,9.8,LOW
-0.0267,0.0023,1.0163,0.783,-1.933,-0.441,0.638,0.899,0.00404,0.03,0.013,0,13.9,LOW
-0.0446,-0.0614,1.0119,0.074,-0.168,0.984,0.542,0.571,0.00739,0.0,0.057,0,10.8,LOW
-0.023,0.0197,1.0018,-0.765,0.182,0.383,0.125,0.801,0.0036,0.0,0.0,0,6.5,LOW
-0.0116,-0.0252,0.9889,0.227,0.192,-0.696,0.896,0.121,0.00149,0.0,0.0,0,7.9,LOW
-0.0132,-0.0111,0.9991,0.256,-0.504,1.871,0.296,0.0,0.00768,0.0,0.015,0,6.7,LOW
-0.0018,-0.0158,1.0041,-0.229,-0.583,-0.032,0.57,0.359,0.0052,0.07,0.0,0,7.2,LOW
0.0081,0.0125,1.0006,0.198,-1.41,0.185,0.174,0.653,0.00606,0.0,0.102,0,7.9,LOW
-0.035,-0.0115,1.0032,0.841,0.201,-0.028,1.002,0.588,0.00557,0.0,0.005,0,10.0,LOW
0.008,-0.0429,0.9295,4.899,8.368,12.196,5.285,3.88,0.01308,4.88,1.163,1,93.6,CRITICAL
0.1184,-0.0705,0.9507,-4.101,0.815,-5.092,4.631,5.564,0.01103,0.69,1.41,1,72.3,HIGH
0.0637,0.07,0.9494,-11.755,3.793,3.988,3.49,3.976,0.0171,8.19,1.253,1,87.2,CRITICAL
0.0163,-0.0248,0.8884,-2.428,-1.558,0.805,6.227,6.185,0.02428,5.31,0.603,1,97.4,CRITICAL
0.0481,-0.0716,0.9811,-8.083,1.586,1.789,1.305,6.761,0.02605,2.19,1.093,1,66.3,HIGH
-0.0307,-0.0016,1.005,0.821,0.407,-0.751,0.459,0.62,0.00267,0.0,0.014,0,8.0,LOW
0.0064,-0.0646,1.0086,1.086,-1.841,-1.672,0.681,0.568,0.00393,0.0,0.0,0,12.0,LOW
-0.0253,-0.2262,0.9393,-3.778,2.662,-0.249,1.729,2.695,0.0305,7.97,1.65,1,70.1,HIGH
0.0167,-0.0281,1.0115,-0.223,-1.239,-1.063,0.123,0.504,0.00541,0.0,0.0,0,8.9,LOW
-0.0113,-0.0414,0.9946,0.458,0.084,0.901,0.793,0.451,0.00667,0.16,0.0,0,9.9,LOW
0.0198,0.1023,1.0006,-6.713,-7.128,-8.286,2.503,2.567,0.02371,7.92,1.492,1,70.1,HIGH
0.013,0.0213,0.9903,-0.074,-0.643,1.079,0.223,0.883,0.00741,0.0,0.0,0,10.5,LOW
0.0046,0.0433,1.0066,0.551,-0.277,0.144,0.099,0.288,0.00733,0.12,0.003,0,6.3,LOW
0.01,0.0241,0.9869,-0.586,-0.253,0.066,0.685,0.367,0.00582,0.01,0.0,0,9.6,LOW
0.0432,-0.0362,0.9859,-0.193,-0.565,1.725,1.038,0.8,0.00669,0.0,0.0,0,14.9,LOW
-0.011,-0.0004,0.9991,1.178,-0.439,1.3,0.583,0.34,0.00481,0.0,0.009,0,8.1,LOW
-0.0166,-0.002,1.0129,-0.902,-0.635,-0.069,1.106,1.028,0.00236,0.0,0.048,0,13.7,LOW
0.0444,-0.0149,0.9931,-0.133,-0.441,-0.025,0.951,0.525,0.00427,0.0,0.096,0,9.7,LOW
-0.0411,-0.0193,0.9975,1.064,0.104,-1.052,0.385,0.296,0.00187,0.04,0.0,0,6.1,LOW
0.0078,0.0251,0.9921,0.337,0.798,2.019,0.683,0.923,0.00391,0.18,0.0,0,12.8,LOW
0.0089,0.0265,1.0051,0.62,0.021,-0.024,0.564,0.281,0.00192,0.0,0.021,0,6.0,LOW
-0.0036,-0.0373,1.0073,-0.701,-0.261,-0.419,0.441,0.293,0.0044,0.0,0.086,0,7.4,LOW
0.0055,0.0399,0.9662,0.855,-4.03,4.229,4.346,7.554,0.00141,4.39,1.214,1,78.5,HIGH
0.0512,0.0546,0.8898,-4.482,-2.894,6.681,4.383,3.026,0.02619,1.1,1.977,1,84.4,CRITICAL
-0.0135,0.0052,1.0084,-3.35,0.813,0.498,0.909,0.671,0.00523,0.02,0.009,0,14.9,LOW
-0.0367,0.0169,1.0001,-1.748,0.616,1.187,0.463,0.791,0.00354,0.05,0.0,0,9.5,LOW
-0.0072,0.0397,1.0149,0.905,0.016,0.55,0.567,0.887,0.00307,0.0,0.0,0,11.3,LOW
-0.0326,-0.0099,0.9963,1.272,1.22,-0.665,0.0,0.466,0.00418,0.07,0.009,0,6.9,LOW
-0.0583,-0.006,0.9619,-4.139,4.114,13.548,3.871,10.114,0.01726,5.61,1.408,1,100.0,CRITICAL
0.0386,-0.0142,1.0127,0.179,-0.998,1.114,0.603,0.581,0.00466,0.0,0.0,0,10.9,LOW
-0.0067,-0.0847,0.97,0.908,-1.372,1.219,0.3,0.479,0.00315,0.0,0.025,0,13.3,LOW
-0.0633,0.0033,0.9924,-0.727,2.345,0.3,0.473,0.773,0.00544,0.0,0.0,0,11.8,LOW
-0.0422,-0.082,0.92,3.406,2.978,-7.29,3.018,6.006,0.01925,3.79,0.401,1,80.3,CRITICAL
-0.0606,-0.031,1.0002,0.614,-0.703,0.144,0.428,1.031,0.00385,0.0,0.011,0,8.5,LOW
0.0139,0.0224,0.8898,-2.462,5.529,5.852,4.665,7.89,0.03482,5.31,0.523,1,100.0,CRITICAL
0.0166,0.0405,0.9885,0.149,0.304,-1.448,0.552,0.703,0.00189,0.05,0.051,0,10.5,LOW
-0.0046,-0.0402,0.9955,-0.524,-1.135,0.999,0.587,0.803,0.00841,0.08,0.018,0,11.6,LOW
0.0832,0.0474,0.9061,0.583,4.615,-3.701,0.0,4.139,0.00802,2.42,0.284,1,52.9,MEDIUM
-0.0387,-0.0104,0.9404,1.503,7.921,13.693,2.92,1.229,0.03746,2.76,0.583,1,72.0,HIGH
-0.0074,-0.006,1.0058,0.507,0.903,-0.119,0.564,0.4,0.00149,0.0,0.0,0,7.0,LOW
-0.0293,0.0043,1.0074,1.078,-0.009,1.728,0.358,0.102,0.00308,0.05,0.0,0,7.4,LOW
0.0012,-0.0048,0.9975,0.184,0.16,0.72,0.766,0.001,0.00681,0.0,0.012,0,6.8,LOW
0.0301,-0.0191,1.0131,-0.567,0.167,-0.246,0.717,0.311,0.00195,0.0,0.018,0,8.4,LOW
-0.0014,-0.007,0.9907,-0.71,-0.812,0.787,0.451,0.541,0.00459,0.11,0.0,0,9.4,LOW
-0.0344,-0.0323,1.0006,-0.681,0.842,0.236,0.136,0.711,0.00521,0.03,0.01,0,6.8,LOW
0.0106,-0.0587,0.9468,-2.343,-0.579,0.096,0.0,4.962,0.0201,2.17,1.147,1,50.2,MEDIUM
-0.0159,0.016,1.0205,0.022,-1.169,0.155,0.123,0.179,0.00198,0.0,0.04,0,7.9,LOW
0.0412,0.0049,0.997,-0.207,0.742,-0.375,0.693,0.067,0.00756,0.0,0.074,0,7.6,LOW
-0.0525,-0.0029,1.0039,2.127,-0.638,-0.042,0.485,0.391,0.00404,0.0,0.0,0,8.8,LOW
0.0187,0.0695,1.0053,0.19,0.033,0.084,0.032,0.992,0.00363,0.12,0.0,0,6.8,LOW
0.0554,0.0298,0.9823,1.084,0.043,-0.237,0.617,0.489,0.0056,0.01,0.078,0,11.7,LOW
-0.0124,-0.0266,1.0061,-2.111,0.89,0.983,0.326,0.533,0.00408,0.05,0.0,0,9.7,LOW
0.0165,0.0078,0.9961,1.984,1.509,-0.3,0.941,0.383,0.00941,0.08,0.035,0,13.0,LOW
-0.0403,0.0156,1.0019,0.604,-0.314,-0.856,0.568,0.974,0.00478,0.01,0.042,0,9.9,LOW
-0.0416,-0.0123,1.0016,-0.384,0.453,-0.107,0.494,0.908,0.00465,0.0,0.0,0,8.2,LOW
-0.0798,-0.0019,0.8309,4.273,4.229,-2.127,3.735,4.774,0.03151,2.91,0.453,1,95.0,CRITICAL
0.0402,-0.001,1.0001,-0.611,0.27,0.496,0.715,0.633,0.00558,0.04,0.023,0,8.5,LOW
-0.0521,-0.0698,0.9598,1.179,9.697,0.919,5.386,6.156,0.0,5.22,0.081,1,79.8,HIGH
0.0036,0.047,1.0119,2.224,0.638,-1.64,0.558,0.13,0.00374,0.0,0.077,0,10.9,LOW
0.018,-0.014,1.0007,0.321,-0.848,0.358,0.51,0.4,0.00742,0.13,0.001,0,7.7,LOW
-0.0175,-0.0244,0.9783,0.307,-0.724,-0.264,0.739,0.186,0.00753,0.0,0.006,0,11.6,LOW
-0.0068,-0.0175,0.9939,0.472,-1.098,-1.068,0.417,0.622,0.003,0.0,0.075,0,9.1,LOW
-0.0575,0.0424,0.9838,-0.008,0.153,1.346,0.639,0.0,0.00728,0.22,0.015,0,10.5,LOW
-0.0196,-0.0311,1.0063,-1.124,-0.842,1.174,0.342,0.634,0.00879,0.11,0.0,0,10.8,LOW
-0.0208,0.0212,1.0088,-0.096,0.885,-0.358,0.149,0.578,0.00258,0.05,0.063,0,7.3,LOW
-0.0098,-0.0491,0.9844,-0.143,0.856,-0.034,0.236,0.424,0.0033,0.0,0.0,0,8.1,LOW
-0.0287,-0.1248,0.9673,7.227,-6.195,3.338,3.603,6.149,0.00059,4.71,0.741,1,74.0,HIGH
0.0348,-0.0066,0.9982,-0.178,1.242,-0.87,0.608,0.176,0.00507,0.0,0.0,0,7.3,LOW
-0.04,-0.0187,1.0017,0.337,1.102,-0.566,0.415,0.019,0.00553,0.0,0.018,0,5.8,LOW
0.0572,0.0057,1.0015,1.248,-0.988,0.436,0.202,0.434,0.00653,0.07,0.053,0,7.7,LOW
-0.0415,-0.0167,0.9939,0.836,-1.683,-0.855,0.599,0.164,0.00101,0.0,0.006,0,7.7,LOW
-0.0046,0.0149,1.002,0.134,-0.104,-0.118,0.222,0.353,0.00745,0.17,0.0,0,5.6,LOW
-0.0021,0.0135,1.0036,1.117,-1.323,-0.908,0.46,0.52,0.00249,0.03,0.0,0,8.4,LOW
-0.06,0.0236,0.9084,-9.768,6.627,9.26,1.136,3.588,0.00915,4.06,0.578,1,73.5,HIGH
-0.0477,0.0193,0.9974,-0.24,-0.137,0.686,0.584,0.309,0.00496,0.17,0.0,0,7.0,LOW
-0.0383,0.0124,0.956,-9.136,-7.534,-0.06,3.06,4.847,0.03514,5.41,1.38,1,86.5,CRITICAL
-0.0068,-0.016,1.0109,0.633,1.293,-0.976,0.637,0.956,0.00524,0.01,0.0,0,12.8,LOW
-0.0566,-0.0012,0.9401,2.385,7.334,-3.508,5.93,4.553,0.02223,1.53,1.3,1,82.8,CRITICAL
-0.034,0.0436,0.996,0.194,-0.04,1.315,0.849,0.467,0.01122,0.11,0.0,0,11.6,LOW
0.0338,0.0042,1.0037,-0.493,-0.91,-0.0,0.232,0.0,0.00164,0.01,0.0,0,3.7,LOW
-0.0041,-0.0197,0.9888,-0.857,0.233,0.895,0.493,0.388,0.00613,0.0,0.0,0,9.5,LOW
0.033,-0.044,0.9894,1.108,-0.059,-0.951,0.627,0.417,0.00788,0.0,0.015,0,10.9,LOW
-0.0646,-0.0127,0.9954,-1.218,-0.247,-1.584,0.089,0.895,0.00475,0.0,0.0,0,9.3,LOW
0.0356,0.0315,0.9911,-0.326,0.538,0.069,0.492,0.847,0.00191,0.0,0.0,0,8.7,LOW
-0.0128,0.001,1.0055,-0.645,1.131,-0.82,0.374,0.938,0.00591,0.0,0.003,0,10.4,LOW
-0.0038,-0.0156,0.9898,0.135,0.186,1.939,0.402,0.0,0.00527,0.27,0.081,0,9.1,LOW
0.029,-0.0246,0.9928,-1.012,1.435,1.055,0.463,0.149,0.00512,0.0,0.0,0,8.5,LOW
-0.0126,-0.0387,0.9993,0.142,1.586,-0.689,0.749,0.497,0.00527,0.11,0.101,0,10.0,LOW
-0.049,0.0246,0.8399,0.528,-4.575,-6.413,3.785,5.999,0.03244,2.07,1.106,1,100.0,CRITICAL
0.0349,0.0846,0.8789,8.974,3.337,6.325,3.407,2.882,0.0181,5.69,0.883,1,87.8,CRITICAL
-0.0139,0.0115,1.0011,0.308,-0.151,0.93,0.035,0.108,0.00212,0.08,0.0,0,3.1,LOW
-0.1044,-0.0758,0.9299,-4.521,-6.527,-6.528,0.607,3.254,0.01834,4.42,0.93,1,63.9,HIGH
0.0196,0.0305,1.0043,-0.124,-2.135,1.114,0.0,0.462,0.0042,0.03,0.0,0,7.6,LOW
0.021,-0.0038,1.0094,0.05,-2.072,0.435,0.945,0.0,0.00678,0.05,0.0,0,11.0,LOW
-0.0137,0.0745,0.9931,-0.763,0.287,-0.173,0.0,0.463,0.00694,0.0,0.0,0,6.6,LOW
-0.011,0.0205,0.9869,-0.845,-0.951,0.488,0.745,0.514,0.00844,0.0,0.035,0,12.4,LOW
0.0745,0.0416,0.8819,1.25,-7.356,0.092,1.097,3.311,0.01546,5.63,1.621,1,76.4,HIGH
-0.0103,0.0089,0.8757,2.056,4.667,1.846,3.993,3.407,0.01268,7.46,0.567,1,84.2,CRITICAL
-0.0316,0.0502,1.0047,1.235,-2.065,-0.276,0.663,0.848,0.00266,0.01,0.0,0,11.4,LOW
0.0128,0.059,0.9215,1.644,3.401,2.006,7.196,6.976,0.00036,2.2,1.363,1,90.1,CRITICAL
-0.0563,-0.069,1.0087,-3.959,-1.524,-0.194,5.103,3.061,0.01099,1.69,0.909,1,52.0,MEDIUM
0.0957,0.0937,0.958,-2.261,-0.569,10.437,0.69,1.955,0.0123,6.74,0.052,1,52.5,MEDIUM
0.0389,-0.0078,0.9996,1.104,0.459,0.222,0.037,0.599,0.00497,0.0,0.0,0,5.9,LOW
0.0166,0.0656,1.0032,-0.337,-0.348,-0.901,0.573,0.353,0.00378,0.0,0.015,0,7.1,LOW
-0.0407,0.0425,0.9992,0.848,0.877,0.864,0.672,0.875,0.00449,0.0,0.018,0,10.0,LOW
0.0085,0.0369,0.993,1.585,-0.971,1.0,0.66,0.198,0.00492,0.0,0.0,0,9.5,LOW
0.1106,0.0348,0.9718,-9.534,-5.69,1.305,1.866,6.058,0.00799,4.39,0.774,1,69.2,HIGH
-0.0148,0.0634,0.9925,-2.675,-0.73,-1.279,0.279,0.369,0.00662,0.11,0.027,0,11.0,LOW
-0.0061,-0.0349,1.0127,0.439,-1.198,1.055,0.747,0.337,0.0065,0.0,0.03,0,11.5,LOW
-0.0439,-0.0222,0.9481,8.4,-0.547,1.61,7.457,4.081,0.02574,5.11,1.037,1,92.5,CRITICAL
0.0538,-0.0191,1.0044,0.956,1.232,2.465,0.892,0.239,0.00361,0.17,0.104,0,11.7,LOW
-0.0766,0.0922,0.9843,8.088,-4.657,8.951,1.586,2.958,0.0,1.68,1.175,1,49.9,MEDIUM
0.0468,-0.0494,0.9293,-0.233,10.922,-2.123,8.692,0.15,0.0096,6.39,1.542,1,89.6,CRITICAL
-0.0337,0.0349,1.0122,-0.447,-0.327,0.223,0.595,0.456,0.00428,0.09,0.05,0,9.3,LOW
0.0265,0.0355,0.9928,0.422,-0.165,0.205,0.841,0.609,0.00608,0.03,0.013,0,9.9,LOW
0.0204,-0.0387,0.9923,0.336,1.813,-0.254,0.882,0.803,0.00453,0.1,0.0,0,12.6,LOW
-0.0442,0.0682,0.9931,-1.897,0.074,-0.2,0.457,0.577,0.00755,0.09,0.055,0,11.1,LOW
0.0083,0.028,1.0022,0.497,-0.165,1.832,0.181,0.564,0.00316,0.01,0.0,0,7.2,LOW
-0.052,-0.0217,1.0031,0.318,1.244,-0.371,0.071,0.359,0.00261,0.05,0.067,0,5.6,LOW
-0.0226,-0.0024,1.0045,0.128,-0.84,0.147,0.807,0.92,0.0049,0.0,0.017,0,10.7,LOW
0.004,0.0131,1.0109,0.645,-0.03,-0.564,1.249,0.309,0.00612,0.0,0.0,0,11.5,LOW
0.0009,0.0212,0.996,-0.664,-0.564,-0.532,0.775,1.285,0.00415,0.09,0.0,0,12.0,LOW
-0.0234,-0.0159,0.9982,1.951,0.63,-0.485,0.697,0.284,0.00178,0.0,0.0,0,8.0,LOW
0.0216,-0.0088,1.0042,0.684,-0.271,1.715,0.709,0.125,0.00552,0.0,0.0,0,8.6,LOW
0.0014,0.0431,1.0039,-0.118,0.119,1.995,1.024,0.766,0.00447,0.0,0.011,0,12.3,LOW
-0.0111,-0.0093,0.9857,-1.601,-0.664,1.084,0.562,0.795,0.00327,0.0,0.123,0,13.0,LOW
-0.0057,-0.0214,0.9794,-0.47,1.7,2.238,0.813,0.281,0.00843,0.0,0.0,0,15.3,LOW
-0.0002,0.0376,1.0084,-1.54,0.42,-1.414,0.302,0.256,0.00824,0.0,0.022,0,9.7,LOW
-0.0278,-0.0418,0.9978,0.763,0.411,0.809,0.659,0.715,0.00524,0.0,0.0,0,9.3,LOW
0.02,0.0099,0.999,-2.217,-1.221,0.105,0.534,0.505,0.0047,0.13,0.023,0,9.9,LOW
-0.0314,-0.0503,1.0048,-1.091,-0.05,-0.125,0.269,0.0,0.0023,0.0,0.07,0,4.7,LOW
-0.0191,-0.2167,1.0184,6.618,-3.749,-9.927,3.016,2.126,0.01332,0.4,1.254,1,54.1,MEDIUM
-0.0072,0.0095,1.0015,0.139,-0.534,-0.265,0.536,0.358,0.00419,0.04,0.0,0,6.1,LOW
0.0224,-0.0236,1.0157,-0.077,-0.011,-0.577,0.841,1.001,0.0075,0.04,0.039,0,13.9,LOW
0.0144,0.0538,0.9938,-0.829,2.613,-1.089,1.004,0.352,0.00679,0.1,0.038,0,13.5,LOW
-0.1395,0.0807,1.0515,-0.113,3.909,-0.46,3.365,4.501,0.02755,6.58,1.314,1,75.7,HIGH
-0.012,0.0362,1.003,-0.13,-0.313,-0.42,0.297,0.295,0.00435,0.0,0.0,0,5.1,LOW
0.044,-0.0362,1.0115,1.788,-0.133,1.4,0.283,0.739,0.00652,0.0,0.0,0,11.8,LOW
0.0249,-0.0333,0.9839,-2.435,-0.675,1.41,0.687,0.743,0.00476,0.0,0.039,0,14.9,LOW
0.0242,0.0248,1.0163,0.198,0.939,1.224,0.147,0.548,0.00689,0.03,0.061,0,10.8,LOW
-0.019,0.0648,1.0057,-0.861,1.731,0.401,0.59,0.13,0.00266,0.0,0.0,0,7.8,LOW
0.0382,0.0104,0.9824,0.387,0.56,-0.459,0.548,0.084,0.00911,0.12,0.052,0,10.5,LOW
0.0308,0.0646,0.9806,1.327,0.241,-1.224,0.426,0.106,0.00204,0.12,0.031,0,9.7,LOW
0.0107,-0.0181,0.9927,0.954,-0.263,-1.276,0.497,0.746,0.00515,0.01,0.0,0,10.4,LOW
-0.0508,0.0057,1.0032,1.413,-1.045,1.458,0.804,0.347,0.00598,0.03,0.031,0,10.7,LOW
-0.0071,-0.036,1.0009,-0.001,0.385,0.037,0.705,0.21,0.00523,0.0,0.009,0,6.0,LOW
-0.0084,0.0113,1.0099,0.695,-0.027,1.56,0.818,0.927,0.00083,0.06,0.0,0,11.9,LOW
-0.0606,0.1637,0.9461,0.077,-1.605,7.292,7.936,0.0,0.00998,8.53,0.733,1,77.4,HIGH
0.1306,-0.1103,0.9058,-0.937,-1.921,-6.934,2.012,2.876,0.04025,5.66,1.126,1,78.3,HIGH
-0.0586,-0.0389,0.9702,5.821,10.92,2.172,1.882,1.118,0.01595,2.92,0.936,1,52.1,MEDIUM
0.0226,0.0146,0.9871,-0.032,0.973,-0.051,0.722,0.772,0.00488,0.0,0.0,0,11.5,LOW
-0.0161,-0.0009,0.9888,0.172,1.085,0.795,0.351,0.685,0.0077,0.0,0.0,0,10.7,LOW
0.0037,-0.0101,1.0029,0.448,0.648,-0.868,0.632,0.525,0.00718,0.0,0.052,0,9.4,LOW
-0.0112,-0.0116,1.0044,-0.077,-1.472,-0.461,1.091,0.737,0.00564,0.0,0.0,0,12.2,LOW
-0.0273,0.0313,0.9846,-0.411,-1.297,-0.52,0.652,0.411,0.00441,0.0,0.0,0,10.8,LOW
0.0728,-0.0596,0.9264,-3.616,6.004,-2.257,5.984,3.709,0.02981,6.5,1.805,1,95.5,CRITICAL
-0.1042,0.0559,0.8933,-2.86,-6.687,12.689,1.377,5.529,0.02417,7.4,1.279,1,99.3,CRITICAL
-0.0081,-0.0138,1.0015,-0.701,-1.385,0.133,0.607,0.211,0.00103,0.07,0.0,0,6.4,LOW
-0.0314,-0.0667,0.9524,9.089,4.741,4.774,2.549,6.33,0.003,0.0,0.95,1,67.6,HIGH
-0.0204,-0.0117,0.9996,-1.093,0.34,1.338,0.436,0.298,0.00294,0.0,0.0,0,6.5,LOW
-0.0149,-0.0112,1.0132,0.047,0.174,-0.636,1.405,0.248,0.0028,0.14,0.0,0,11.4,LOW
0.0082,0.028,1.0078,0.414,0.899,-1.543,1.076,0.739,0.00241,0.07,0.016,0,12.5,LOW
-0.0083,0.0356,0.9966,-1.423,1.078,1.066,0.473,0.476,0.00622,0.0,0.0,0,9.5,LOW
0.0161,-0.0811,0.8697,1.196,0.546,-3.21,9.123,5.359,0.02055,3.51,1.037,1,100.0,CRITICAL
-0.0056,0.0048,0.9814,1.526,0.403,0.125,0.445,0.903,0.00497,0.0,0.0,0,13.0,LOW
0.0036,0.0402,1.0013,-0.124,0.438,-0.94,0.256,0.872,0.00453,0.09,0.0,0,7.9,LOW
0.0298,-0.0248,1.0027,-0.189,2.206,-0.071,0.0,0.354,0.00443,0.09,0.0,0,6.8,LOW
-0.0586,0.0122,1.0052,-1.39,1.728,1.505,0.135,0.476,0.00693,0.0,0.098,0,10.1,LOW
0.0294,-0.0495,1.0139,1.679,-0.396,1.928,0.39,0.328,0.00224,0.0,0.0,0,10.2,LOW
0.0348,-0.0262,1.0229,-1.359,-0.399,0.098,0.165,0.463,0.00588,0.0,0.0,0,11.0,LOW
-0.0053,-0.0316,1.0157,-0.405,-1.002,-0.754,0.736,0.344,0.00722,0.15,0.048,0,12.1,LOW
-0.0661,-0.0096,0.999,1.132,-1.285,1.518,0.262,0.05,0.00579,0.13,0.001,0,6.9,LOW
-0.0006,-0.0036,0.9949,-0.814,1.97,0.394,0.0,0.717,0.00725,0.21,0.001,0,9.7,LOW
-0.0105,-0.0534,0.9984,-1.298,0.288,0.332,0.27,0.978,0.00382,0.0,0.047,0,8.7,LOW
0.0326,-0.0246,0.998,0.305,-1.814,1.962,0.282,0.417,0.00322,0.0,0.0,0,8.2,LOW
-0.0602,0.03,0.8903,-7.234,2.248,-0.187,3.703,5.976,0.01192,2.88,0.888,1,85.8,CRITICAL
-0.1305,-0.0657,0.8916,-4.812,-1.882,-2.841,6.61,2.347,0.00868,5.35,0.467,1,82.0,CRITICAL
-0.0255,-0.0302,1.0145,-0.468,0.87,-0.048,0.596,0.405,0.00589,0.03,0.0,0,10.2,LOW
-0.0058,0.0405,0.9979,-0.561,1.16,-0.636,0.663,0.331,0.00624,0.0,0.0,0,8.4,LOW
0.0459,-0.0408,1.0087,-0.399,2.611,-0.936,0.433,0.698,0.00677,0.09,0.0,0,12.7,LOW
0.0018,-0.0109,0.9964,0.744,0.09,-0.266,0.55,0.68,0.00406,0.0,0.0,0,8.1,LOW
0.0533,-0.054,0.9787,-0.276,1.455,0.188,0.703,0.454,0.0044,0.08,0.0,0,12.6,LOW
-0.0255,-0.0135,0.9892,1.296,0.214,0.156,0.089,0.425,0.00271,0.02,0.013,0,7.1,LOW
-0.0123,-0.0456,0.9892,-0.285,-0.811,-1.349,0.597,0.671,0.0046,0.0,0.087,0,11.4,LOW
-0.0206,0.0108,0.9895,2.445,0.114,1.171,0.563,0.54,0.00281,0.16,0.009,0,11.8,LOW
-0.0258,-0.0498,1.0113,-0.259,0.954,-0.627,0.595,0.176,0.00638,0.0,0.009,0,9.1,LOW
0.02,-0.0142,0.9929,-0.44,0.388,-0.105,0.433,0.0,0.00471,0.1,0.0,0,5.7,LOW
0.0614,0.2325,0.9003,0.157,-3.716,1.262,2.451,3.968,0.0277,1.08,0.242,1,63.2,HIGH
-0.0921,-0.0735,1.0094,0.79,0.237,1.629,2.859,4.963,0.01457,10.45,0.355,1,63.0,HIGH
-0.0276,-0.0027,1.0095,-0.587,-0.903,0.228,0.077,0.42,0.00284,0.0,0.0,0,6.4,LOW
-0.0374,0.0183,1.0112,0.598,0.164,2.58,0.001,0.704,0.00282,0.0,0.0,0,9.9,LOW
-0.1116,-0.151,1.0262,-5.949,1.053,6.784,1.516,2.003,0.01703,3.27,1.457,1,51.9,MEDIUM
-0.031,0.0378,1.0032,-0.888,0.305,1.789,0.662,0.833,0.00707,0.0,0.0,0,11.8,LOW
-0.0578,0.0519,0.9011,-8.86,5.42,-1.23,4.969,3.843,0.03522,5.21,0.915,1,96.3,CRITICAL
0.0429,0.0154,1.0201,-0.451,-1.684,-3.168,0.725,0.377,0.00547,0.0,0.0,0,15.5,LOW
-0.0286,-0.0443,0.9978,-0.294,0.02,0.259,0.165,0.03,0.00279,0.0,0.085,0,3.1,LOW
-0.0031,-0.0162,1.0159,2.135,-0.42,-0.122,0.0,0.448,0.00418,0.0,0.0,0,9.5,LOW
0.0042,0.007,1.003,0.147,0.826,1.4,0.072,0.865,0.00615,0.11,0.0,0,8.9,LOW
-0.1113,-0.0114,0.9669,-1.114,13.737,1.612,3.89,3.894,0.02406,0.39,1.719,1,75.2,HIGH
0.0298,-0.013,0.9983,-0.789,0.035,0.184,0.381,0.43,0.00381,0.17,0.0,0,6.3,LOW
-0.0261,-0.0082,1.0028,0.537,-0.527,-0.243,0.839,0.092,0.00265,0.0,0.009,0,6.3,LOW
-0.0096,0.0214,1.0019,0.257,0.743,0.819,0.537,0.194,0.00275,0.0,0.0,0,5.8,LOW
-0.0008,0.03,1.0114,0.097,-0.258,-1.348,0.748,0.892,0.00444,0.0,0.034,0,12.4,LOW
-0.0164,0.0387,0.9865,-0.527,-0.271,0.471,0.78,0.533,0.00627,0.0,0.0,0,11.0,LOW
-0.0121,0.0394,0.8038,3.299,-4.728,-2.546,6.398,4.768,0.00932,11.42,0.922,1,100.0,CRITICAL
0.0065,0.0338,1.0014,0.61,-0.592,0.213,0.131,1.051,0.00221,0.0,0.0,0,7.0,LOW
-0.0487,0.0558,1.0151,0.26,-2.788,-1.356,0.357,0.361,0.00248,0.02,0.0,0,11.3,LOW
0.0092,-0.0355,0.9916,-1.611,0.217,1.43,0.72,0.391,0.00165,0.0,0.0,0,9.9,LOW
-0.0154,0.0543,0.9854,-1.523,-1.62,-0.196,0.873,0.599,0.00426,0.2,0.0,0,13.8,LOW
-0.0294,0.035,1.0001,-0.484,-0.7,-1.229,0.509,0.409,0.00345,0.0,0.013,0,7.0,LOW
-0.0283,-0.0255,1.0128,0.873,-1.857,1.777,0.352,0.687,0.00126,0.05,0.0,0,11.3,LOW
0.0237,-0.043,1.0015,0.178,-0.248,-0.558,0.329,0.479,0.00764,0.0,0.001,0,6.8,LOW
-0.0017,0.0139,1.0074,-0.793,-0.102,0.31,0.373,0.378,0.0033,0.0,0.0,0,6.8,LOW
-0.0138,0.0214,1.0043,0.236,-1.156,-1.117,0.36,0.61,0.00609,0.0,0.052,0,9.3,LOW
-0.0224,0.0153,0.9949,-1.164,0.314,-0.803,0.653,0.76,0.00642,0.0,0.0,0,10.8,LOW
-0.0226,-0.0111,0.9928,2.102,-0.222,1.416,0.517,0.855,0.00523,0.04,0.0,0,12.4,LOW
0.0044,-0.0532,0.9802,1.87,-0.417,1.713,0.329,0.397,0.00421,0.0,0.0,0,12.0,LOW
0.0069,-0.0091,0.9846,0.98,-2.05,-0.882,4.007,0.573,0.01446,6.39,0.0,1,42.2,MEDIUM
-0.0279,0.0103,1.0035,1.075,-1.538,0.223,0.884,0.879,0.00326,0.08,0.0,0,11.7,LOW
-0.159,-0.0983,0.9492,-10.894,-4.715,-0.161,2.466,4.754,0.0,3.89,0.953,1,69.4,HIGH
0.0307,0.0039,0.9956,0.127,-0.648,-0.943,0.22,0.298,0.00609,0.0,0.0,0,6.5,LOW
-0.0267,-0.0595,1.0135,0.66,-1.181,0.619,0.363,0.899,0.00646,0.0,0.066,0,12.2,LOW
-0.044,0.0014,1.0258,4.696,-1.065,6.405,4.395,7.29,0.03117,6.53,1.834,1,95.5,CRITICAL
-0.0648,0.072,1.0093,-0.487,-0.773,0.565,0.488,0.722,0.00344,0.03,0.05,0,9.7,LOW
0.0065,-0.0076,1.0102,-0.456,0.609,0.903,0.258,0.4,0.00669,0.0,0.03,0,8.6,LOW
0.2,0.014,0.933,2.067,-2.778,5.075,7.578,1.121,0.02341,7.11,0.315,1,80.2,CRITICAL
0.0065,-0.0156,0.982,-0.88,-0.046,-0.236,0.182,0.387,0.00394,0.0,0.0,0,8.4,LOW
-0.0828,-0.0421,1.0185,-1.309,-0.008,1.977,0.0,0.462,0.00532,0.13,0.0,0,11.0,LOW
0.0416,-0.0269,1.0185,1.403,-0.504,-0.284,0.112,0.302,0.00269,0.01,0.046,0,8.7,LOW
0.02,0.0561,0.9647,-0.031,-0.105,1.006,0.317,0.496,0.00395,0.1,0.0,0,13.2,LOW
0.0349,-0.134,0.9788,-1.894,-1.259,-6.156,7.325,1.871,0.0,4.6,0.0,1,60.1,HIGH
0.0417,-0.0147,0.9912,-0.773,-0.489,-2.37,0.764,0.031,0.00106,0.0,0.0,0,9.1,LOW
0.0212,-0.0537,0.9909,10.455,6.73,-8.664,5.857,5.372,0.03301,2.81,1.49,1,92.4,CRITICAL
-0.0339,0.1429,1.0833,-3.638,-1.09,-0.29,1.599,4.825,0.02834,5.62,1.512,1,75.4,HIGH
0.0107,0.0636,1.0085,-1.269,-2.393,1.248,0.661,0.0,0.00809,0.05,0.0,0,11.3,LOW
0.2095,0.0816,0.9859,-3.009,-8.631,5.678,3.174,2.243,0.02199,2.83,1.08,1,58.3,MEDIUM
-0.0317,0.0409,1.0131,0.686,-0.415,1.682,0.126,0.645,0.00755,0.0,0.05,0,11.0,LOW
-0.0095,0.0008,1.0092,0.846,-0.904,0.976,0.43,0.258,0.0088,0.0,0.079,0,10.0,LOW
-0.0603,0.0211,1.0023,-0.233,0.549,-0.717,0.133,0.591,0.00772,0.07,0.0,0,7.2,LOW
0.0246,-0.0257,1.0057,2.261,-0.067,0.036,0.289,0.694,0.00405,0.05,0.088,0,10.2,LOW
0.0037,0.0045,1.0016,-0.313,0.376,0.441,0.702,0.712,0.00578,0.03,0.0,0,8.8,LOW
-0.0925,0.0707,0.9926,5.194,-4.19,3.363,1.388,0.0,0.00788,1.64,1.103,1,29.4,LOW
0.0997,0.1413,0.9343,-1.803,-8.938,9.927,4.997,6.906,0.02339,7.43,0.194,1,100.0,CRITICAL
-0.0043,-0.0359,0.9925,0.051,1.317,-0.815,0.525,0.357,0.00534,0.0,0.0,0,9.0,LOW
-0.0163,-0.0325,0.9985,-1.181,0.884,2.597,0.966,0.697,0.00509,0.0,0.0,0,13.0,LOW
0.0564,0.0042,0.995,-0.3,0.879,-0.199,0.271,0.589,0.00521,0.01,0.006,0,7.5,LOW
0.0075,-0.0045,1.0004,-0.276,0.134,0.018,1.083,0.242,0.00712,0.0,0.0,0,8.0,LOW
0.0409,0.0232,0.998,0.659,1.209,1.153,0.694,0.622,0.00757,0.12,0.06,0,11.2,LOW
0.0287,0.0241,0.9973,-0.24,-0.756,0.43,0.0,0.17,0.00163,0.0,0.012,0,3.1,LOW
0.0309,-0.0435,1.0135,1.435,-1.54,-1.064,0.866,0.0,0.00406,0.09,0.031,0,11.3,LOW
0.0253,-0.0043,1.0074,-0.517,-0.663,-0.547,0.272,0.261,0.00356,0.02,0.0,0,6.2,LOW
-0.0158,-0.006,0.9862,-0.159,-0.405,1.723,0.553,0.544,0.00593,0.1,0.028,0,11.9,LOW
-0.01,0.0127,1.0093,-0.677,-0.669,1.157,0.279,0.548,0.0042,0.0,0.0,0,8.7,LOW
-0.0144,-0.0135,1.0064,-0.268,0.992,-0.677,0.485,0.664,0.00334,0.0,0.0,0,8.7,LOW
-0.0115,0.0165,1.0156,1.55,0.286,0.29,0.19,0.585,0.00593,0.06,0.0,0,10.5,LOW
-0.0121,0.0013,0.9933,1.096,-0.342,-2.169,1.149,0.468,0.00762,0.0,0.011,0,13.8,LOW
-0.0195,0.0213,0.9772,0.362,-1.016,-0.518,0.505,0.326,0.00718,0.0,0.028,0,12.0,LOW
0.0771,0.0051,0.9844,0.854,1.196,-1.287,0.585,0.655,0.0,0.23,0.116,0,12.1,LOW
0.0561,-0.0474,1.0028,-0.762,-0.958,0.594,0.28,0.609,0.00715,0.09,0.0,0,8.5,LOW
0.0111,0.0063,1.0004,-1.728,1.861,-0.103,0.233,0.904,0.00442,0.34,0.0,0,10.4,LOW
0.0374,-0.0297,0.8974,7.082,-7.231,-0.152,4.481,3.623,0.03453,3.46,1.441,1,92.6,CRITICAL
0.0273,0.0518,0.9894,1.889,-0.856,0.086,0.436,0.8,0.00446,0.0,0.0,0,11.5,LOW
0.0287,-0.0134,0.9867,2.102,1.335,1.769,0.355,0.465,0.00268,0.0,0.0,0,11.3,LOW
0.0321,-0.1956,0.8939,3.264,-6.326,-10.414,2.946,3.103,0.01273,3.86,0.559,1,78.7,HIGH
-0.0001,-0.0065,1.0022,-0.845,-1.96,0.461,0.029,0.855,0.00604,0.0,0.0,0,9.1,LOW
0.0293,-0.0272,0.9947,0.806,0.597,0.798,0.552,1.096,0.0,0.03,0.0,0,9.6,LOW
0.0225,0.0524,1.0139,-0.706,1.198,0.561,0.582,0.038,0.00457,0.09,0.011,0,9.1,LOW
-0.039,0.0071,1.0033,0.207,1.624,1.307,1.112,0.851,0.00794,0.07,0.0,0,14.2,LOW
-0.0028,-0.0403,1.0105,-1.016,1.353,-0.213,0.46,0.485,0.00676,0.02,0.087,0,10.9,LOW
0.0128,0.0295,0.9911,0.737,-0.685,0.973,0.479,0.139,0.00558,0.0,0.0,0,8.0,LOW
0.0116,0.0702,1.0102,-1.463,-1.445,-2.506,0.317,0.415,0.00173,0.0,0.062,0,10.7,LOW
-0.0091,-0.0059,1.0018,0.014,-0.379,0.117,0.78,0.733,0.00449,0.0,0.056,0,8.6,LOW
0.0032,0.005,1.0025,-1.025,-1.442,-0.762,0.57,0.035,0.00715,0.0,0.021,0,8.1,LOW
0.0312,0.0471,0.9962,-1.242,-1.049,0.027,1.158,0.459,0.00443,0.0,0.0,0,11.0,LOW
-0.0386,0.0111,0.9965,-0.673,-0.267,1.146,0.579,0.717,0.00785,0.0,0.061,0,10.6,LOW
0.0419,0.0161,0.9955,0.543,-0.291,-0.394,0.29,0.475,0.0055,0.05,0.03,0,7.0,LOW
-0.0215,-0.0207,0.9883,-0.577,1.282,0.408,0.261,1.004,0.00163,0.0,0.0,0,10.1,LOW
0.0231,-0.0114,1.0032,-0.372,0.401,-0.326,0.444,0.125,0.004,0.0,0.0,0,5.1,LOW
-0.0207,-0.0244,0.9819,1.135,-0.137,-0.087,0.096,0.617,0.00306,0.01,0.008,0,9.2,LOW
-0.061,-0.0085,1.0004,-0.395,-0.264,0.168,0.376,0.447,0.00537,0.0,0.0,0,5.7,LOW
0.0466,-0.0387,1.008,-1.303,0.518,-0.674,0.054,0.362,0.00764,0.0,0.062,0,8.2,LOW
0.0122,0.0342,0.9893,0.426,-0.188,0.985,1.457,0.452,0.00243,0.0,0.0,0,12.1,LOW
-0.0032,0.0114,1.0029,2.611,-13.266,8.85,1.972,1.658,0.013,11.47,0.546,1,68.9,HIGH
0.0435,-0.0097,0.9793,1.568,-1.899,0.781,0.974,0.669,0.00616,0.0,0.0,0,16.4,LOW
-0.0553,0.0113,0.9877,-0.941,-0.461,-2.314,0.497,0.353,0.0009,0.03,0.018,0,10.1,LOW
0.0433,0.0276,0.999,0.892,1.29,0.638,0.0,0.516,0.00626,0.0,0.0,0,6.7,LOW
-0.0272,-0.0303,1.0052,0.635,-0.268,-0.455,0.0,0.538,0.00686,0.1,0.0,0,6.7,LOW
-0.0257,0.0351,1.0089,0.999,-0.762,-0.753,0.726,0.381,0.0,0.22,0.015,0,8.9,LOW
-0.0143,0.0555,1.0008,1.744,-1.286,-1.032,0.646,0.585,0.0056,0.03,0.0,0,10.4,LOW
0.0466,-0.0335,1.0043,1.069,0.229,-0.296,0.859,0.773,0.00831,0.11,0.0,0,11.8,LOW
0.0129,0.0179,1.0083,-0.826,0.477,-0.055,0.301,0.474,0.00587,0.13,0.059,0,8.5,LOW
-0.0123,-0.0066,1.0065,1.405,0.441,0.079,0.538,0.774,0.00516,0.0,0.0,0,10.3,LOW
-0.0147,0.0102,1.013,0.148,-1.515,0.643,0.525,0.317,0.0049,0.0,0.0,0,9.9,LOW
0.0246,-0.0185,1.002,1.279,-1.201,1.324,0.915,0.262,0.00441,0.0,0.0,0,9.7,LOW
0.0258,-0.0235,1.0179,0.224,-0.248,-0.535,0.468,0.413,0.00311,0.0,0.014,0,9.1,LOW
-0.0417,-0.0812,0.996,0.478,0.876,1.45,0.284,0.673,0.00187,0.12,0.076,0,8.4,LOW
0.0653,0.0125,0.9895,-1.255,1.16,-0.047,0.207,0.452,0.00645,0.14,0.018,0,9.6,LOW
-0.009,0.043,0.9937,0.314,0.332,1.596,0.028,0.739,0.00765,0.0,0.002,0,9.1,LOW
-0.0202,-0.0064,0.9984,1.314,-1.405,1.364,0.464,0.65,0.00645,0.0,0.0,0,10.2,LOW
0.002,0.0254,1.0035,-1.025,-1.371,-2.113,0.622,0.921,0.00419,0.1,0.006,0,12.4,LOW
-0.0268,-0.0101,0.9918,0.114,-0.046,-0.306,0.544,0.139,0.00603,0.11,0.0,0,6.9,LOW
0.0466,-0.0144,1.0031,0.152,-1.647,0.446,0.801,0.633,0.00608,0.0,0.065,0,11.1,LOW
-0.0963,-0.1513,0.8939,4.306,-3.322,3.421,3.049,3.891,0.00655,4.16,0.736,1,72.6,HIGH
0.0115,0.0826,0.8881,3.673,-1.82,-4.466,5.749,3.065,0.01566,8.32,1.481,1,95.5,CRITICAL
0.0319,-0.0363,0.99,-1.69,0.105,0.002,0.864,0.037,0.00829,0.07,0.043,0,11.0,LOW
0.0169,0.0044,1.0079,-0.011,0.045,-1.74,0.743,0.795,0.0035,0.0,0.044,0,11.6,LOW
-0.0095,0.0134,0.9949,-0.809,0.411,0.657,0.654,0.75,0.00593,0.0,0.035,0,10.3,LOW
0.0189,-0.0056,0.9917,0.09,-0.16,0.346,0.593,0.413,0.0035,0.0,0.0,0,7.3,LOW
-0.001,-0.0758,1.0127,0.249,-0.435,-0.221,0.889,0.604,0.00457,0.0,0.0,0,10.7,LOW
-0.0518,0.02,0.995,0.183,0.482,-0.4,0.929,0.343,0.00498,0.07,0.059,0,9.0,LOW
0.0062,0.0043,0.9928,0.84,-1.402,0.629,0.365,0.602,0.0052,0.0,0.025,0,9.6,LOW
-0.01,0.0214,0.9885,1.209,-0.072,1.744,0.34,0.753,0.00519,0.11,0.003,0,11.6,LOW
-0.0257,0.0554,1.0106,-4.456,-3.771,4.68,1.626,5.613,0.02381,5.52,0.516,1,63.1,HIGH
-0.01,-0.0153,1.0107,0.105,0.807,0.87,0.852,0.852,0.00463,0.0,0.023,0,12.2,LOW
0.0364,0.01,0.9852,1.76,-3.268,-0.417,0.53,0.806,0.00768,0.0,0.0,0,16.2,LOW
0.0475,-0.0343,1.0032,-0.255,-0.307,0.882,0.04,0.218,0.00502,0.06,0.0,0,4.8,LOW
-0.0389,0.0076,0.9966,-0.09,0.284,0.453,0.842,1.066,0.00697,0.1,0.0,0,11.4,LOW
0.0272,0.0689,1.013,-1.431,-1.302,-1.033,0.636,0.742,0.00206,0.02,0.0,0,12.1,LOW
-0.0148,-0.0098,0.9968,1.136,-1.239,-0.72,0.786,0.465,0.00318,0.02,0.0,0,9.4,LOW
-0.0172,-0.0821,0.9889,2.185,0.576,-0.491,0.28,0.156,0.00497,0.07,0.03,0,9.2,LOW
0.0006,0.032,0.9798,-0.379,0.443,1.898,0.452,0.868,0.00517,0.0,0.0,0,13.8,LOW
-0.0054,-0.0393,1.0114,0.68,-1.913,0.286,0.121,0.305,0.00489,0.03,0.027,0,8.7,LOW
0.0896,-0.0536,0.984,0.809,1.315,-1.809,0.751,0.315,0.00745,0.0,0.0,0,13.3,LOW
-0.0209,-0.0201,1.0003,2.196,0.027,0.368,0.696,0.632,0.01083,0.1,0.0,0,12.2,LOW
0.0355,0.0711,0.9357,-0.448,9.682,3.635,2.766,5.925,0.02201,6.27,1.566,1,90.1,CRITICAL
-0.0025,0.023,1.0049,0.832,2.282,-0.144,0.909,1.09,0.00678,0.0,0.009,0,14.7,LOW
0.024,0.1101,0.9463,-0.736,1.128,-1.082,0.043,4.073,0.01281,0.3,0.722,1,37.8,MEDIUM
-0.0516,-0.0397,0.9861,-0.322,0.177,-0.474,0.324,0.413,0.00658,0.0,0.018,0,8.7,LOW
0.0842,0.1605,0.9539,-0.188,1.317,0.028,6.025,9.673,0.03073,9.53,0.997,1,100.0,CRITICAL
-0.0453,-0.0201,0.9879,-0.655,0.563,-0.998,0.337,0.363,0.00235,0.14,0.053,0,8.4,LOW
0.006,0.0174,0.9859,-6.558,-3.35,-7.4,3.605,5.132,0.016,7.13,0.911,1,77.0,HIGH
0.0023,0.0054,1.0013,1.494,0.986,0.548,0.645,0.537,0.00152,0.09,0.034,0,8.6,LOW
0.0402,-0.0008,1.0011,1.02,-1.209,1.35,0.328,0.714,0.00727,0.01,0.004,0,9.7,LOW
-0.1004,-0.0334,1.0099,0.28,0.026,11.895,4.767,3.229,0.03555,9.63,0.988,1,86.7,CRITICAL
-0.0094,-0.0416,1.0033,1.291,1.023,-0.363,0.311,0.127,0.00481,0.0,0.049,0,6.6,LOW
-0.0294,-0.0068,0.9889,-1.163,-1.064,0.46,0.266,0.564,0.00301,0.05,0.02,0,9.1,LOW
-0.0242,-0.0249,1.0073,-0.201,0.855,0.665,0.594,0.515,0.0053,0.02,0.0,0,9.2,LOW
-0.0216,-0.0294,0.9905,-0.384,0.827,-1.345,0.44,0.425,0.00281,0.0,0.0,0,8.6,LOW
-0.0501,0.0804,0.9984,1.252,-0.8,-1.258,0.214,0.243,0.0004,0.0,0.033,0,5.4,LOW
-0.0198,0.016,0.9969,-0.301,2.112,-0.032,0.395,0.346,0.00412,0.04,0.01,0,8.2,LOW
-0.0048,-0.0124,0.9994,0.206,-2.408,-1.378,0.703,0.464,0.00802,0.0,0.0,0,11.4,LOW
0.0407,0.0284,1.0098,-5.766,0.006,2.036,7.285,2.881,0.01259,4.5,1.573,1,72.4,HIGH
-0.0313,-0.009,1.0118,0.56,0.579,0.369,0.202,0.285,0.00447,0.12,0.0,0,7.2,LOW
-0.0242,-0.0564,1.0101,1.429,0.828,-0.193,0.122,0.545,0.00473,0.01,0.054,0,8.9,LOW
0.0403,0.1938,0.9767,-4.261,4.386,-7.376,7.739,4.675,0.02673,9.72,1.158,1,100.0,CRITICAL
-0.1972,-0.115,0.9656,0.388,5.33,4.431,3.798,5.202,0.02352,4.28,0.174,1,69.8,HIGH
-0.006,0.0028,0.8878,9.178,8.168,-2.36,3.833,3.233,0.01441,4.94,2.323,1,95.3,CRITICAL
0.0432,0.0364,0.9922,0.002,-0.05,0.234,0.732,0.84,0.004,0.0,0.0,0,9.4,LOW
0.0848,0.0383,0.9126,0.748,0.254,14.581,6.442,1.404,0.0074,0.14,0.503,1,75.8,HIGH
0.0332,-0.0321,0.9966,0.56,0.936,-0.857,0.365,0.27,0.00637,0.07,0.0,0,7.4,LOW
0.0163,0.002,1.002,-0.992,1.218,-1.068,0.371,0.62,0.00317,0.0,0.11,0,8.7,LOW
0.0019,0.0261,1.0211,-1.94,0.369,10.66,3.563,4.799,0.02142,4.34,0.553,1,71.8,HIGH
0.0179,0.0182,1.0073,-0.542,-0.615,0.407,0.636,0.796,0.00569,0.0,0.006,0,10.3,LOW
0.0066,0.0191,0.9898,1.826,-1.02,-0.197,0.648,0.073,0.00571,0.0,0.0,0,9.8,LOW
-0.0186,0.0014,0.9964,-0.311,-1.75,0.383,0.968,0.858,0.00504,0.0,0.0,0,12.3,LOW
-0.0216,-0.0021,1.0002,-0.257,-0.307,-0.768,0.0,0.664,0.00609,0.0,0.0,0,5.8,LOW
0.0195,0.0116,0.9983,-0.225,1.002,2.189,0.135,0.551,0.00447,0.01,0.092,0,8.5,LOW
0.0201,0.0549,1.0032,-0.439,-0.411,-0.229,0.362,0.406,0.00533,0.0,0.016,0,6.4,LOW
-0.1634,0.04,0.9604,4.813,4.686,-1.198,4.304,5.197,0.01419,6.28,1.248,1,79.2,HIGH
0.0174,0.0228,0.9923,0.484,1.922,-0.198,0.36,0.7,0.00353,0.12,0.003,0,10.1,LOW
-0.0132,-0.0329,1.0216,0.137,-0.957,0.282,0.309,0.033,0.00403,0.2,0.021,0,8.9,LOW
-0.0197,0.034,0.9925,-0.474,-1.097,1.074,0.3,0.46,0.00493,0.0,0.029,0,8.6,LOW
-0.0435,0.0398,1.0044,1.073,1.711,0.669,0.824,0.026,0.0055,0.08,0.0,0,9.3,LOW
0.0177,0.0469,1.003,1.447,0.474,-0.271,0.287,0.009,0.00787,0.0,0.075,0,6.8,LOW
-0.0254,0.0285,0.9913,-0.013,-1.433,0.753,0.405,0.749,0.00484,0.01,0.0,0,10.3,LOW
-0.0269,-0.0237,1.0043,-1.228,-1.068,0.84,0.267,0.46,0.00535,0.0,0.0,0,8.1,LOW
0.003,0.0206,1.023,0.108,0.116,1.42,0.369,0.546,0.00497,0.1,0.031,0,12.2,LOW
-0.0178,0.0051,0.9152,-3.497,4.618,-2.705,2.911,1.695,0.00997,3.47,2.336,1,66.6,HIGH
-0.0496,-0.0149,0.8942,2.45,2.639,-1.612,5.008,6.273,0.02342,8.83,1.261,1,100.0,CRITICAL
-0.0268,-0.022,0.9953,0.379,0.537,-0.172,0.455,0.729,0.004,0.0,0.0,0,7.9,LOW
0.0064,0.0035,0.9884,-1.514,0.766,-0.241,0.639,0.429,0.00543,0.14,0.004,0,11.1,LOW
-0.0248,-0.0402,1.0057,-0.251,-1.259,1.168,1.214,1.047,0.00504,0.07,0.0,0,14.4,LOW
-0.0111,0.0221,1.0082,0.378,0.31,-0.111,0.363,0.885,0.00447,0.0,0.041,0,8.9,LOW
-0.0318,0.0215,0.9856,1.747,0.091,-0.534,0.484,0.168,0.00422,0.2,0.023,0,10.0,LOW
-0.0339,-0.0178,1.0003,-1.048,0.763,-1.666,0.492,0.172,0.00622,0.0,0.0,0,7.7,LOW
-0.0059,-0.0248,1.0142,-0.747,0.986,-0.005,0.046,0.993,0.0049,0.0,0.0,0,10.3,LOW
0.0225,0.0084,1.0087,-0.623,-0.234,0.691,0.505,0.485,0.00594,0.17,0.13,0,9.9,LOW
0.0277,0.0945,0.9897,0.704,0.392,2.083,0.327,0.132,0.00214,0.03,0.0,0,7.9,LOW
0.022,-0.0091,0.9977,0.894,-0.427,-3.494,0.304,0.303,0.00207,0.13,0.002,0,9.2,LOW
-0.0355,0.0119,1.0058,1.634,-1.472,0.843,0.123,0.451,0.00551,0.02,0.0,0,8.7,LOW
-0.0424,0.0226,0.998,-0.402,0.284,0.015,0.388,0.743,0.00462,0.04,0.067,0,7.5,LOW
-0.0573,-0.0173,0.8956,0.186,1.313,-12.189,3.957,5.583,0.01466,6.79,0.534,1,98.1,CRITICAL
0.0225,-0.0424,1.0157,0.795,0.232,0.446,0.567,0.125,0.00512,0.0,0.0,0,8.9,LOW
0.0282,0.0107,1.0066,0.175,0.527,-0.764,0.454,0.545,0.00757,0.04,0.005,0,9.1,LOW
0.0227,-0.0105,0.9998,-0.439,0.85,-0.699,0.271,1.041,0.00729,0.0,0.144,0,10.0,LOW
0.0066,-0.0078,0.9844,-0.316,0.947,-0.042,0.568,0.619,0.00667,0.0,0.004,0,11.4,LOW
-0.0357,-0.0469,1.001,-1.107,0.911,0.481,0.112,1.122,0.00357,0.0,0.017,0,8.6,LOW
-0.0426,-0.018,0.9967,0.038,0.0,-1.332,0.271,0.916,0.0049,0.0,0.046,0,9.1,LOW
-0.0065,-0.0279,1.0014,-0.166,-0.066,0.535,0.829,0.391,0.00588,0.11,0.038,0,8.2,LOW
0.0597,-0.0959,0.887,-5.814,-7.301,-0.452,4.6,2.687,0.02976,4.01,1.348,1,89.5,CRITICAL
0.0049,0.009,0.9263,-7.278,2.55,8.309,5.781,2.108,0.02165,3.0,1.245,1,82.0,CRITICAL
0.0296,0.0403,1.0079,2.928,1.436,0.815,0.517,0.851,0.00768,0.0,0.072,0,14.8,LOW
0.0299,0.0468,0.9786,8.152,-1.583,-6.988,5.15,2.762,0.02435,3.28,0.725,1,69.7,HIGH
-0.0265,0.0175,0.9931,-1.584,-0.45,2.814,0.359,0.539,0.00578,0.0,0.0,0,11.6,LOW
-0.0349,-0.0419,1.0035,0.528,0.713,-1.67,0.48,0.536,0.00608,0.03,0.056,0,9.8,LOW
0.0441,0.0231,1.0051,-0.727,-1.744,-1.539,0.473,0.495,0.00453,0.04,0.0,0,10.0,LOW
0.0139,-0.0183,1.0024,0.129,1.12,-1.139,0.598,0.319,0.00304,0.07,0.071,0,8.0,LOW
-0.0027,-0.0446,1.0097,-0.124,0.46,-0.691,0.529,0.873,0.00808,0.02,0.0,0,11.3,LOW
0.051,0.0304,0.9877,0.971,1.424,0.61,0.569,0.18,0.00697,0.05,0.0,0,10.4,LOW
0.0068,0.0042,1.0222,0.861,0.198,-0.086,0.531,0.681,0.00356,0.0,0.032,0,11.8,LOW
0.0091,-0.0541,0.9954,-0.771,0.248,1.243,0.0,0.704,0.00525,0.0,0.0,0,7.5,LOW
0.0223,-0.025,0.9901,0.451,-2.034,0.148,0.385,0.107,0.00653,0.14,0.046,0,9.5,LOW
0.0009,-0.0276,0.9979,0.714,0.138,-0.742,1.19,0.279,0.00564,0.0,0.021,0,9.7,LOW
0.0102,-0.0116,1.0044,-1.399,0.86,-0.552,0.654,0.68,0.00779,0.04,0.0,0,11.2,LOW
0.0212,-0.0183,0.9884,-0.485,0.337,-0.842,0.287,0.766,0.00729,0.14,0.03,0,10.7,LOW
0.0212,-0.0202,0.9801,0.026,1.568,0.044,0.215,0.441,0.00494,0.1,0.016,0,10.7,LOW
-0.0018,0.0295,1.0052,-1.661,-0.403,0.091,0.457,0.558,0.00679,0.0,0.052,0,10.0,LOW
-0.0222,0.0206,1.0155,0.978,1.976,-0.059,0.632,0.549,0.00633,0.0,0.037,0,13.2,LOW
0.0207,-0.0167,1.0078,0.515,0.542,0.531,0.0,0.547,0.00736,0.0,0.045,0,7.6,LOW
0.0552,-0.0569,0.9219,0.048,-3.745,0.564,5.801,7.548,0.01507,9.06,0.148,1,98.1,CRITICAL
-0.0057,0.026,0.9976,-0.999,0.299,-0.045,0.508,0.354,0.00631,0.0,0.0,0,7.4,LOW
-0.0205,0.0287,1.0059,-0.966,1.256,0.217,0.915,0.528,0.00601,0.0,0.031,0,11.3,LOW
0.0123,0.0268,1.0143,-0.616,0.124,0.106,0.323,0.258,0.00806,0.1,0.099,0,9.3,LOW
-0.0469,0.0076,0.9996,-0.195,0.311,-0.213,0.343,0.301,0.00607,0.07,0.0,0,5.3,LOW
0.0559,0.0156,1.0053,1.023,-2.309,2.255,0.486,0.832,0.00382,0.19,0.0,0,12.9,LOW
0.001,-0.1338,0.9578,-1.167,-2.213,4.753,7.225,2.187,0.01029,2.56,0.004,1,62.4,HIGH
-0.009,0.0041,0.9961,0.833,-1.516,1.582,0.734,0.449,0.0033,0.05,0.0,0,10.1,LOW
0.027,-0.014,1.0064,-0.729,-1.09,0.029,0.192,0.905,0.00582,0.0,0.0,0,9.4,LOW
0.0035,-0.0217,0.9886,-0.438,-0.008,0.578,0.68,0.154,0.00484,0.06,0.042,0,8.5,LOW
0.1575,0.0428,0.9604,-6.854,-1.487,-2.393,0.224,5.593,0.02366,3.99,1.421,1,64.5,HIGH
0.0972,-0.0241,0.941,2.028,-4.866,10.568,4.37,5.5,0.00189,1.1,0.675,1,75.1,HIGH
-0.02,-0.0092,0.8621,8.39,0.859,3.241,5.53,0.98,0.02599,0.13,0.655,1,78.5,HIGH
0.1121,0.0547,0.9496,-2.085,1.136,-0.642,7.341,6.981,0.03263,5.3,0.149,1,92.2,CRITICAL
0.0038,0.0384,0.9975,1.088,2.238,0.528,0.285,0.926,0.00364,0.02,0.026,0,10.4,LOW
-0.0237,-0.0113,0.9961,-0.239,-0.179,0.808,0.0,0.118,0.0042,0.09,0.053,0,4.2,LOW
-0.0009,0.0296,1.024,1.226,0.061,-0.882,0.686,0.382,0.00541,0.0,0.0,0,13.0,LOW
-0.0662,-0.0437,0.9959,-0.708,0.398,-0.442,0.7,0.304,0.00446,0.0,0.0,0,7.6,LOW
0.1602,-0.0514,0.9399,2.646,3.987,-2.729,3.369,3.799,0.01778,0.0,0.236,1,55.5,MEDIUM
-0.0018,0.0161,1.0048,1.634,2.109,-1.288,0.886,0.61,0.00332,0.1,0.0,0,12.6,LOW
-0.0022,-0.0285,0.9949,1.189,-0.042,0.926,0.744,0.541,0.00768,0.0,0.0,0,10.7,LOW
0.0428,0.074,0.9363,12.837,6.765,-3.404,5.096,6.574,0.01957,10.48,1.296,1,100.0,CRITICAL
-0.121,-0.0001,0.873,0.236,9.972,1.194,5.152,3.966,0.01885,0.47,1.766,1,92.4,CRITICAL
-0.0033,0.009,0.9978,1.332,-0.755,-1.293,0.0,0.684,0.00393,0.14,0.0,0,7.6,LOW
0.0232,0.0944,0.993,-0.217,-0.33,0.345,0.791,0.0,0.00717,0.19,0.0,0,7.9,LOW
0.0228,-0.0044,1.007,-1.392,1.446,-1.127,0.449,0.634,0.00719,0.03,0.0,0,11.4,LOW
-0.0031,0.0029,1.0125,0.393,1.562,0.566,0.555,0.781,0.00378,0.13,0.0,0,11.8,LOW
0.0085,-0.0411,0.9995,-1.119,-0.002,1.004,0.474,0.485,0.00619,0.0,0.088,0,8.5,LOW
-0.008,0.0588,1.0075,0.471,-3.838,0.027,2.542,5.383,0.01941,3.05,0.6,1,53.9,MEDIUM
-0.0532,0.0338,0.9625,-5.841,-7.098,-1.306,4.723,3.311,0.01817,2.15,1.201,1,69.3,HIGH
-0.038,0.0297,0.9894,0.53,1.149,1.136,0.648,0.613,0.00366,0.0,0.0,0,10.8,LOW
0.0105,0.0104,0.9887,1.013,-0.359,-0.458,0.673,0.778,0.00415,0.04,0.0,0,11.1,LOW
0.0324,0.0013,0.9931,0.794,-0.503,-1.131,0.655,0.27,0.00605,0.01,0.0,0,9.1,LOW
-0.018,0.028,0.9879,-0.269,0.422,0.768,0.592,0.481,0.00414,0.0,0.023,0,9.4,LOW
0.0155,0.0196,0.9924,-1.649,-0.275,0.745,0.216,0.221,0.00388,0.0,0.013,0,7.2,LOW
0.025,0.0337,1.0005,-0.661,0.849,-0.491,0.526,0.102,0.00247,0.0,0.0,0,5.1,LOW
-0.0024,-0.0436,1.0167,1.906,-0.078,-0.864,0.408,0.749,0.00544,0.05,0.026,0,13.0,LOW
-0.0336,0.0841,0.9923,-4.992,-1.492,8.676,4.265,7.045,0.01942,8.29,0.554,1,87.1,CRITICAL
-0.0284,0.0037,1.0048,0.142,-0.321,-0.327,0.883,0.056,0.00523,0.0,0.0,0,7.0,LOW
-0.0113,0.0189,0.9922,0.599,-1.43,-0.986,0.888,0.439,0.00411,0.03,0.0,0,10.9,LOW
0.0321,-0.0436,0.9889,0.286,0.458,-1.474,0.623,0.961,0.00542,0.0,0.038,0,12.7,LOW
0.0824,-0.0208,0.8724,1.73,-6.184,-0.627,5.111,2.668,0.01796,10.96,1.447,1,100.0,CRITICAL
-0.0215,0.0071,1.0017,1.573,0.77,-0.116,0.13,0.334,0.00371,0.02,0.0,0,6.0,LOW
0.0206,-0.0105,0.9981,-0.776,-1.455,-1.355,0.448,0.766,0.00184,0.05,0.028,0,9.2,LOW
0.0033,0.017,0.9859,-0.145,0.675,0.265,0.194,0.617,0.00324,0.0,0.1,0,8.6,LOW
-0.0112,-0.0282,1.0148,-1.047,-1.142,-0.326,0.378,0.73,0.00301,0.0,0.083,0,11.1,LOW
-0.0043,0.0328,0.987,0.418,0.211,-0.253,0.568,0.462,0.00691,0.06,0.024,0,9.8,LOW
-0.0377,-0.0022,1.0123,0.935,0.392,0.162,0.202,0.945,0.00421,0.0,0.008,0,9.9,LOW
-0.044,-0.0185,1.0045,1.494,-1.425,-0.653,0.43,0.377,0.00481,0.01,0.0,0,8.8,LOW
-0.0044,0.0264,1.0049,0.206,-2.116,0.005,0.0,0.992,0.00485,0.0,0.0,0,9.6,LOW
-0.0423,0.0012,0.9844,0.131,0.872,-0.086,0.664,0.446,0.00407,0.01,0.108,0,10.7,LOW
0.0034,-0.026,0.9861,0.366,-0.498,0.482,0.733,0.185,0.00575,0.0,0.0,0,9.4,LOW
0.0533,-0.0981,0.9063,-4.074,5.372,-8.274,3.626,2.912,0.0299,0.0,1.06,1,75.2,HIGH
-0.0692,0.0661,0.9755,-0.808,-6.866,-1.363,0.318,1.572,0.01482,5.93,0.466,1,41.7,MEDIUM
-0.0112,-0.022,1.0045,-0.174,-1.666,-1.131,0.448,1.193,0.00508,0.17,0.0,0,12.4,LOW
0.0542,-0.0426,0.9998,-0.434,-0.109,0.565,0.737,0.243,0.00467,0.0,0.048,0,6.7,LOW
0.0175,-0.0008,1.0076,-0.35,0.602,1.325,0.472,0.252,0.00539,0.13,0.0,0,8.5,LOW
0.0104,0.0401,0.9911,0.458,1.743,-2.169,0.51,0.498,0.00756,0.11,0.084,0,12.9,LOW
-0.0136,-0.0209,1.0072,-0.307,1.215,1.777,0.685,0.701,0.00809,0.27,0.0,0,13.2,LOW
0.0125,0.055,1.0058,-0.002,-0.194,0.668,1.081,0.835,0.00274,0.0,0.0,0,10.7,LOW
0.0125,0.0056,0.9994,3.08,0.191,1.367,0.496,0.752,0.00518,0.06,0.005,0,11.9,LOW
-0.0345,0.0385,0.9883,0.508,-2.353,-1.957,0.345,0.647,0.00483,0.0,0.0,0,12.4,LOW
0.0764,0.1063,0.8581,-0.553,-3.798,2.668,0.639,2.229,0.01554,9.3,0.922,1,74.7,HIGH
0.0761,-0.021,1.0088,0.524,0.892,-0.661,0.221,0.373,0.0038,0.0,0.0,0,7.1,LOW
0.0083,-0.0044,0.9787,-1.021,1.717,0.462,0.179,0.666,0.00459,0.03,0.0,0,12.2,LOW
-0.0015,0.005,0.9952,-0.663,-1.171,0.312,0.914,0.071,0.00442,0.02,0.0,0,8.3,LOW
0.0498,-0.0392,0.9979,-0.885,0.905,0.704,0.652,0.52,0.00621,0.04,0.008,0,9.3,LOW
-0.0068,-0.0122,0.9949,-0.094,-2.226,-0.236,0.346,0.74,0.00395,0.0,0.01,0,10.0,LOW
-0.0256,0.0051,0.9941,-1.714,0.689,1.387,0.401,0.0,0.00687,0.15,0.004,0,8.6,LOW
0.0407,0.0259,1.0063,0.318,6.294,-1.563,3.483,4.875,0.01942,2.01,0.881,1,58.7,MEDIUM
0.0198,-0.0008,0.9869,0.229,-2.131,0.997,0.299,0.647,0.00301,0.02,0.04,0,11.1,LOW
0.0194,-0.0098,0.9962,1.052,-0.48,0.688,0.465,0.683,0.00399,0.04,0.01,0,8.7,LOW
-0.0027,-0.0256,0.9991,1.501,-2.001,-2.77,0.0,0.021,0.00336,0.12,0.0,0,7.1,LOW
0.1133,0.2528,0.9712,0.07,-7.758,6.945,4.3,6.49,0.02426,8.66,1.278,1,95.5,CRITICAL
-0.0121,-0.0307,1.0045,-0.193,0.245,-0.127,0.068,0.528,0.00567,0.0,0.0,0,5.5,LOW
0.0256,0.0112,0.9839,1.13,0.765,-0.754,0.5,1.136,0.00501,0.07,0.0,0,13.7,LOW
-0.0701,-0.032,0.9475,-1.211,-4.526,1.708,1.56,1.706,0.01489,8.53,1.729,1,61.2,HIGH
-0.0102,0.0069,0.9987,-0.114,-0.31,-0.593,0.711,0.251,0.00619,0.16,0.057,0,7.6,LOW
0.0045,-0.0204,1.01,0.589,-0.877,0.076,0.678,0.448,0.00539,0.0,0.0,0,9.7,LOW
-0.0527,-0.0131,0.8587,-3.275,5.005,1.895,0.0,5.561,0.04166,1.37,0.028,1,75.3,HIGH
0.0119,-0.0151,1.0007,-1.454,-0.511,1.464,0.328,0.504,0.00574,0.0,0.008,0,8.4,LOW
-0.1259,0.0434,0.868,-0.42,-3.142,2.491,5.241,4.871,0.02336,6.03,0.672,1,95.3,CRITICAL
-0.0457,0.0754,0.9415,-3.503,5.421,-1.331,5.785,3.461,0.03208,0.0,1.371,1,75.0,HIGH
-0.0472,-0.0066,0.9877,-0.495,-0.131,0.316,0.705,0.565,0.0041,0.09,0.069,0,10.2,LOW
-0.032,-0.0128,1.0041,0.719,-0.936,-1.963,0.513,0.728,0.00537,0.03,0.013,0,11.0,LOW
-0.0136,-0.0129,0.991,-0.69,-0.598,2.955,0.201,0.0,0.00576,0.0,0.0,0,9.0,LOW
0.0126,0.0386,0.9821,0.019,0.31,-0.833,0.46,0.27,0.00421,0.04,0.003,0,9.2,LOW
-0.0845,0.0286,0.9335,2.462,4.51,1.811,6.975,3.18,0.04269,5.05,1.097,1,90.5,CRITICAL
0.0269,-0.1279,0.9473,7.97,1.835,8.504,4.937,6.145,0.01386,3.83,1.027,1,89.5,CRITICAL
0.056,-0.0233,0.9882,-0.695,-0.37,-0.334,0.217,0.163,0.0033,0.0,0.0,0,6.2,LOW
-0.0411,0.0771,1.0082,-0.407,-0.336,0.028,0.191,0.682,0.00472,0.0,0.0,0,7.3,LOW
-0.0434,0.0104,0.967,-0.363,-2.336,2.897,3.497,7.322,0.00988,3.36,0.575,1,68.0,HIGH
0.0268,0.0203,0.989,-2.061,4.748,-0.805,7.564,2.545,0.02113,6.91,1.3,1,77.2,HIGH
-0.0257,0.0166,1.0002,-0.806,1.798,0.695,0.897,0.504,0.00526,0.09,0.0,0,10.5,LOW
0.107,0.0232,0.9828,-7.08,11.783,-0.722,6.224,5.824,0.02431,6.09,0.84,1,96.0,CRITICAL
-0.0834,-0.113,0.8965,-1.808,-3.563,-0.49,3.71,2.097,0.03677,7.9,0.949,1,81.5,CRITICAL
0.0275,-0.0411,0.9946,-0.31,-0.21,1.048,0.134,0.963,0.00073,0.0,0.027,0,7.5,LOW
-0.0446,0.1542,0.9831,-7.811,0.531,-8.432,1.506,4.658,0.04236,1.27,0.315,1,62.1,HIGH
-0.0318,-0.0231,1.0215,0.114,1.066,-0.703,0.107,0.018,0.00316,0.0,0.036,0,7.9,LOW
-0.1811,0.0048,0.9186,-1.667,-0.979,3.521,2.358,3.498,0.01139,6.12,0.499,1,63.9,HIGH
0.0496,-0.0093,0.9935,-0.162,0.31,0.998,0.697,0.444,0.00979,0.0,0.005,0,10.4,LOW
-0.0345,-0.0313,1.0043,0.045,-0.196,-1.853,0.594,0.857,0.00449,0.2,0.0,0,11.2,LOW
0.0178,0.0416,0.9959,0.051,0.262,0.059,0.351,0.399,0.00259,0.0,0.0,0,5.0,LOW
0.033,0.018,1.0099,-0.966,-0.536,0.319,0.752,0.587,0.0006,0.0,0.012,0,9.3,LOW
-0.0457,-0.0192,1.0002,0.159,-1.08,-1.014,0.32,1.022,0.00571,0.0,0.0,0,9.4,LOW
-0.0334,-0.0094,0.9313,-2.405,-2.301,5.172,4.644,4.368,0.01262,13.27,0.853,1,93.6,CRITICAL
0.0016,0.0114,0.9916,-0.381,-1.02,0.97,0.086,0.235,0.00796,0.04,0.0,0,7.6,LOW
0.0301,-0.0141,1.0116,1.497,0.219,1.135,0.462,0.271,0.00583,0.0,0.011,0,9.9,LOW
0.079,0.1508,1.0107,2.431,5.796,-4.161,6.907,5.92,0.03768,0.69,1.277,1,83.8,CRITICAL
0.0137,-0.0103,0.9865,-0.481,0.158,-0.842,0.48,0.079,0.00745,0.03,0.0,0,8.7,LOW
0.0057,0.008,0.9913,1.184,1.055,1.068,0.326,1.179,0.00514,0.0,0.0,0,12.2,LOW
0.0171,-0.0474,0.9826,-0.781,0.248,-1.693,0.532,0.273,0.00433,0.0,0.0,0,10.8,LOW
0.0244,-0.0261,0.9926,-1.69,-1.254,1.269,0.753,0.582,0.00618,0.06,0.039,0,12.7,LOW
-0.0064,-0.0241,0.9832,-0.202,0.593,0.393,0.549,0.269,0.007,0.13,0.004,0,10.1,LOW
-0.008,0.0533,0.999,0.452,1.059,0.033,0.843,0.435,0.00591,0.0,0.0,0,8.8,LOW
0.0091,0.0206,0.9841,0.961,-0.429,-0.303,0.841,0.328,0.00551,0.04,0.013,0,11.3,LOW
0.024,0.0138,1.0014,0.46,-0.202,-0.24,0.591,0.537,0.00796,0.22,0.0,0,8.5,LOW
-0.0159,0.005,0.9878,2.822,0.705,0.104,0.243,0.44,0.00585,0.14,0.0,0,11.6,LOW
0.0015,-0.003,0.9857,-1.168,-0.284,0.257,0.0,1.046,0.00265,0.04,0.0,0,9.8,LOW
-0.0414,-0.018,1.0226,-1.537,-1.526,0.939,0.325,0.586,0.00676,0.14,0.0,0,14.0,LOW
0.0371,0.0187,0.9951,1.669,-1.711,1.279,0.193,0.0,0.0063,0.08,0.0,0,7.9,LOW
0.0064,-0.0225,1.0059,1.491,1.739,-1.16,0.707,0.858,0.00399,0.0,0.0,0,12.5,LOW
-0.0102,-0.013,0.9968,0.758,-0.46,-0.494,0.232,0.403,0.00466,0.0,0.049,0,6.3,LOW
-0.0418,0.0413,0.9753,-0.064,1.53,-0.668,0.333,0.745,0.00491,0.13,0.0,0,13.5,LOW
0.0341,-0.0177,1.0062,-0.612,-1.0,-0.15,0.661,0.607,0.00631,0.0,0.0,0,10.0,LOW
0.0005,0.0307,1.0232,-0.062,0.069,-0.461,0.286,0.51,0.00249,0.0,0.061,0,9.6,LOW
0.0194,-0.0052,1.0014,0.43,-0.113,0.455,0.928,0.845,0.0016,0.0,0.007,0,8.8,LOW
0.0234,-0.0471,1.0036,-0.425,0.212,-2.943,0.926,0.707,0.00767,0.0,0.063,0,14.3,LOW
-0.0024,-0.0436,1.011,1.278,0.327,0.472,0.334,0.543,0.00387,0.0,0.001,0,9.0,LOW
-0.0089,0.0442,0.9978,-2.024,-0.865,-0.2,0.467,0.699,0.00763,0.1,0.0,0,10.9,LOW
-0.0018,-0.0193,1.014,-0.776,1.947,-0.56,0.31,0.758,0.0059,0.0,0.0,0,12.1,LOW
-0.0387,-0.0623,0.9691,1.157,0.672,-1.552,0.113,0.638,0.00644,0.0,0.064,0,14.5,LOW
-0.0293,-0.0602,0.9829,0.044,0.505,-0.39,0.289,0.361,0.00623,0.0,0.085,0,9.3,LOW
0.0198,-0.0216,1.0075,-0.732,0.128,0.732,0.758,0.616,0.00174,0.0,0.0,0,9.1,LOW
0.0522,-0.0113,1.0053,0.571,2.576,0.135,0.189,0.35,0.00225,0.0,0.0,0,7.9,LOW
-0.0234,-0.066,1.0069,-1.192,0.57,2.099,1.049,0.463,0.00357,0.0,0.0,0,12.2,LOW
0.0211,0.0166,1.0074,-0.091,-0.168,-3.26,0.822,0.592,0.00833,0.0,0.036,0,14.7,LOW
-0.0077,-0.0128,0.9906,-0.734,1.932,0.784,0.759,0.185,0.00493,0.0,0.017,0,10.5,LOW
0.0784,-0.0199,0.9939,-0.398,1.162,-1.433,0.394,0.301,0.00624,0.0,0.065,0,9.0,LOW
0.0746,-0.0435,0.9954,0.535,-1.478,-0.022,0.318,0.441,0.00691,0.03,0.003,0,8.5,LOW
0.0594,0.0097,0.9921,1.276,-0.492,1.161,0.812,0.04,0.00182,0.0,0.018,0,8.3,LOW
-0.0353,-0.0563,0.9557,-8.668,-0.278,-0.387,4.2,1.801,0.03411,5.73,1.433,1,74.7,HIGH
-0.0079,0.0132,0.994,1.297,-0.351,0.392,0.15,0.974,0.00411,0.01,0.019,0,9.1,LOW
0.0717,-0.0601,0.9383,-5.43,1.224,3.915,3.423,7.243,0.01388,9.9,0.327,1,90.8,CRITICAL
0.0389,-0.0223,1.0126,0.109,-2.363,-1.051,0.274,0.574,0.00517,0.0,0.0,0,11.3,LOW
0.0068,-0.0432,1.0003,0.989,-0.43,0.439,0.306,0.285,0.00367,0.02,0.056,0,5.6,LOW
0.0072,0.036,0.996,0.596,-1.566,0.727,0.4,1.016,0.0056,0.03,0.062,0,11.3,LOW
0.0175,-0.008,0.9976,-0.01,-1.168,-0.825,1.012,0.572,0.00178,0.0,0.0,0,9.5,LOW
0.0378,0.0274,1.0054,-1.387,-0.639,-1.506,0.391,0.672,0.00353,0.06,0.034,0,9.9,LOW
-0.0128,0.0189,0.9866,0.941,0.341,2.624,0.665,0.145,0.00306,0.0,0.033,0,11.2,LOW
-0.0268,0.0221,0.9601,-2.675,-6.246,-3.394,4.67,2.836,0.03202,6.29,1.062,1,76.9,HIGH
-0.0361,-0.0363,0.9962,-0.927,0.442,0.782,0.177,0.898,0.00812,0.0,0.004,0,9.5,LOW
0.0138,-0.0026,1.0087,-0.595,0.058,2.008,0.0,0.035,0.00585,0.07,0.055,0,7.2,LOW
0.0583,0.0324,0.9352,5.519,-1.969,6.771,0.0,4.283,0.01451,5.57,1.564,1,66.8,HIGH
0.0045,0.0092,1.0071,-0.239,0.632,0.08,1.079,0.636,0.00674,0.0,0.063,0,11.6,LOW
0.0169,-0.0404,1.0176,1.231,2.22,0.852,0.396,0.112,0.00473,0.0,0.0,0,11.0,LOW
-0.0313,-0.0039,1.008,0.371,0.693,-0.566,0.337,0.12,0.00579,0.08,0.033,0,6.9,LOW
-0.0201,0.0122,1.0151,0.995,-1.01,-0.249,0.0,0.564,0.0058,0.0,0.0,0,9.2,LOW
0.0337,-0.0604,1.0048,1.084,-0.285,-0.463,0.357,0.588,0.00368,0.05,0.027,0,7.9,LOW
-0.0412,-0.0122,1.0102,-0.554,0.379,0.917,0.0,0.837,0.00346,0.0,0.0,0,8.1,LOW
-0.021,0.0161,1.0217,1.245,0.281,-0.495,0.0,0.425,0.00476,0.0,0.0,0,9.5,LOW
0.0454,-0.0561,1.0023,0.013,-2.136,-0.233,0.46,0.548,0.00614,0.0,0.0,0,9.6,LOW
-0.0291,-0.0511,1.0263,-0.944,1.807,0.967,1.153,0.981,0.00646,0.02,0.057,0,19.4,LOW
-0.0132,-0.0021,0.9976,0.623,-0.007,-0.464,0.536,0.57,0.00412,0.01,0.002,0,7.3,LOW
-0.0223,0.0366,1.0204,1.398,-0.234,-2.561,0.566,0.863,0.00366,0.0,0.0,0,15.3,LOW
-0.0178,-0.0182,0.9906,-0.082,-0.6,0.009,0.562,0.468,0.00741,0.0,0.0,0,9.1,LOW
-0.0078,0.05,1.0084,-0.078,1.078,1.484,0.783,0.345,0.0083,0.02,0.009,0,11.5,LOW
0.0319,-0.0488,1.0062,0.74,-1.366,-0.819,0.402,0.38,0.00566,0.03,0.051,0,9.0,LOW
0.0275,0.0546,0.9788,2.045,-4.698,-1.865,4.937,3.071,0.02647,7.57,0.816,1,71.6,HIGH
0.0747,0.0101,1.0028,-0.044,1.735,1.551,0.138,0.508,0.00616,0.03,0.028,0,8.7,LOW
0.0466,-0.0019,1.0086,0.178,1.043,-0.803,0.989,0.812,0.0066,0.01,0.041,0,13.1,LOW
0.0213,0.0228,0.9973,1.477,-0.16,-0.031,0.408,1.321,0.00703,0.24,0.019,0,12.4,LOW
-0.118,0.1109,1.0173,7.637,-0.313,7.754,3.173,4.789,0.01256,6.08,1.69,1,76.0,HIGH
0.0455,-0.0181,0.9957,-0.767,0.784,-1.103,0.348,0.543,0.00647,0.06,0.0,0,8.8,LOW
0.018,-0.0363,1.0323,0.535,4.096,-0.49,7.179,5.397,0.0048,7.58,0.839,1,83.8,CRITICAL
0.0001,0.0077,1.001,-0.333,-0.201,0.332,0.109,0.915,0.00643,0.0,0.108,0,7.5,LOW
-0.0071,-0.077,1.0139,0.685,2.002,1.627,0.6,0.544,0.00761,0.01,0.0,0,13.7,LOW
0.0477,-0.0018,1.01,-0.093,0.276,-0.583,0.399,0.725,0.00387,0.0,0.0,0,8.6,LOW
-0.0229,-0.0496,0.9869,1.276,1.215,0.535,0.704,0.767,0.00831,0.0,0.0,0,13.8,LOW
-0.0295,0.0198,1.0017,0.346,0.445,1.434,0.61,0.367,0.00776,0.09,0.0,0,9.1,LOW
-0.0229,-0.0185,0.9988,-1.721,3.107,-2.863,0.72,1.089,0.00247,6.08,1.532,1,34.9,MEDIUM
0.0473,0.0347,1.0097,-0.212,0.759,0.663,0.431,0.435,0.0053,0.04,0.033,0,8.8,LOW
0.0086,-0.0314,0.9921,0.329,0.678,-0.306,0.337,0.521,0.00318,0.02,0.0,0,7.2,LOW
0.0477,-0.005,1.0042,0.615,-0.21,-1.037,0.299,1.076,0.00569,0.0,0.005,0,9.9,LOW
-0.0304,-0.0222,1.0075,-1.339,1.312,-0.252,1.007,0.717,0.00355,0.0,0.0,0,12.3,LOW
-0.0266,-0.0452,0.9996,-0.404,-0.576,0.119,0.782,0.229,0.0056,0.0,0.05,0,7.1,LOW
0.0056,0.0207,0.9976,0.472,0.328,1.034,0.619,0.757,0.00672,0.0,0.04,0,10.0,LOW
0.037,0.0149,1.0039,0.154,0.922,0.197,0.549,0.0,0.00471,0.0,0.0,0,5.8,LOW
-0.0002,-0.0426,0.9962,-0.325,-0.296,-0.405,0.0,0.0,0.00453,0.0,0.0,0,3.0,LOW
-0.0396,-0.0557,0.9946,-0.837,-0.617,-1.268,0.685,0.213,0.006,0.08,0.0,0,9.1,LOW
0.0273,0.0286,0.9995,-0.89,-0.484,0.599,1.144,0.898,0.00364,0.0,0.004,0,11.1,LOW
-0.0437,0.0477,0.9988,0.124,-0.353,0.343,0.626,0.376,0.00136,0.14,0.011,0,5.8,LOW
0.0461,-0.2711,0.9739,-6.745,-0.332,2.296,3.216,6.515,0.0146,8.6,0.571,1,79.3,HIGH
-0.0161,-0.0237,1.0001,-0.081,0.382,-0.281,0.56,0.91,0.007,0.0,0.0,0,8.7,LOW
0.0372,0.0522,0.986,-0.257,0.664,1.818,0.528,0.35,0.00762,0.0,0.0,0,11.5,LOW
-0.0015,0.0193,1.016,-1.01,-0.125,0.789,0.273,0.098,0.00221,0.0,0.0,0,7.3,LOW
0.0496,0.1133,0.9492,-3.262,8.29,-3.714,4.726,4.653,0.0219,10.14,1.295,1,95.5,CRITICAL
0.0341,-0.0029,0.996,2.358,0.583,0.327,0.676,0.061,0.0035,0.0,0.023,0,8.6,LOW
-0.0244,-0.0048,1.0066,-1.349,-0.763,-0.96,0.857,0.469,0.00841,0.0,0.0,0,11.9,LOW
-0.0108,0.0158,1.0041,0.073,-0.593,1.366,0.624,0.678,0.00398,0.01,0.0,0,9.5,LOW
0.0846,-0.0546,0.9317,0.445,7.721,8.29,3.93,3.29,0.03519,0.71,0.69,1,75.0,HIGH
-0.0137,0.0296,1.0011,-1.09,1.432,-0.112,0.726,0.684,0.00647,0.0,0.053,0,10.8,LOW
0.0775,0.094,1.0046,-1.481,5.321,5.582,1.797,2.841,0.01782,3.53,1.708,1,52.2,MEDIUM
-0.0254,-0.0183,0.9986,0.501,-0.487,-0.508,0.811,0.308,0.00435,0.0,0.0,0,7.4,LOW
-0.001,0.0551,0.9988,0.316,0.379,1.03,0.992,0.502,0.00903,0.0,0.0,0,10.6,LOW
0.0177,0.0024,1.0069,-0.001,-1.641,0.577,0.127,0.579,0.00328,0.0,0.0,0,7.8,LOW
-0.0202,-0.0534,0.9924,-0.58,-0.126,1.226,0.536,0.285,0.00408,0.0,0.0,0,8.1,LOW
-0.018,-0.0232,1.001,-0.302,-0.026,-1.253,0.582,0.204,0.00296,0.09,0.0,0,6.3,LOW
0.0035,0.0048,1.0069,1.276,1.704,0.033,0.783,0.903,0.00403,0.18,0.0,0,12.9,LOW
-0.1375,-0.1238,0.8637,-4.527,4.193,5.939,4.831,4.378,0.0043,1.31,1.046,1,86.1,CRITICAL
0.0254,-0.0537,1.013,-0.021,-0.426,1.397,0.201,0.63,0.00214,0.09,0.001,0,8.9,LOW
0.0356,-0.0063,0.9916,0.245,-0.707,0.547,0.671,0.506,0.00444,0.03,0.0,0,9.2,LOW
0.0226,-0.0057,0.9941,-0.695,0.075,-1.213,0.345,0.0,0.00483,0.09,0.0,0,6.3,LOW
0.0112,-0.0067,1.0185,0.763,0.986,0.111,0.349,0.0,0.00663,0.06,0.0,0,9.1,LOW
0.0236,0.0418,1.0123,-0.368,1.836,0.795,0.781,0.468,0.00287,0.1,0.021,0,11.7,LOW
-0.0222,0.0149,1.0,0.992,1.273,0.847,0.781,0.685,0.00763,0.04,0.0,0,11.0,LOW
-0.0331,0.0145,0.9989,1.392,1.247,-1.564,0.353,0.569,0.00504,0.06,0.013,0,9.3,LOW
0.0464,0.0088,1.001,-0.878,0.233,-2.749,0.458,0.624,0.00489,0.0,0.039,0,10.5,LOW
-0.027,0.0097,0.986,-1.705,-0.488,-1.366,0.375,0.67,0.00357,0.04,0.0,0,11.5,LOW
-0.0004,0.0128,1.0013,0.378,0.322,0.89,0.734,0.503,0.00298,0.12,0.0,0,7.9,LOW
0.0295,0.034,0.978,0.901,1.984,-0.355,0.565,0.626,0.00475,0.0,0.016,0,14.0,LOW
0.0269,0.0187,0.9935,0.183,-1.125,0.607,0.0,0.366,0.00826,0.16,0.0,0,7.5,LOW
-0.0012,0.0077,0.9952,-1.144,0.031,-0.052,0.67,0.947,0.00524,0.0,0.036,0,10.9,LOW
0.0683,-0.0141,0.9744,-0.448,-0.965,-0.674,0.055,0.567,0.00965,0.11,0.037,0,12.8,LOW
-0.0542,-0.0026,1.0085,1.267,-0.52,1.431,1.022,0.493,0.00527,0.0,0.102,0,12.8,LOW
-0.006,-0.0213,0.9948,1.904,1.795,0.868,0.578,0.0,0.00747,0.0,0.039,0,9.9,LOW
0.0246,0.0243,0.9893,-1.074,-1.757,-1.896,0.166,0.562,0.00521,0.03,0.089,0,11.3,LOW
-0.0104,-0.0149,1.0065,1.002,-0.446,-0.684,0.5,0.247,0.00421,0.01,0.0,0,7.5,LOW
0.0125,-0.0342,0.999,1.095,0.464,0.743,0.579,0.529,0.00782,0.17,0.0,0,9.4,LOW
0.0017,-0.0197,1.0041,-0.523,-0.003,1.485,0.642,0.285,0.0053,0.11,0.031,0,8.9,LOW
-0.0111,-0.0109,1.0024,1.333,0.435,0.371,1.232,1.127,0.0074,0.22,0.0,0,14.8,LOW
-0.0187,0.0164,1.0176,-0.318,-0.609,0.356,1.071,0.534,0.00596,0.0,0.0,0,12.9,LOW
-0.0121,0.0401,1.0142,-0.651,0.682,0.071,0.351,0.418,0.00347,0.06,0.039,0,8.7,LOW
-0.0234,-0.0484,1.0008,-1.57,-0.381,0.023,0.335,0.129,0.00635,0.0,0.0,0,6.3,LOW
-0.0568,0.0299,0.9985,-1.533,1.251,0.024,0.623,0.727,0.00278,0.05,0.002,0,9.6,LOW
0.0015,0.0002,0.9864,-0.497,-2.075,-1.687,0.294,0.554,0.00119,0.08,0.0,0,10.7,LOW
-0.0215,-0.0038,0.9842,-0.133,-0.908,0.039,0.854,0.67,0.00596,0.09,0.026,0,12.7,LOW
-0.0148,-0.0029,0.9939,-1.158,-0.564,0.513,0.341,0.548,0.00485,0.05,0.036,0,8.6,LOW
0.0068,-0.0048,0.9943,-0.255,-0.102,-0.501,0.168,0.478,0.00323,0.0,0.0,0,5.6,LOW
-0.0074,-0.0187,0.9877,-0.7,0.451,-0.58,0.627,0.633,0.00312,0.02,0.0,0,10.0,LOW
-0.0147,-0.0594,1.0182,-0.083,0.399,-0.506,0.229,0.239,0.00187,0.0,0.0,0,7.0,LOW
-0.0116,0.0272,0.9873,-0.818,-0.184,-1.274,0.569,0.665,0.0043,0.0,0.044,0,11.3,LOW
0.0045,0.0167,0.9839,-1.719,-0.49,2.127,0.871,0.614,0.00549,0.0,0.007,0,15.0,LOW
0.016,-0.0124,1.0027,0.339,0.263,-0.03,0.887,0.302,0.00391,0.0,0.052,0,7.4,LOW
-0.0484,0.008,0.9505,-2.002,-5.509,-6.974,5.027,5.208,0.01175,5.04,0.893,1,82.6,CRITICAL
0.0115,0.0117,0.9921,-0.125,-1.306,-0.088,0.0,0.352,0.005,0.24,0.028,0,7.1,LOW
0.1021,-0.0046,0.9537,-6.443,-2.204,3.468,1.859,4.577,0.01339,4.39,1.208,1,65.3,HIGH
0.007,0.0082,1.0246,0.113,1.664,-0.684,0.811,0.258,0.00322,0.1,0.038,0,13.3,LOW
0.0413,-0.0373,0.9845,0.929,-0.878,1.714,0.778,0.611,0.00475,0.0,0.011,0,13.3,LOW
-0.0068,0.1282,0.9856,8.502,1.736,3.133,3.806,2.45,0.0,6.23,1.337,1,60.9,HIGH
0.0461,0.1579,0.9797,14.161,-9.454,5.992,6.356,5.58,0.02986,5.58,0.056,1,99.3,CRITICAL
-0.0431,-0.0353,0.9986,0.153,-0.447,-0.307,0.322,0.021,0.00348,0.01,0.036,0,3.7,LOW
-0.0098,-0.0261,0.9094,11.322,2.96,6.746,1.145,4.129,0.01956,9.09,0.099,1,84.0,CRITICAL
-0.0333,-0.0571,0.9089,-4.426,-2.017,0.637,1.436,2.488,0.01748,4.3,0.124,1,55.7,MEDIUM
0.0159,-0.0092,0.9975,-1.645,0.59,-1.648,0.632,0.532,0.00608,0.18,0.02,0,11.0,LOW
-0.0338,-0.057,0.9679,3.223,8.598,10.708,9.049,5.837,0.02515,4.84,0.745,1,100.0,CRITICAL
-0.032,0.0127,0.9904,-0.319,0.509,-1.503,0.148,0.741,0.00537,0.0,0.051,0,9.8,LOW
0.023,0.0078,0.9823,0.096,-2.3,-1.568,0.453,0.514,0.00458,0.0,0.0,0,13.0,LOW
-0.0075,0.0036,1.0096,0.933,-0.627,-1.123,0.839,0.419,0.00781,0.0,0.074,0,12.0,LOW
-0.0084,-0.0101,0.996,-0.634,-0.803,-0.151,0.724,0.0,0.00128,0.0,0.002,0,5.6,LOW
0.0302,0.0227,0.9471,3.893,3.477,4.456,4.705,4.014,0.0301,0.94,1.076,1,72.0,HIGH
0.0313,-0.029,0.9945,0.106,-0.084,-0.037,1.396,0.499,0.00484,0.0,0.025,0,10.5,LOW
-0.0062,-0.0302,1.0082,0.551,0.159,-0.568,0.374,0.575,0.00459,0.1,0.094,0,8.7,LOW
0.0527,0.0292,1.0176,-0.074,-1.786,-0.168,0.5,0.537,0.00156,0.01,0.016,0,10.9,LOW
0.0313,0.0061,1.0141,0.116,-0.474,-1.089,0.634,0.441,0.00369,0.01,0.036,0,10.2,LOW
-0.0151,0.0391,1.009,-0.904,-0.278,-0.702,0.63,0.341,0.0068,0.11,0.082,0,10.1,LOW
0.0364,0.0027,0.9996,1.966,1.777,0.705,0.767,0.737,0.00479,0.15,0.05,0,12.2,LOW
-0.015,0.0075,0.993,-0.649,-1.086,0.202,0.155,0.415,0.00539,0.0,0.0,0,7.2,LOW
-0.028,-0.0946,0.9515,-2.228,2.191,-4.988,4.073,5.328,0.02203,9.56,0.719,1,85.5,CRITICAL
0.1758,0.0615,0.9241,-6.055,1.966,-4.049,3.988,1.714,0.02396,2.36,0.915,1,65.8,HIGH
-0.0316,-0.0226,0.9891,-0.503,0.589,-1.602,0.639,0.298,0.00429,0.12,0.0,0,10.1,LOW
0.0534,0.1282,0.9355,-0.874,-5.836,-5.815,4.116,6.566,0.02904,5.65,1.08,1,93.5,CRITICAL
-0.0203,-0.0398,0.9951,-1.673,1.026,-0.739,1.0,0.78,0.00478,0.0,0.0,0,12.7,LOW
0.0305,-0.0053,0.9972,-0.521,0.276,-0.057,0.066,0.932,0.00447,0.13,0.078,0,7.4,LOW
0.0302,0.0051,1.0055,-2.651,0.058,0.687,0.505,0.353,0.00757,0.05,0.078,0,11.4,LOW
0.0318,-0.035,1.0013,0.375,-1.658,-0.381,0.686,0.046,0.00469,0.0,0.0,0,7.2,LOW
-0.0052,0.0123,1.0124,1.103,-0.388,-0.801,0.458,0.486,0.00174,0.0,0.0,0,8.9,LOW
0.0183,-0.0502,0.9122,1.838,-1.487,-2.171,8.451,2.518,0.01611,5.03,1.525,1,88.8,CRITICAL
0.0422,-0.0048,0.9992,0.027,0.321,-0.644,0.311,0.841,0.0046,0.0,0.086,0,7.7,LOW
0.0734,-0.0385,0.9432,-3.332,8.945,6.971,6.031,4.888,0.00561,5.43,1.819,1,94.4,CRITICAL
0.0374,0.0296,0.9947,0.754,-0.93,1.531,0.017,0.627,0.00565,0.02,0.06,0,8.6,LOW
0.0007,-0.0223,0.9905,0.452,2.424,-0.797,0.744,0.383,0.00691,0.02,0.0,0,12.4,LOW
-0.0517,0.0003,0.9864,1.288,-1.134,-1.673,0.877,0.757,0.00384,0.1,0.0,0,14.2,LOW
0.0084,-0.0332,1.0085,-0.825,-0.213,-1.44,0.422,0.372,0.00376,0.0,0.051,0,8.8,LOW
0.097,-0.0318,1.0118,4.268,1.674,5.398,0.529,4.557,0.0,5.83,1.082,1,50.4,MEDIUM
-0.0199,0.0199,1.0165,0.476,1.558,-0.352,0.885,0.673,0.00881,0.0,0.063,0,15.0,LOW
-0.0891,-0.0931,0.9663,-1.424,3.245,-8.294,7.743,1.87,0.04283,2.62,0.0,1,76.8,HIGH
-0.0197,-0.0006,1.0024,1.21,-1.273,0.822,0.333,1.05,0.00465,0.04,0.013,0,10.5,LOW
0.0962,0.0807,0.9906,-4.195,-7.271,-1.161,3.888,4.343,0.0,6.66,1.524,1,68.5,HIGH
-0.0022,-0.0108,0.9945,-0.223,0.029,0.991,0.604,0.675,0.00451,0.0,0.011,0,9.1,LOW
0.0256,0.0565,0.9947,0.357,-2.15,-0.617,0.711,0.101,0.00253,0.0,0.0,0,8.5,LOW
-0.0305,0.0098,0.9984,0.446,-0.199,0.496,0.637,0.872,0.00824,0.0,0.013,0,9.9,LOW
0.0608,-0.0265,0.9967,-1.266,0.176,1.153,0.569,0.033,0.0085,0.0,0.0,0,8.2,LOW
-0.0106,-0.0208,0.9998,1.733,0.715,-0.174,0.445,0.65,0.0075,0.0,0.094,0,10.0,LOW
-0.0235,0.0137,1.0024,1.075,2.244,-0.42,0.517,0.478,0.00515,0.05,0.048,0,10.1,LOW
0.0575,-0.0039,0.9881,0.85,-0.507,-0.808,0.37,0.246,0.00476,0.12,0.032,0,8.6,LOW
0.0096,-0.0408,1.0197,-1.295,0.694,-1.905,0.403,0.43,0.00584,0.11,0.101,0,13.4,LOW
-0.0221,-0.0417,1.0074,1.883,-0.927,-0.658,0.354,0.671,0.00666,0.16,0.135,0,11.9,LOW
-0.0195,0.0069,0.9962,-0.449,0.139,0.566,0.837,0.029,0.00558,0.0,0.0,0,7.0,LOW
-0.0296,-0.0778,1.0079,0.871,-0.366,-1.09,0.227,0.397,0.00114,0.22,0.0,0,7.0,LOW
0.0254,-0.0084,0.9558,-0.427,0.066,0.908,4.847,4.381,0.01942,0.38,0.91,1,58.4,MEDIUM
-0.0118,0.0353,0.9942,-2.305,1.089,-0.938,0.81,0.195,0.00448,0.02,0.02,0,10.7,LOW
-0.0053,-0.0053,0.9947,-0.797,-2.357,1.072,0.243,0.644,0.00834,0.0,0.0,0,11.2,LOW
0.1144,0.0291,0.9955,2.312,-5.9,0.175,2.617,1.335,0.0155,9.89,0.097,1,51.1,MEDIUM
-0.0102,-0.0356,0.9931,-1.686,-1.885,-1.285,0.838,0.506,0.00352,0.04,0.0,0,12.1,LOW
0.037,-0.0181,0.9716,-2.069,-1.454,-0.075,0.443,0.457,0.00496,0.0,0.062,0,14.9,LOW
-0.002,-0.014,1.0148,1.339,1.969,1.535,0.968,0.53,0.00232,0.01,0.0,0,13.9,LOW
-0.0042,-0.0715,1.0088,-0.434,0.68,-0.367,0.225,0.697,0.00344,0.11,0.031,0,8.2,LOW
-0.0424,-0.0335,1.0028,2.633,-0.281,-1.407,0.72,0.226,0.00819,0.0,0.046,0,11.5,LOW
0.0553,-0.0052,1.0094,-0.279,0.912,-0.107,0.507,0.753,0.00324,0.09,0.011,0,9.6,LOW
0.0111,-0.0161,1.0221,-0.251,-0.22,-0.389,0.288,0.339,0.00564,0.0,0.0,0,9.4,LOW
0.0441,-0.0572,0.9586,-2.341,9.485,5.742,1.669,5.189,0.01471,3.58,0.756,1,68.1,HIGH
-0.0094,0.0387,1.0049,-0.183,-0.741,0.124,0.485,0.156,0.00479,0.0,0.0,0,6.1,LOW
-0.0364,-0.0631,1.0138,-2.546,0.563,0.16,0.412,0.834,0.00777,0.12,0.0,0,14.2,LOW
-0.0507,-0.0349,1.0053,0.058,0.325,-1.038,1.171,0.52,0.00297,0.0,0.053,0,10.6,LOW
0.0254,0.0259,0.9991,-0.174,-0.914,0.022,0.805,0.415,0.00564,0.07,0.009,0,8.3,LOW
0.062,0.1011,0.9635,-3.84,-1.384,4.589,2.546,4.977,0.02007,6.26,1.035,1,70.3,HIGH
0.0099,-0.0763,0.9817,0.176,-0.731,0.135,0.0,0.931,0.00385,0.28,0.001,0,10.2,LOW
0.0536,-0.0023,1.0007,-0.684,0.965,-0.189,0.716,0.428,0.00455,0.07,0.063,0,8.3,LOW
-0.0238,-0.0283,1.0038,-0.454,0.138,0.017,0.674,0.649,0.00236,0.02,0.033,0,7.7,LOW
-0.0591,0.0153,1.0124,0.603,1.221,-1.971,0.726,0.707,0.00409,0.02,0.042,0,13.3,LOW
0.0074,0.0158,1.0024,0.367,-0.504,1.331,0.647,0.566,0.00349,0.0,0.011,0,8.6,LOW
0.0039,-0.105,0.9308,-2.644,4.334,-5.059,3.475,0.76,0.03211,6.85,0.603,1,67.9,HIGH
0.0312,-0.0355,1.0054,1.684,1.32,-1.167,0.0,0.66,0.00548,0.01,0.012,0,9.1,LOW
0.0387,-0.0391,0.8902,-12.727,-1.72,6.98,4.107,3.497,0.00396,6.75,2.105,1,99.5,CRITICAL
0.0206,0.1491,0.8531,-1.168,-2.274,7.357,4.786,2.557,0.0326,6.22,0.302,1,94.2,CRITICAL
0.0226,0.0161,0.987,0.302,-1.12,0.001,0.649,0.864,0.00475,0.0,0.071,0,12.2,LOW
0.0304,0.0405,0.9996,0.029,1.75,0.878,0.98,0.0,0.0101,0.05,0.137,0,10.8,LOW
0.0684,-0.0416,0.9983,1.366,0.255,-0.214,0.743,0.402,0.00527,0.0,0.0,0,8.6,LOW
-0.0319,0.0678,0.9864,0.381,0.309,0.317,0.682,1.385,0.00518,0.0,0.0,0,13.4,LOW
-0.0085,0.1185,1.0219,-4.142,1.962,-10.734,4.233,3.493,0.0364,4.65,0.496,1,75.5,HIGH
0.004,0.0149,0.9958,0.733,-0.492,0.685,0.0,0.743,0.00359,0.17,0.0,0,6.9,LOW
-0.0203,0.0373,0.9876,0.263,-0.509,-0.35,0.57,1.134,0.00575,0.0,0.0,0,12.0,LOW
-0.0074,-0.0198,1.0168,-1.454,1.757,-0.682,0.808,0.933,0.00646,0.0,0.022,0,15.9,LOW
-0.007,-0.0073,0.997,-1.558,-0.426,0.921,0.0,0.057,0.00161,0.0,0.0,0,4.1,LOW
0.0389,0.016,1.0046,-1.411,1.23,-0.433,0.576,0.37,0.00579,0.0,0.0,0,9.3,LOW
0.0144,0.0442,0.9939,0.116,0.385,0.792,0.253,0.503,0.00452,0.03,0.022,0,7.1,LOW
0.0275,-0.0296,0.9935,0.664,-0.126,-0.395,0.107,0.675,0.00565,0.0,0.036,0,7.5,LOW
-0.0711,0.0598,0.9868,1.43,-1.562,0.378,0.453,0.8,0.00758,0.0,0.029,0,13.3,LOW
0.0377,0.0005,0.9778,1.709,0.149,0.348,0.357,0.0,0.00573,0.06,0.0,0,10.3,LOW
-0.0682,0.0321,0.991,-0.328,0.713,-1.381,0.678,0.708,0.00433,0.0,0.008,0,11.1,LOW
-0.005,0.0062,0.9996,1.333,-0.935,-0.762,0.156,0.285,0.00487,0.0,0.0,0,6.0,LOW
-0.0335,0.0038,1.0051,-0.743,-0.976,0.312,0.909,0.408,0.00422,0.0,0.0,0,9.5,LOW
-0.0251,-0.0046,1.0072,1.289,-1.073,0.988,0.79,0.0,0.00482,0.0,0.009,0,9.0,LOW
-0.025,0.0014,0.9182,1.597,5.207,4.526,2.108,4.374,0.02176,4.92,0.452,1,71.5,HIGH
0.0392,-0.0189,1.0041,-0.912,0.918,-0.49,0.623,0.254,0.00083,0.13,0.0,0,6.9,LOW
-0.001,-0.0279,0.9965,-1.325,1.847,0.338,0.555,0.146,0.00562,0.03,0.035,0,8.9,LOW
0.0345,-0.027,0.9971,0.883,-0.616,0.282,0.161,0.43,0.00663,0.13,0.056,0,7.1,LOW
0.0173,-0.0382,0.979,-1.251,0.192,-0.579,0.0,0.675,0.00598,0.04,0.0,0,10.9,LOW
0.0156,-0.0104,1.0037,-0.711,2.216,-0.458,0.803,0.803,0.0052,0.0,0.0,0,12.3,LOW
0.0119,-0.0631,0.9847,-1.106,-0.821,-1.369,0.261,0.598,0.00607,0.0,0.036,0,11.4,LOW
0.0087,0.0637,1.0008,1.32,-0.744,0.791,0.333,0.582,0.00604,0.0,0.138,0,8.9,LOW
-0.0219,-0.0134,1.0082,0.294,2.191,0.135,0.628,0.745,0.00828,0.16,0.054,0,13.5,LOW
-0.002,0.0022,0.9931,-1.625,-1.162,-1.157,0.581,0.712,0.00662,0.0,0.0,0,12.0,LOW
0.0822,-0.0688,0.897,3.682,10.705,-4.379,4.553,0.0,0.02402,5.49,1.623,1,83.3,CRITICAL
0.0061,-0.0173,1.0031,-1.476,0.699,-1.013,0.289,1.016,0.00733,0.01,0.0,0,10.9,LOW
-0.0093,0.0116,0.999,1.105,0.433,-0.628,0.98,0.102,0.00427,0.07,0.069,0,8.3,LOW
0.0099,-0.0309,1.0002,-0.519,-0.712,-0.094,0.406,0.46,0.00473,0.0,0.003,0,6.3,LOW
-0.0238,-0.0281,0.9795,0.71,1.648,-0.647,0.635,0.893,0.00797,0.0,0.0,0,15.5,LOW
-0.0125,-0.0126,0.9927,0.369,-1.097,0.039,0.94,0.442,0.00541,0.0,0.0,0,10.3,LOW
0.0358,-0.0249,1.0078,0.679,1.009,-0.308,0.312,0.63,0.00858,0.0,0.0,0,9.8,LOW
-0.005,0.001,1.0029,-0.046,-1.13,0.571,0.466,0.806,0.00277,0.0,0.0,0,8.4,LOW
-0.0057,0.0052,0.9971,-0.087,0.629,-0.751,0.648,0.763,0.00777,0.0,0.004,0,10.1,LOW
0.0018,-0.0025,1.0035,-0.321,-1.62,-0.7,0.917,0.262,0.00558,0.03,0.003,0,9.9,LOW
-0.0214,-0.0049,0.9877,0.226,0.311,0.654,0.501,0.721,0.00443,0.0,0.0,0,9.8,LOW
0.024,-0.0217,0.9841,1.278,-3.094,3.167,2.902,0.0,0.04109,4.59,0.267,1,44.5,MEDIUM
0.0083,0.0063,0.9966,1.033,2.393,-0.827,0.554,0.57,0.00835,0.0,0.042,0,12.0,LOW
-0.0001,-0.0063,1.0056,-0.478,-0.162,1.143,0.969,0.383,0.00359,0.0,0.085,0,9.9,LOW
0.0101,0.0254,1.016,-2.368,-1.136,-0.593,0.051,1.044,0.00623,0.0,0.005,0,13.5,LOW
-0.018,-0.034,1.0175,-2.102,0.076,-0.538,0.794,0.238,0.00828,0.0,0.048,0,13.6,LOW
0.0377,-0.0235,1.0107,1.083,0.043,-1.422,0.238,0.858,0.00525,0.0,0.019,0,10.9,LOW
-0.0104,-0.0152,1.0014,-0.902,-1.48,-1.676,0.759,0.521,0.00859,0.0,0.004,0,11.6,LOW
0.0223,-0.0689,1.015,-0.691,0.141,0.487,0.28,0.659,0.00429,0.19,0.0,0,9.7,LOW
0.0077,0.0297,1.0043,-0.422,-0.157,0.43,0.454,1.058,0.00641,0.13,0.0,0,10.0,LOW
0.0545,0.0153,1.0004,0.508,0.099,-0.208,0.666,0.471,0.00228,0.0,0.035,0,6.3,LOW
-0.0024,-0.0642,0.9989,-1.52,1.585,-0.582,0.258,0.755,0.0036,0.11,0.0,0,9.0,LOW
0.0314,-0.0005,0.9873,-0.027,0.328,-1.822,0.809,0.627,0.00129,0.01,0.0,0,11.5,LOW
0.0305,-0.0346,0.9968,-0.705,0.627,0.83,0.482,0.71,0.00434,0.02,0.007,0,8.7,LOW
0.0182,0.0265,0.9778,-0.504,-0.887,0.648,0.305,0.288,0.00518,0.14,0.0,0,10.5,LOW
-0.0493,0.0119,1.0003,0.728,-0.752,-0.85,0.664,0.929,0.00342,0.0,0.021,0,9.6,LOW
-0.023,0.0023,1.0009,0.542,-0.419,-0.53,0.898,0.043,0.00712,0.15,0.105,0,8.2,LOW
0.0018,0.0585,1.0079,-0.604,0.445,-1.091,0.466,0.541,0.00557,0.17,0.0,0,9.6,LOW
-0.0242,0.0212,1.0054,-1.813,-1.188,0.208,0.397,0.289,0.00604,0.0,0.0,0,8.9,LOW
-0.0139,0.0381,1.0077,-0.585,-0.187,0.074,0.2,0.281,0.00351,0.0,0.0,0,5.4,LOW
0.0095,0.0313,1.0017,-0.061,-1.051,0.261,0.33,0.28,5e-05,0.02,0.024,0,4.6,LOW
0.0351,0.0468,0.9868,0.25,0.832,0.772,0.169,0.2,0.00534,0.0,0.0,0,7.5,LOW
0.0444,-0.0144,1.0056,0.281,1.57,2.008,0.742,0.425,0.00235,0.05,0.019,0,10.5,LOW
0.022,-0.0013,0.9963,-0.319,0.761,-0.108,0.0,0.909,0.00384,0.0,0.002,0,6.8,LOW
0.0344,0.0528,0.9143,2.134,-1.615,-3.381,3.695,2.515,0.01889,3.83,1.477,1,69.2,HIGH
0.0078,-0.0573,0.9974,-0.201,0.475,0.628,0.287,0.486,0.00465,0.0,0.0,0,6.2,LOW
-0.0071,0.0636,0.9881,-1.541,-1.935,0.036,0.586,0.378,0.00734,0.0,0.023,0,12.3,LOW
0.0199,0.1609,1.0148,1.928,-6.796,0.63,4.785,7.735,0.01947,0.0,1.33,1,76.2,HIGH
-0.0231,0.0203,1.001,0.486,1.199,-1.13,1.1,0.64,0.00355,0.07,0.0,0,10.9,LOW
0.0195,-0.0336,0.9901,0.091,0.993,0.749,0.564,1.281,0.0038,0.1,0.0,0,12.6,LOW
-0.0227,0.008,1.0016,0.844,-0.396,0.857,0.429,0.29,0.00535,0.15,0.0,0,7.0,LOW
-0.0296,0.0305,1.0077,0.458,-0.375,1.427,0.022,0.245,0.00302,0.0,0.0,0,5.8,LOW
0.0019,-0.0205,1.0012,0.71,-1.076,-0.387,0.457,0.434,0.00963,0.0,0.0,0,8.7,LOW
0.0661,-0.095,1.007,-2.038,4.154,-7.079,6.974,3.454,0.0278,0.0,1.572,1,72.0,HIGH
-0.2128,0.0521,0.9775,9.173,-2.713,-9.601,4.472,4.239,0.02617,4.25,1.221,1,82.1,CRITICAL
0.0846,0.0861,0.9981,-0.789,4.062,3.112,3.207,8.814,0.01519,2.29,0.545,1,68.1,HIGH
-0.0109,0.0321,0.9978,-0.781,0.405,1.185,0.256,0.409,0.00466,0.0,0.0,0,6.7,LOW
-0.0197,0.0323,1.001,-0.682,-0.939,0.958,0.33,0.394,0.00542,0.01,0.0,0,7.0,LOW
0.0007,0.0088,0.9862,0.456,0.966,0.446,0.676,0.615,0.00639,0.0,0.025,0,11.7,LOW
-0.029,-0.071,0.9991,0.499,1.139,1.324,0.671,0.1,0.00076,0.0,0.0,0,6.2,LOW
-0.0964,0.0771,0.9477,-1.136,-2.101,10.134,5.351,5.749,0.04992,8.0,0.0,1,100.0,CRITICAL
0.027,0.0073,1.0041,2.124,-0.177,0.007,0.073,0.229,0.00388,0.0,0.037,0,6.6,LOW
-0.0091,0.0004,0.9959,-2.659,1.03,0.052,0.466,0.602,0.00462,0.0,0.0,0,10.8,LOW
0.0024,0.0183,0.9884,-0.883,-0.373,-0.69,0.163,0.772,0.00213,0.01,0.0,0,8.5,LOW
0.003,0.0179,0.9976,-0.829,0.74,-1.192,0.292,0.651,0.00224,0.0,0.009,0,7.4,LOW
0.046,0.0354,1.0049,-1.116,1.444,0.633,0.496,0.918,0.00329,0.0,0.036,0,10.7,LOW
0.0038,0.028,1.0113,0.513,0.822,2.315,0.647,0.0,0.00625,0.01,0.0,0,10.5,LOW
-0.0266,-0.0191,1.0037,-0.293,-0.447,0.114,0.426,0.378,0.00846,0.0,0.0,0,7.3,LOW
-0.0231,0.0541,0.9284,-3.904,-5.962,-7.766,3.359,4.571,0.01099,0.0,1.364,1,72.0,HIGH
-0.0101,0.0315,1.0059,-0.638,-0.805,1.09,0.621,0.242,0.00339,0.0,0.0,0,7.9,LOW
0.029,0.0272,1.0022,-0.203,1.301,0.561,0.951,0.0,0.00301,0.15,0.0,0,7.6,LOW
0.0387,-0.0014,0.9968,0.051,-2.803,0.305,0.967,0.0,0.00788,0.0,0.091,0,11.6,LOW
0.0602,-0.0112,1.0274,-0.997,0.418,1.109,0.0,0.616,0.00564,0.0,0.015,0,12.0,LOW
-0.0062,-0.0674,1.0035,0.137,-0.624,0.069,0.791,0.008,0.00374,0.17,0.035,0,6.5,LOW
0.0163,-0.0298,1.0089,0.353,-0.836,-0.408,0.0,0.669,0.00625,0.04,0.0,0,7.9,LOW
-0.0248,0.0339,1.0061,0.918,-0.172,2.187,0.484,0.0,0.00531,0.0,0.0,0,8.3,LOW
-0.0174,-0.0856,0.9491,-4.81,2.39,7.303,5.138,3.951,0.02738,7.51,0.621,1,86.5,CRITICAL
-0.0711,0.1182,1.0136,-5.276,3.101,5.126,3.21,2.473,0.01651,1.95,1.181,1,52.2,MEDIUM
0.001,0.0122,1.0052,0.311,-0.285,-0.646,0.26,0.247,0.00426,0.0,0.046,0,5.7,LOW
-0.0,-0.0275,0.9824,-0.395,1.306,0.945,0.932,0.084,0.0051,0.08,0.0,0,11.8,LOW
0.0262,-0.0298,1.0051,-0.47,-0.987,0.991,0.593,0.389,0.00641,0.0,0.0,0,9.1,LOW
-0.1038,-0.055,0.8637,-1.457,-0.81,-6.39,3.413,0.644,0.01076,0.29,0.809,1,61.2,HIGH
-0.0387,0.0101,0.9968,-0.041,0.421,-0.633,0.0,0.088,0.00373,0.1,0.04,0,3.7,LOW
-0.0012,-0.0196,1.02,-0.563,-1.01,-1.698,0.046,0.784,0.00529,0.01,0.0,0,12.0,LOW
0.0151,-0.0333,0.9989,0.876,-0.304,2.036,0.665,1.31,0.00122,0.0,0.07,0,12.2,LOW
0.0993,-0.0342,0.8096,-3.307,-0.805,-8.753,4.313,4.434,0.03819,1.28,2.365,1,100.0,CRITICAL
-0.0006,-0.0335,1.0062,0.268,0.176,-1.515,0.753,0.654,0.00149,0.03,0.046,0,9.9,LOW
0.0421,-0.0192,0.9606,1.278,-2.948,-1.692,4.197,0.682,0.01165,9.85,0.984,1,61.0,HIGH
-0.039,0.0065,0.9962,1.649,-1.374,-0.321,0.232,0.321,0.00486,0.0,0.032,0,7.8,LOW
0.0118,0.0143,1.0144,0.198,-1.75,-0.112,0.738,0.0,0.00735,0.0,0.05,0,10.9,LOW
0.1076,0.0787,0.9229,3.589,9.555,-0.386,1.908,4.258,0.04317,0.68,1.5,1,77.2,HIGH
-0.0089,-0.0333,1.0122,0.958,-0.568,1.188,0.563,0.666,0.00679,0.0,0.0,0,11.8,LOW
-0.0277,0.002,0.9983,-0.245,0.073,0.607,0.507,1.101,0.0051,0.0,0.017,0,9.4,LOW
0.0278,0.025,0.984,0.278,0.055,1.074,0.036,0.3,0.00714,0.04,0.063,0,8.7,LOW
0.0605,0.0862,0.9686,-0.956,3.449,-1.939,0.662,2.681,0.02775,6.4,0.823,1,51.0,MEDIUM
0.0075,-0.0368,0.9513,1.994,3.03,4.421,5.585,5.824,0.01901,3.36,1.404,1,83.4,CRITICAL
0.0306,-0.04,1.013,-0.959,0.029,-1.286,0.476,0.59,0.00593,0.0,0.0,0,11.0,LOW
-0.0561,0.0367,0.998,0.206,-1.902,-0.592,0.996,0.549,0.00845,0.0,0.031,0,12.3,LOW
0.028,-0.0426,0.9857,-0.553,-0.336,0.875,0.296,0.407,0.00472,0.0,0.009,0,8.8,LOW
-0.0171,0.0092,0.9974,-0.662,0.64,-0.379,0.695,0.911,0.00744,0.0,0.004,0,10.7,LOW
-0.1854,-0.0475,0.8933,-2.419,0.561,-7.083,4.964,3.986,0.02872,5.93,1.413,1,95.9,CRITICAL
-0.0045,0.035,1.0229,-0.207,-1.585,-0.714,0.536,0.479,0.00485,0.18,0.0,0,13.1,LOW
-0.0157,0.0147,0.9927,1.06,2.208,-0.536,0.0,0.841,0.00573,0.1,0.113,0,11.1,LOW
-0.0068,-0.0175,1.0135,-0.781,-0.811,2.068,0.487,0.886,0.0066,0.08,0.0,0,13.9,LOW
0.0373,0.0755,0.9714,-9.347,-5.295,-11.88,4.04,2.251,0.02932,10.11,1.275,1,90.3,CRITICAL
0.0049,-0.0248,0.9949,-0.005,-0.275,-0.084,0.457,0.402,0.00511,0.09,0.056,0,6.9,LOW
0.0219,-0.0037,0.9994,0.03,0.077,-2.023,0.387,0.0,0.00587,0.02,0.015,0,6.6,LOW
-0.0023,0.046,0.9778,-0.464,0.172,-0.475,0.94,0.365,0.00723,0.02,0.0,0,12.9,LOW
0.0148,-0.0368,1.0043,-0.737,-1.364,-0.147,0.553,0.0,0.00618,0.08,0.0,0,7.4,LOW
0.0377,-0.0018,0.9974,-0.463,0.958,0.755,0.649,0.236,0.00588,0.1,0.0,0,8.0,LOW
-0.0315,-0.0036,1.0042,-0.918,0.747,-0.629,0.673,0.698,0.00515,0.0,0.032,0,10.0,LOW
0.0308,-0.0312,0.9978,-0.702,0.013,0.532,0.452,0.705,0.00115,0.07,0.0,0,6.9,LOW
-0.0012,-0.0297,0.9969,-0.375,1.469,-0.102,0.633,0.613,0.00466,0.13,0.071,0,9.9,LOW
0.0983,0.1179,0.9704,4.152,2.191,-4.241,3.839,3.176,0.01707,8.73,1.049,1,71.3,HIGH
-0.0459,0.0318,0.9912,-1.017,2.425,-1.181,0.249,1.104,0.00557,0.0,0.0,0,13.2,LOW
-0.0001,0.0178,0.9918,-0.44,-1.177,0.757,0.817,0.587,0.00337,0.11,0.032,0,10.8,LOW
-0.0527,-0.0033,1.0028,-0.27,-0.124,-0.61,0.606,0.745,0.00257,0.06,0.0,0,7.9,LOW
-0.0211,-0.0102,1.0042,-0.445,-0.376,-0.39,0.866,0.337,0.00482,0.0,0.0,0,8.1,LOW
-0.0142,-0.0322,1.0147,-0.7,-1.001,0.49,0.909,0.265,0.00668,0.0,0.0,0,11.6,LOW
-0.0013,-0.0013,1.0122,0.267,-0.085,-0.615,0.402,0.456,0.00518,0.0,0.01,0,8.5,LOW
0.0006,0.0732,0.9293,4.488,8.271,-6.331,2.539,4.905,0.0148,5.61,1.527,1,84.2,CRITICAL
-0.0257,-0.0005,0.9961,1.639,1.045,1.458,0.429,0.392,0.00636,0.0,0.04,0,9.8,LOW
-0.0323,-0.016,0.9948,-0.609,-0.151,-0.741,0.169,0.528,0.00328,0.0,0.0,0,6.3,LOW
-0.0128,0.0269,1.0051,-0.034,-0.587,-1.936,0.556,0.976,0.00823,0.04,0.0,0,12.7,LOW
-0.0151,0.0067,0.9978,0.697,0.217,0.179,0.477,0.842,0.00287,0.0,0.0,0,7.7,LOW
-0.0449,-0.0319,0.9912,0.176,-0.172,0.476,0.586,0.52,0.00509,0.02,0.016,0,8.6,LOW
-0.0368,0.0078,0.9913,0.557,1.157,-0.165,0.548,0.707,0.00313,0.09,0.0,0,9.8,LOW
-0.0386,0.0216,0.9846,-0.318,-0.146,-5.111,4.615,1.461,0.02556,5.71,1.388,1,61.1,HIGH
-0.027,-0.0265,1.0092,0.497,0.305,0.438,0.0,1.021,0.0052,0.02,0.011,0,8.7,LOW
0.0193,-0.0305,0.877,-3.992,0.832,-9.721,3.579,2.814,0.02299,3.76,0.956,1,85.2,CRITICAL
-0.0381,-0.1127,0.8914,2.215,4.61,10.624,2.697,3.89,0.03011,4.32,0.691,1,86.9,CRITICAL
0.0116,0.0229,1.0003,0.791,0.097,1.159,1.052,0.956,0.00248,0.03,0.0,0,11.0,LOW
-0.0211,0.0004,0.995,1.291,1.368,0.804,0.778,0.243,0.0074,0.09,0.0,0,10.6,LOW
0.0415,0.0209,1.0039,0.726,-0.423,-0.649,0.572,0.43,0.00645,0.0,0.0,0,8.3,LOW
0.0375,-0.015,0.992,-0.996,-0.282,0.614,0.285,0.175,0.0056,0.0,0.0,0,6.9,LOW
0.0113,-0.0352,1.0075,0.735,1.278,0.842,0.0,0.622,0.00705,0.0,0.013,0,8.7,LOW
0.026,0.0466,1.0045,-0.092,0.924,2.763,0.378,0.957,0.00855,0.0,0.0,0,13.2,LOW
0.0226,-0.029,1.0102,0.047,-0.186,0.472,0.353,0.469,0.00623,0.0,0.061,0,8.3,LOW
0.0348,0.0145,0.9999,-0.067,-1.462,1.997,0.922,0.329,0.00658,0.0,0.053,0,11.0,LOW
-0.0524,0.0609,0.9976,1.53,-0.103,-0.394,0.138,0.452,0.003,0.08,0.026,0,6.4,LOW
0.0212,-0.0076,1.0176,0.918,-1.552,0.613,0.67,0.794,0.00546,0.0,0.0,0,13.9,LOW
-0.0044,0.014,1.0001,-0.876,2.633,0.512,0.307,0.882,0.00378,0.07,0.01,0,10.3,LOW
0.0376,0.0243,0.9307,-1.478,4.987,-0.278,0.0,0.176,0.02415,6.71,0.679,1,46.4,MEDIUM
0.0392,-0.1126,0.942,0.359,7.017,1.72,0.0,6.192,0.02033,1.72,0.681,1,60.2,HIGH
-0.033,0.0005,1.0018,-0.68,1.36,1.07,0.745,0.434,0.00481,0.01,0.001,0,9.3,LOW
0.0673,0.0149,0.9987,-0.978,-0.167,-0.908,0.722,0.803,0.00667,0.03,0.065,0,10.8,LOW
-0.0154,0.0702,0.9973,0.39,-1.277,-1.056,0.696,0.465,0.005,0.0,0.011,0,9.3,LOW
0.0404,-0.0779,0.9927,-1.725,-0.421,-0.351,0.856,0.305,0.00753,0.02,0.0,0,11.1,LOW
-0.0363,-0.0596,1.0212,0.847,0.615,-0.398,0.877,0.345,0.00365,0.01,0.027,0,12.1,LOW
-0.0101,-0.0231,1.0026,1.005,0.488,-0.764,0.434,0.528,0.0048,0.17,0.0,0,8.2,LOW
0.0269,0.0417,0.9975,1.599,-0.076,-0.614,0.895,0.402,0.00594,0.01,0.0,0,10.1,LOW
-0.0509,0.0299,0.9961,0.507,1.306,-0.497,0.45,0.49,0.0039,0.0,0.078,0,8.3,LOW
0.0674,-0.0673,0.9582,-2.617,-10.483,-4.916,2.283,5.669,0.02046,6.66,0.6,1,80.4,CRITICAL
0.1177,-0.0538,1.0135,-4.552,-0.417,-10.043,2.236,6.243,0.01729,5.33,0.989,1,74.0,HIGH
-0.0053,0.0554,0.9964,0.902,-0.484,0.573,0.634,0.699,0.00606,0.01,0.006,0,9.7,LOW
0.0084,0.0062,0.9838,0.286,-1.724,-0.935,0.359,0.808,0.00334,0.06,0.063,0,12.3,LOW
0.0334,0.0238,1.0106,0.359,-0.104,0.081,0.545,0.331,0.00673,0.0,0.028,0,8.4,LOW
0.0657,0.0318,0.9859,1.26,-0.303,-2.079,0.308,1.015,0.00467,0.0,0.0,0,13.2,LOW
-0.002,0.05,0.9994,-0.098,-0.678,-1.185,0.0,0.595,0.00697,0.0,0.049,0,6.9,LOW
0.0191,-0.0415,1.0308,1.01,-0.717,0.921,0.635,1.023,0.00671,0.02,0.0,0,17.2,LOW
-0.018,0.0039,0.9784,0.504,0.054,-1.186,1.1,0.0,0.00564,0.03,0.0,0,12.4,LOW
-0.0075,0.028,0.9921,0.913,-0.483,-0.825,0.401,0.96,0.00427,0.0,0.006,0,10.3,LOW
0.0027,0.041,1.0049,-0.587,0.749,0.303,0.66,0.569,0.00381,0.0,0.0,0,8.5,LOW
0.0089,-0.0156,1.0069,-0.849,0.249,1.526,0.657,0.319,0.00632,0.13,0.0,0,10.1,LOW
-0.0025,-0.0373,0.9961,1.873,1.36,-1.636,0.217,0.394,0.00493,0.0,0.0,0,9.0,LOW
-0.0215,-0.0227,0.9988,-0.186,-0.18,-0.983,0.387,0.495,0.00395,0.0,0.0,0,6.5,LOW
-0.0127,0.0537,1.0521,-2.634,1.478,2.108,0.83,4.205,0.02734,8.6,0.364,1,63.3,HIGH
-0.043,0.132,0.9945,-5.408,-1.722,-0.216,2.808,2.51,0.01991,7.52,1.354,1,58.7,MEDIUM
0.0221,0.0012,0.9963,0.324,-0.905,-0.925,0.539,0.384,0.00652,0.0,0.038,0,8.6,LOW
0.002,0.0085,1.0137,-1.845,-0.034,0.056,0.616,0.193,0.00679,0.01,0.021,0,10.9,LOW
-0.0101,-0.014,0.9955,-0.463,-1.389,0.441,0.182,0.678,0.00485,0.01,0.112,0,8.7,LOW
0.0062,0.0375,1.0041,-1.312,-1.9,-0.171,1.102,0.0,0.00631,0.04,0.004,0,10.7,LOW
0.0662,-0.1048,0.9943,-0.337,1.054,-8.847,6.708,4.235,0.02662,0.0,1.065,1,71.6,HIGH
0.0402,0.0001,1.0091,-0.234,-0.586,-1.092,0.383,0.14,0.00524,0.0,0.013,0,7.4,LOW
-0.0297,0.0028,0.9913,0.462,0.923,-0.415,0.44,0.0,0.00233,0.08,0.0,0,6.0,LOW
0.0422,0.032,0.9976,1.013,-0.814,0.864,0.304,0.0,0.00631,0.03,0.004,0,6.0,LOW
-0.0278,0.0309,0.9933,0.077,1.843,0.501,0.323,0.74,0.00331,0.04,0.0,0,9.5,LOW
0.0214,-0.0762,0.9824,1.933,-0.145,-1.229,0.482,0.318,0.00265,0.0,0.035,0,11.1,LOW
-0.0365,-0.0142,1.0106,0.173,-0.407,-1.102,0.717,0.332,0.00745,0.0,0.0,0,10.3,LOW
-0.0267,0.0116,1.0021,-0.952,-0.565,-0.615,0.229,0.775,0.00533,0.0,0.081,0,8.3,LOW
0.0013,-0.0375,0.9981,1.485,0.906,-0.667,0.245,0.496,0.00484,0.01,0.0,0,7.6,LOW
-0.0069,0.013,0.9954,-1.045,-0.116,0.289,0.349,0.686,0.00576,0.0,0.038,0,8.6,LOW
-0.0506,0.0032,0.9922,-0.511,0.709,0.544,0.436,1.086,0.00123,0.2,0.0,0,10.0,LOW
-0.0516,0.0196,1.0019,-0.1,0.503,0.918,0.443,0.387,0.00561,0.13,0.003,0,7.2,LOW
-0.0105,-0.0305,0.9992,0.955,0.416,-0.737,0.672,0.239,0.00288,0.0,0.004,0,6.6,LOW
0.0092,-0.0759,0.9842,3.592,0.834,9.671,0.743,4.244,0.01198,1.46,0.982,1,50.1,MEDIUM
-0.0193,0.013,1.0018,1.09,-0.547,-0.625,0.396,0.41,0.00635,0.07,0.0,0,7.7,LOW
-0.0055,-0.031,0.8433,-6.549,1.648,2.69,4.144,4.908,0.00508,3.94,0.503,1,90.4,CRITICAL
0.0106,-0.2007,0.9766,5.086,-1.371,7.0,2.562,6.957,0.00909,7.33,1.855,1,82.6,CRITICAL
0.0269,0.003,0.9898,0.129,-0.227,-0.006,0.456,0.772,0.00342,0.0,0.0,0,8.4,LOW
0.0111,-0.0379,1.0012,1.064,-0.933,-0.453,0.563,0.979,0.00351,0.23,0.0,0,10.1,LOW
-0.0046,0.0283,1.0119,-1.903,0.363,-1.651,0.444,0.002,0.00604,0.0,0.0,0,9.8,LOW
-0.007,-0.0103,1.0086,-0.726,0.369,-0.318,0.285,0.0,0.00678,0.01,0.0,0,6.2,LOW
0.0016,0.0097,0.9992,-0.835,0.132,0.946,0.706,0.217,0.00507,0.0,0.0,0,7.3,LOW
0.0183,-0.0291,1.0001,-0.822,0.018,-0.964,0.832,0.892,0.00507,0.0,0.0,0,10.3,LOW
-0.0174,-0.0166,0.9987,-0.061,-0.226,-1.576,0.627,0.457,0.00407,0.04,0.0,0,8.3,LOW
-0.0223,-0.0211,0.9946,-0.543,0.128,0.27,0.52,0.512,0.00581,0.0,0.0,0,7.9,LOW
0.0071,-0.0265,0.9964,1.02,1.318,0.424,0.405,0.465,0.00632,0.0,0.0,0,8.7,LOW
0.0423,0.0018,0.9976,-0.572,1.108,-0.805,0.404,0.618,0.00396,0.0,0.016,0,8.1,LOW
-0.0292,-0.0664,1.0213,0.853,1.201,-0.796,0.498,0.736,0.00281,0.0,0.0,0,12.6,LOW
-0.004,0.0145,0.9954,-0.106,-1.939,-0.007,0.283,0.692,0.00824,0.02,0.015,0,10.3,LOW
0.0334,0.072,1.0102,0.182,-2.295,0.134,0.527,0.492,0.00584,0.0,0.053,0,11.6,LOW
0.0179,-0.0435,0.9981,1.858,-1.496,0.353,0.285,0.636,0.00856,0.05,0.0,0,10.3,LOW
-0.0553,-0.0445,0.9852,1.166,-0.591,0.738,0.695,0.801,0.00434,0.06,0.023,0,12.7,LOW
-0.0051,0.0313,0.9927,-0.519,-1.272,0.84,0.17,0.553,0.00369,0.0,0.0,0,7.9,LOW
0.0053,-0.0336,0.991,-0.248,-0.961,-0.474,0.11,0.169,0.00423,0.0,0.0,0,5.8,LOW
-0.0921,0.0063,1.049,-7.057,-4.616,-5.452,0.507,2.803,0.03358,1.89,1.074,1,57.3,MEDIUM
0.0515,-0.0257,0.9867,1.146,-1.268,0.101,1.034,0.555,0.00473,0.03,0.087,0,13.5,LOW
0.0384,-0.054,0.9932,-0.342,-0.394,-0.441,0.43,0.502,0.00456,0.0,0.002,0,7.5,LOW
-0.019,-0.0473,1.0019,-1.307,0.163,0.252,0.646,0.504,0.00252,0.04,0.031,0,8.0,LOW
-0.0005,-0.0364,0.9857,0.286,-0.314,0.652,0.885,0.497,0.00718,0.0,0.062,0,12.0,LOW
0.0275,-0.0253,0.9968,-1.19,2.007,1.136,0.238,0.877,0.00217,0.0,0.0,0,9.6,LOW
-0.0384,-0.0425,0.9848,0.139,-0.573,0.936,0.364,0.447,0.00852,0.01,0.0,0,10.5,LOW
-0.043,-0.0274,1.0012,0.965,0.079,0.296,0.617,0.415,0.00123,0.0,0.063,0,6.6,LOW
-0.0452,-0.0066,0.9928,-0.273,-0.64,-0.47,0.782,1.038,0.00426,0.11,0.004,0,11.5,LOW
-0.1086,-0.0461,0.9789,-3.776,-3.615,1.252,4.047,4.007,0.01153,7.46,0.054,1,63.1,HIGH
0.0684,0.0017,1.0054,0.718,1.235,-1.32,0.254,0.923,0.00416,0.0,0.024,0,10.1,LOW
-0.0331,0.0151,0.9893,0.976,-0.949,-0.735,0.388,0.759,0.00508,0.05,0.0,0,10.7,LOW
-0.015,-0.0221,0.9973,1.538,1.797,1.085,0.801,0.35,0.01094,0.02,0.0,0,12.4,LOW
-0.0137,-0.0243,0.9908,-0.493,0.152,1.673,0.781,0.697,0.00379,0.0,0.031,0,11.7,LOW
-0.0776,0.0061,1.003,-2.411,0.963,0.292,1.267,0.331,0.00411,0.04,0.056,0,12.5,LOW
-0.0012,-0.0264,1.0017,0.713,0.897,-0.42,0.404,0.025,0.00457,0.01,0.016,0,5.4,LOW
-0.0029,-0.0567,0.9946,-0.52,0.845,0.794,0.194,0.699,0.00659,0.1,0.012,0,8.8,LOW
-0.0056,-0.0076,0.9962,0.336,-1.448,1.155,0.478,0.931,0.0025,0.0,0.067,0,10.3,LOW
0.0018,0.0688,0.9959,0.556,0.164,-2.165,0.552,0.161,0.0018,0.02,0.0,0,7.6,LOW
-0.0653,-0.0134,0.9767,-4.6,0.791,4.624,2.484,1.187,0.0109,0.0,0.582,1,35.4,MEDIUM
-0.0225,-0.0307,0.9832,0.637,-0.84,2.174,1.009,0.575,0.00035,0.06,0.0,0,13.5,LOW
-0.0401,0.003,1.0087,1.063,-0.942,0.574,0.827,0.436,0.00117,0.11,0.0,0,9.7,LOW
-0.0121,-0.0336,1.0084,-0.633,0.555,-0.976,0.006,0.474,0.00479,0.0,0.032,0,7.1,LOW
0.0545,0.0361,0.988,-1.196,1.87,-1.057,0.996,1.234,0.00588,0.11,0.053,0,17.3,LOW
-0.0051,-0.0339,1.0025,-1.785,-1.223,0.205,0.191,1.011,0.00553,0.0,0.014,0,10.3,LOW
-0.0195,0.0595,1.0135,-6.095,0.246,1.676,2.119,3.502,0.02078,4.97,1.198,1,56.8,MEDIUM
-0.0367,0.0807,0.9824,6.218,-11.032,7.069,4.995,6.663,0.02042,2.6,1.718,1,91.8,CRITICAL
-0.0087,0.0174,0.9875,0.394,-1.637,-0.907,0.557,0.546,0.00579,0.02,0.048,0,11.8,LOW
-0.0276,0.0542,1.0922,1.95,0.2,2.443,6.502,2.004,0.02174,7.98,0.923,1,84.3,CRITICAL
-0.0038,0.0015,1.0048,-0.209,-0.338,0.569,0.059,0.287,0.0076,0.14,0.063,0,6.3,LOW
0.0122,0.0358,0.9914,0.207,1.134,-0.809,0.45,0.682,0.00316,0.07,0.0,0,9.4,LOW
-0.0208,0.0085,0.9894,0.094,-1.283,0.223,0.627,0.927,0.0045,0.0,0.0,0,11.6,LOW
-0.0394,0.0277,1.0139,0.175,-0.222,-0.164,0.392,0.401,0.00609,0.09,0.042,0,8.7,LOW
0.0114,-0.0007,1.0091,-0.723,1.112,1.192,0.326,0.16,0.00444,0.0,0.0,0,7.8,LOW
0.0194,0.0023,1.0105,0.459,-0.38,-0.672,0.669,0.533,0.00364,0.0,0.054,0,9.6,LOW
0.0322,-0.0131,1.0088,1.509,0.141,-1.111,0.125,0.69,0.00401,0.0,0.025,0,9.2,LOW
0.0309,-0.0224,1.0069,-2.459,-0.148,0.662,0.399,0.363,0.00183,0.14,0.007,0,9.1,LOW
0.0127,0.0126,0.9894,-1.007,-0.766,0.697,0.27,0.254,0.00643,0.05,0.0,0,8.4,LOW
0.065,0.0253,0.9133,-4.666,9.17,7.05,2.835,4.398,0.01264,4.76,1.308,1,84.8,CRITICAL
-0.0579,0.0065,0.9938,2.425,0.138,0.558,0.499,0.398,0.00189,0.01,0.0,0,9.2,LOW
0.0579,0.0193,1.0027,-0.425,0.406,0.871,0.409,0.477,0.00139,0.0,0.0,0,6.1,LOW
-0.0454,-0.0058,0.9886,0.411,1.558,1.503,0.655,0.269,0.00487,0.0,0.0,0,10.7,LOW
-0.0519,-0.0066,1.0079,-0.863,-0.615,0.326,0.526,0.213,0.00373,0.0,0.022,0,7.4,LOW
0.0223,-0.0333,0.995,-0.156,0.724,1.311,0.0,0.224,0.00348,0.11,0.057,0,5.7,LOW
-0.1576,-0.0005,0.8879,6.655,-0.487,6.629,7.747,5.255,0.01005,6.98,0.557,1,100.0,CRITICAL
-0.1554,-0.0551,0.9696,-2.259,-1.496,-2.437,4.588,0.894,0.00567,8.35,1.07,1,57.2,MEDIUM
-0.0887,-0.0337,0.9505,-1.833,1.764,-0.298,2.968,1.047,0.0,5.94,0.623,1,44.8,MEDIUM
-0.1478,-0.0491,0.9502,3.636,-5.239,-2.176,4.948,5.053,0.03,6.49,1.425,1,89.2,CRITICAL
0.0334,0.0239,1.0164,-0.204,-0.587,-1.414,0.975,0.714,0.00927,0.0,0.0,0,15.1,LOW
-0.0015,0.0218,0.9959,0.275,-0.215,-0.229,0.706,0.875,0.0,0.0,0.079,0,8.2,LOW
-0.056,0.0321,0.9747,-1.666,-7.594,-0.2,5.665,0.636,0.02524,1.78,0.546,1,55.8,MEDIUM
0.0208,-0.0477,1.0205,0.309,1.648,-1.033,0.369,0.128,0.00555,0.05,0.044,0,11.0,LOW
-0.0086,0.0275,1.0152,-0.609,-0.584,1.168,0.586,0.878,0.0057,0.0,0.0,0,12.8,LOW
-0.0313,-0.0212,0.9461,-2.52,-5.683,2.779,2.533,5.241,0.01918,5.97,1.854,1,79.1,HIGH
-0.0613,0.0337,0.9897,-0.166,-0.263,0.036,0.366,0.34,0.00738,0.08,0.022,0,7.8,LOW
0.0139,0.0469,1.0042,-2.063,0.694,0.39,1.099,0.0,0.0001,0.0,0.0,0,8.6,LOW
-0.0387,-0.0204,0.9758,0.186,-0.059,-0.505,0.421,0.696,0.00625,0.0,0.0,0,12.0,LOW
-0.0063,0.045,0.998,0.307,0.189,0.731,0.0,0.239,0.00625,0.03,0.055,0,4.8,LOW
-0.0802,0.1175,1.0552,-1.49,-1.14,-4.032,3.687,0.601,0.01052,1.98,1.68,1,50.4,MEDIUM
0.0024,0.0085,1.0058,0.293,-1.845,1.178,0.282,0.208,0.00401,0.0,0.0,0,7.6,LOW
-0.0436,-0.1498,0.9893,0.024,-2.317,-7.225,4.478,3.578,0.03271,3.7,1.346,1,69.7,HIGH
-0.1378,-0.2136,0.9196,-5.149,-2.757,0.431,2.144,3.402,0.02524,7.96,1.482,1,78.0,HIGH
0.0139,0.0447,0.9905,-0.425,-1.003,-0.21,0.353,0.857,0.00721,0.0,0.0,0,10.6,LOW
-0.0351,0.018,0.991,-1.207,-0.032,-1.287,0.279,0.832,0.00578,0.0,0.002,0,10.6,LOW
-0.0642,-0.0622,0.9944,-1.549,0.309,-0.083,0.491,0.103,0.00494,0.1,0.0,0,7.6,LOW
0.0146,0.0217,1.0051,0.003,1.007,-1.144,0.457,0.577,0.00654,0.0,0.0,0,9.4,LOW
-0.0615,0.0902,0.8694,-4.898,0.976,-3.625,4.312,0.182,0.02979,7.8,1.406,1,84.9,CRITICAL
0.0201,-0.0432,0.9937,2.172,0.002,-1.901,0.814,0.516,0.00575,0.13,0.0,0,12.9,LOW
-0.0072,-0.0162,1.0177,0.369,0.221,0.139,0.95,0.484,0.00428,0.0,0.0,0,11.2,LOW
-0.0383,0.015,0.9866,-2.125,0.093,0.555,1.044,0.597,0.00357,0.1,0.1,0,14.3,LOW
0.0455,-0.0605,0.985,1.001,-1.392,0.954,0.531,0.002,0.00881,0.0,0.105,0,11.2,LOW
0.0106,0.0025,0.9883,-0.377,-0.768,0.956,0.494,0.591,0.00691,0.0,0.0,0,10.7,LOW
0.032,0.0011,1.0047,0.79,-1.094,0.492,0.831,0.268,0.00541,0.05,0.0,0,9.2,LOW
0.0033,-0.0328,1.0039,-1.034,1.485,-0.096,0.616,0.687,0.00809,0.0,0.01,0,11.2,LOW
-0.0218,0.0173,0.9865,-0.671,2.113,0.627,0.765,0.419,0.00641,0.0,0.045,0,13.0,LOW
0.0771,-0.0128,0.9553,2.203,4.605,-4.727,1.921,6.126,0.01909,2.93,0.368,1,65.0,HIGH
-0.0656,0.0046,0.9974,-0.778,0.287,0.539,0.459,0.494,0.00624,0.0,0.0,0,7.7,LOW
-0.0169,-0.04,0.9959,0.168,0.408,1.122,0.458,0.114,0.00651,0.0,0.0,0,6.9,LOW
-0.0162,-0.0066,0.9987,0.491,1.191,0.007,0.934,0.63,0.00489,0.02,0.0,0,10.0,LOW
0.0535,0.0551,1.0144,-4.077,3.504,5.091,7.142,2.526,0.0004,6.49,0.91,1,70.3,HIGH
-0.0139,0.0243,1.0133,-0.605,-1.537,1.45,0.388,0.195,0.00688,0.11,0.0,0,10.6,LOW
0.0286,0.0638,0.995,0.707,-0.672,1.064,0.273,0.573,0.00633,0.0,0.0,0,8.4,LOW
-0.0224,-0.0028,0.997,0.473,-0.38,-0.739,0.91,0.0,0.00455,0.0,0.0,0,7.0,LOW
-0.1151,-0.2211,0.9287,0.123,-1.529,-12.451,6.202,2.539,0.00449,1.78,0.185,1,73.9,HIGH
0.0022,0.0093,1.0078,1.945,3.987,0.26,5.295,5.279,0.0147,7.45,0.461,1,72.1,HIGH
-0.013,-0.008,0.9938,-0.206,0.852,-1.437,0.266,0.539,0.00625,0.0,0.0,0,8.9,LOW
-0.0083,0.0217,1.0049,-1.983,0.096,-0.251,0.426,0.599,0.00874,0.18,0.0,0,11.1,LOW
0.0203,-0.0668,0.8931,-1.416,0.692,-1.115,3.937,5.149,0.0182,0.0,0.149,1,66.8,HIGH
-0.0296,-0.0144,1.0039,1.846,0.028,-0.776,0.947,0.509,0.00514,0.02,0.0,0,11.2,LOW
-0.0084,-0.0081,1.009,0.634,0.969,0.606,0.0,0.407,0.00554,0.0,0.004,0,7.1,LOW
-0.0572,0.0113,1.004,0.499,0.171,-0.225,0.649,0.438,0.00296,0.01,0.0,0,6.9,LOW
-0.0378,-0.0075,1.0033,0.088,-0.506,0.354,0.234,0.226,0.00618,0.1,0.077,0,5.9,LOW
-0.0287,0.0064,0.9976,-0.129,0.508,2.021,0.542,0.401,0.0,0.0,0.0,0,7.4,LOW
-0.0608,-0.0407,0.9993,0.489,-0.945,0.778,0.259,0.08,0.00415,0.0,0.041,0,4.9,LOW
-0.0178,-0.0087,0.9927,1.022,0.507,-1.867,0.695,0.73,0.00746,0.0,0.0,0,12.7,LOW
0.0704,0.0054,0.9206,-4.539,-4.796,-6.798,4.67,1.318,0.01965,4.79,0.961,1,74.3,HIGH
-0.0203,-0.0417,1.0088,0.64,-0.053,-0.177,0.0,0.936,0.00452,0.0,0.106,0,8.4,LOW
0.0108,0.0132,0.895,-3.996,2.741,3.31,4.094,2.324,0.01376,0.08,0.482,1,62.2,HIGH
0.1063,0.0937,0.9305,3.207,-9.112,3.697,4.975,4.878,0.01673,2.53,0.933,1,83.6,CRITICAL
-0.0516,-0.0514,0.9844,2.557,-0.72,-1.717,0.18,0.828,0.00868,0.16,0.011,0,14.9,LOW
-0.0199,0.0102,0.9946,2.012,-0.259,-2.612,0.384,0.767,0.00453,0.0,0.0,0,12.0,LOW
-0.0002,0.0437,1.0119,0.316,-0.087,1.915,0.657,0.935,0.00666,0.0,0.0,0,13.7,LOW
0.0031,0.0099,0.9958,-0.501,1.511,0.526,0.388,0.522,0.00613,0.15,0.04,0,9.3,LOW
0.0086,0.0928,0.9726,6.734,5.881,3.546,1.463,5.505,0.02332,8.7,1.816,1,81.3,CRITICAL
0.0692,0.1524,0.9189,-1.557,-4.124,-0.602,4.001,2.867,0.02443,3.33,0.862,1,68.7,HIGH
-0.0248,0.0122,0.9987,0.194,-1.851,0.77,0.445,0.604,0.0047,0.0,0.001,0,8.9,LOW
-0.0018,0.0225,1.0053,-0.482,-1.115,-1.474,0.687,0.529,0.00656,0.0,0.036,0,10.9,LOW
0.0283,0.0288,0.9974,-1.093,0.424,0.365,0.626,0.707,0.00679,0.0,0.0,0,9.7,LOW
0.0576,-0.0309,0.8988,6.099,-3.021,-1.858,1.167,3.018,0.03715,3.32,1.168,1,71.2,HIGH
0.063,0.0432,1.0063,-0.932,-1.029,0.316,0.369,0.549,0.00619,0.13,0.0,0,9.2,LOW
0.006,0.0549,0.9775,1.576,0.604,2.507,0.702,0.281,0.00611,0.13,0.056,0,15.3,LOW
0.0509,-0.015,1.0133,-1.67,-0.441,1.215,0.277,0.0,0.00346,0.08,0.0,0,8.1,LOW
-0.0126,0.0754,0.9106,1.849,-1.42,-2.118,6.145,5.074,0.01743,5.66,1.196,1,90.0,CRITICAL
-0.1447,-0.0243,0.9505,-4.754,-6.11,1.691,1.94,5.788,0.01713,6.94,1.187,1,77.7,HIGH
-0.023,-0.0518,0.9954,-0.407,0.309,0.124,0.468,0.642,0.00278,0.18,0.021,0,7.4,LOW
-0.0465,-0.0033,0.999,-0.214,-0.164,0.721,0.622,0.974,0.00575,0.0,0.0,0,9.5,LOW
0.0122,0.0331,0.9791,-0.492,-0.51,0.149,0.217,0.419,0.00577,0.0,0.0,0,9.5,LOW
-0.044,0.0724,1.0049,4.657,0.601,3.043,5.653,7.092,0.02362,5.4,1.649,1,86.5,CRITICAL
0.0148,0.0039,0.9944,0.206,-0.916,-1.1,0.1,0.544,0.00038,0.0,0.0,0,6.0,LOW
-0.0079,0.0095,1.0027,-0.443,0.024,2.503,0.214,0.27,0.00692,0.02,0.064,0,8.7,LOW
0.0311,0.0426,0.9712,4.513,-4.999,-6.88,0.518,3.867,0.01542,3.78,1.651,1,58.2,MEDIUM
-0.0347,0.0454,1.0173,-0.285,0.239,1.113,0.312,0.502,0.00497,0.09,0.0,0,10.1,LOW
-0.0165,0.0119,1.0152,0.211,1.814,0.026,0.152,0.429,0.00493,0.09,0.052,0,10.0,LOW
0.0021,0.0032,1.0162,0.554,-0.444,1.109,0.27,0.742,0.00429,0.0,0.042,0,10.8,LOW
-0.0693,-0.0182,1.0047,0.133,0.517,0.465,0.446,0.838,0.00494,0.05,0.0,0,8.7,LOW
-0.0203,0.0311,1.0001,-0.024,-0.334,-1.359,0.129,0.517,0.00821,0.08,0.047,0,7.6,LOW
-0.0416,-0.0346,0.9942,-0.832,-0.253,1.182,0.329,0.0,0.00509,0.05,0.005,0,6.3,LOW
-0.1109,-0.0348,0.8813,-1.872,3.325,5.308,0.892,3.956,0.01568,5.36,1.633,1,76.5,HIGH
-0.0032,0.0011,1.0113,-0.852,2.113,-0.412,0.641,0.393,0.00558,0.0,0.0,0,11.5,LOW
0.0081,-0.0212,0.9912,0.576,-1.018,0.537,0.634,0.35,0.00252,0.0,0.0,0,8.4,LOW
-0.019,-0.0425,0.9946,1.304,0.905,1.242,0.655,0.403,0.00239,0.0,0.0,0,9.1,LOW
-0.0267,0.0003,1.0122,0.56,-1.272,-0.603,0.712,0.532,0.00167,0.0,0.036,0,10.4,LOW
-0.0665,0.0109,1.02,0.417,-0.179,0.015,0.328,0.675,0.00462,0.0,0.042,0,10.3,LOW
0.0013,-0.0351,1.0011,-0.794,-0.964,-0.881,0.365,0.164,0.00184,0.02,0.0,0,5.2,LOW
-0.0049,-0.0087,0.8793,1.924,-7.955,7.031,3.787,2.689,0.04032,8.19,0.757,1,98.5,CRITICAL
-0.0137,-0.0073,0.9857,-0.078,-2.141,-0.098,0.0,0.276,0.00776,0.01,0.0,0,9.5,LOW
0.0677,-0.0754,0.9747,4.116,-1.151,-5.359,3.406,3.372,0.02718,9.37,0.825,1,73.5,HIGH
-0.0148,0.0175,1.0182,-0.358,-1.446,-0.257,0.368,0.375,0.00468,0.05,0.038,0,10.6,LOW
0.084,-0.1106,0.9381,2.135,5.46,2.729,6.217,5.589,0.014,2.6,1.697,1,87.2,CRITICAL
-0.03,-0.036,0.9982,0.678,1.492,0.295,0.73,0.498,0.00789,0.06,0.022,0,10.4,LOW
0.0224,-0.0509,0.9978,-0.659,-0.435,0.24,0.492,0.657,0.0041,0.04,0.0,0,7.6,LOW
0.1583,-0.0259,0.9988,9.006,2.462,0.056,2.064,5.292,0.02887,4.18,1.396,1,67.7,HIGH
-0.0302,-0.0286,1.0045,-0.357,1.158,1.485,0.717,0.574,0.00361,0.03,0.0,0,10.1,LOW
-0.2317,-0.0577,1.0627,2.434,-7.19,4.947,1.643,6.555,0.03751,5.86,0.592,1,84.9,CRITICAL
0.0062,0.0255,1.0177,0.652,-1.125,-1.443,0.0,0.518,0.00291,0.1,0.0,0,9.6,LOW
0.0176,-0.0199,1.0321,-0.754,0.371,-1.17,0.426,0.191,0.00353,0.0,0.048,0,12.3,LOW
0.0849,0.0538,0.8818,-1.283,-0.219,2.915,8.418,3.585,0.01468,0.03,0.303,1,82.4,CRITICAL
0.0209,-0.0231,0.9915,-0.168,1.186,-2.019,0.573,0.285,0.0069,0.18,0.0,0,11.1,LOW
-0.0054,-0.0112,0.9854,-1.423,0.428,-0.151,1.287,0.383,0.00406,0.0,0.002,0,13.1,LOW
0.0802,0.1074,0.9211,2.534,-5.976,2.012,3.689,2.788,0.02938,9.05,0.741,1,82.5,CRITICAL
-0.0348,-0.016,0.9909,-0.67,1.189,-0.628,0.527,0.0,0.00421,0.0,0.072,0,7.8,LOW
-0.1746,-0.0313,1.0084,4.609,-0.253,8.397,4.553,6.164,0.01726,2.71,2.029,1,79.7,HIGH
0.0656,-0.0048,0.9885,-1.254,-0.167,-1.885,0.216,0.631,0.00575,0.0,0.067,0,11.2,LOW
-0.0192,0.0033,0.9955,1.215,0.534,-1.527,0.193,0.932,0.00296,0.03,0.0,0,9.4,LOW
0.0471,-0.0259,0.9888,-0.704,0.603,0.129,0.67,0.511,0.00568,0.03,0.0,0,10.1,LOW
-0.0644,0.0426,0.9035,-2.931,-3.978,11.543,4.92,3.791,0.0154,10.8,0.335,1,100.0,CRITICAL
-0.0108,0.0338,1.0025,1.251,-1.243,-0.855,0.685,0.156,0.00616,0.0,0.0,0,8.7,LOW
-0.03,-0.0009,1.0041,-1.021,0.384,0.572,0.344,0.559,0.00551,0.0,0.003,0,7.9,LOW
-0.0491,-0.0081,0.9556,7.397,0.514,-9.509,3.129,2.934,0.00429,1.98,0.579,1,59.4,MEDIUM
-0.0016,-0.0051,1.0015,-0.423,0.879,0.145,0.639,0.655,0.00395,0.05,0.0,0,8.2,LOW
0.0355,-0.0077,1.0078,2.095,-1.264,-1.13,0.658,0.493,0.00243,0.0,0.0,0,10.9,LOW
0.0468,-0.0432,1.0081,-0.029,1.009,-0.517,0.723,0.54,0.00191,0.08,0.0,0,9.1,LOW
0.0131,0.0282,1.0115,0.38,1.751,0.644,0.742,0.004,0.00322,0.05,0.025,0,9.3,LOW
-0.0145,0.0456,1.0104,0.521,-1.86,-0.136,0.385,0.471,0.00761,0.09,0.0,0,10.9,LOW
-0.1098,0.0229,1.0118,0.427,0.06,0.216,1.04,0.0,0.00464,0.0,0.046,0,8.9,LOW
-0.0641,0.0103,1.001,-6.246,-0.57,-9.444,4.121,4.468,0.02034,5.79,0.963,1,74.1,HIGH
-0.0469,0.0687,0.9666,-1.281,-0.987,4.94,1.78,5.169,0.01959,6.06,0.838,1,64.5,HIGH
0.0126,-0.0079,1.0064,-1.317,0.201,-0.778,0.917,0.341,0.01215,0.05,0.0,0,12.4,LOW
-0.0064,-0.0105,1.0095,-0.336,1.583,-1.412,0.191,0.213,0.00431,0.16,0.0,0,8.4,LOW
-0.0323,-0.0777,1.017,-1.359,-1.076,-1.271,0.465,0.572,0.00287,0.0,0.013,0,11.7,LOW
0.0088,0.0066,0.9931,0.155,-0.517,-0.236,0.75,0.33,0.00597,0.0,0.007,0,8.4,LOW
0.0003,0.0059,1.0025,0.175,-0.256,-0.152,0.509,0.296,0.00609,0.0,0.0,0,6.1,LOW
0.0256,-0.0387,1.0019,0.368,-0.066,-0.077,0.356,0.486,0.00433,0.0,0.0,0,5.6,LOW
0.009,0.0222,1.0075,0.296,-0.874,-0.611,0.691,0.931,0.00406,0.19,0.0,0,11.2,LOW
0.01,-0.03,0.9904,1.275,-0.168,-1.101,0.761,0.597,0.00528,0.0,0.013,0,11.5,LOW
0.0036,-0.06,1.0225,0.862,0.591,-0.49,0.724,0.38,0.00875,0.19,0.0,0,13.7,LOW
-0.0169,0.0684,0.9967,1.15,0.55,-0.607,0.244,0.134,0.00191,0.13,0.072,0,5.5,LOW
0.0162,0.0286,0.9968,0.814,0.112,-0.233,0.51,0.797,0.00591,0.0,0.0,0,8.9,LOW
-0.0047,-0.0281,0.9926,-2.248,0.455,0.874,0.1,0.42,0.0071,0.14,0.015,0,9.7,LOW
-0.0151,0.0085,1.0032,-1.446,-1.359,1.593,0.517,0.063,0.00684,0.0,0.014,0,8.9,LOW
0.0723,-0.009,0.9798,-6.267,-1.671,-3.281,4.166,3.437,0.0322,11.18,0.0,1,77.4,HIGH
0.0288,-0.0066,0.987,0.816,0.446,0.297,0.588,0.879,0.00387,0.17,0.058,0,11.7,LOW
-0.0397,-0.0436,0.9901,0.542,0.803,0.271,0.301,0.698,0.00174,0.0,0.0,0,8.0,LOW
0.0309,-0.0017,0.9917,-0.694,2.241,-0.706,0.521,0.188,0.00376,0.0,0.0,0,9.3,LOW
-0.0075,0.0123,0.9987,-0.241,-0.688,-1.316,0.585,0.662,0.00524,0.14,0.0,0,9.4,LOW
-0.0131,-0.03,1.0056,-1.364,-0.238,0.401,0.645,0.0,0.00757,0.1,0.0,0,8.3,LOW
0.0131,-0.0208,1.0034,-0.522,-0.16,0.056,1.263,1.02,0.00332,0.0,0.069,0,12.0,LOW
0.0036,-0.0408,0.9973,0.873,0.675,0.897,0.468,1.237,0.00766,0.0,0.109,0,12.3,LOW
0.0011,0.1554,1.0122,6.509,-2.28,-5.111,3.664,6.972,0.02017,5.04,0.999,1,79.0,HIGH
-0.0174,-0.0999,0.9926,4.916,-4.921,-7.755,4.696,4.267,0.03336,7.14,1.215,1,83.3,CRITICAL
-0.0152,-0.0898,1.0096,1.252,0.789,1.185,0.0,0.059,0.00972,0.21,0.056,0,8.6,LOW
0.0266,-0.0014,1.0134,-1.121,-0.595,2.0,0.398,0.15,0.00296,0.0,0.0,0,9.3,LOW
0.0474,-0.009,1.0022,-0.425,-1.089,-0.995,0.258,0.929,0.00403,0.03,0.017,0,8.8,LOW
-0.0103,-0.0129,1.0105,-0.497,-0.328,0.269,0.593,0.148,0.00526,0.14,0.0,0,7.9,LOW
0.0143,-0.037,0.9295,5.566,10.207,0.205,8.52,5.458,0.03023,1.3,1.473,1,100.0,CRITICAL
-0.0199,0.0992,0.9773,-8.692,0.646,5.776,5.648,0.0,0.01515,2.72,0.447,1,55.0,MEDIUM
0.0108,0.0039,0.9966,-0.806,-0.933,-0.301,0.562,0.705,0.00361,0.0,0.0,0,8.7,LOW
0.04,-0.0206,0.9953,-0.285,0.589,-1.37,0.051,0.489,0.00268,0.1,0.056,0,6.7,LOW
-0.0133,-0.0008,0.9822,-0.652,0.97,0.031,0.815,0.772,0.00738,0.04,0.0,0,14.0,LOW
0.0085,0.0092,1.0056,0.347,-0.538,1.462,1.022,0.689,0.00564,0.06,0.028,0,12.3,LOW
-0.0042,0.0268,0.993,-0.761,1.073,-0.031,0.196,0.436,0.00501,0.0,0.0,0,7.4,LOW
-0.0289,-0.0235,0.9989,-0.699,0.548,-0.513,0.336,0.858,0.00422,0.0,0.0,0,7.8,LOW
-0.0042,0.013,1.0044,-0.707,-1.653,-0.494,1.022,0.154,0.00896,0.06,0.042,0,11.4,LOW
-0.0235,-0.0862,0.9802,-11.449,-7.876,-19.452,4.007,4.93,0.0203,4.53,1.563,1,98.5,CRITICAL
0.0215,0.0294,0.9776,-1.35,0.875,-1.461,0.851,0.28,0.00297,0.0,0.0,0,13.2,LOW
-0.0635,0.0151,0.9519,-0.653,-15.005,-3.546,0.807,0.45,0.01714,4.69,1.217,1,58.4,MEDIUM
-0.0301,-0.0304,0.9932,-1.838,-0.252,0.398,0.524,0.952,0.00525,0.0,0.0,0,11.7,LOW
-0.0087,0.0365,0.9978,-1.029,1.922,-0.53,0.418,0.427,0.00168,0.08,0.058,0,8.1,LOW
-0.0234,0.0062,1.0065,-0.747,0.604,-0.536,0.634,0.707,0.00249,0.0,0.0,0,9.1,LOW
-0.0364,0.0108,1.0103,1.319,-1.062,-0.802,0.863,0.482,0.0034,0.12,0.0,0,11.5,LOW
-0.0088,-0.0251,0.9985,0.501,-1.286,1.388,0.525,0.723,0.00417,0.06,0.058,0,9.9,LOW
0.0811,-0.0132,1.0007,0.289,-0.812,-0.444,0.316,0.304,0.004,0.0,0.0,0,5.3,LOW
-0.0282,0.0152,1.0146,1.296,-0.116,-0.366,0.31,0.6,0.00526,0.0,0.0,0,10.2,LOW
0.0181,0.0103,0.982,0.046,-0.578,0.129,0.423,0.878,0.00449,0.0,0.074,0,11.4,LOW
0.1122,-0.058,0.9726,7.548,0.943,0.871,4.12,2.43,0.01899,0.35,1.522,1,57.2,MEDIUM
0.0797,-0.0207,0.9951,-1.134,1.482,-0.871,0.58,0.819,0.00786,0.03,0.035,0,12.3,LOW
0.0072,-0.0365,0.9997,1.035,2.525,-1.264,0.871,0.392,0.0048,0.0,0.055,0,11.3,LOW
-0.0251,-0.0406,0.9698,-7.867,4.581,2.328,3.959,3.332,0.01945,1.72,1.376,1,65.5,HIGH
-0.0246,0.0419,0.9886,2.492,-0.694,1.227,0.298,0.38,0.00208,0.0,0.013,0,10.0,LOW
-0.0322,-0.0124,0.8819,9.716,0.519,4.771,5.383,2.745,0.01586,4.9,1.839,1,96.1,CRITICAL
-0.0165,0.0157,1.0045,0.805,-0.618,-0.162,0.82,0.753,0.0035,0.0,0.011,0,9.8,LOW
0.015,-0.0572,0.9571,5.45,2.828,2.751,5.136,6.419,0.01396,2.33,1.284,1,80.2,CRITICAL
0.0009,-0.0321,1.0102,3.243,1.771,-1.782,0.472,0.502,0.00626,0.0,0.0,0,14.0,LOW
-0.0025,0.0049,0.9954,-0.295,0.201,-0.737,0.607,0.331,0.00586,0.0,0.082,0,8.1,LOW
0.0212,0.0112,0.9955,-0.132,-0.365,1.091,0.446,0.698,0.00523,0.0,0.0,0,8.8,LOW
0.0812,-0.0079,1.006,0.527,-1.35,-0.794,0.344,0.149,0.00431,0.29,0.0,0,7.5,LOW
-0.0245,0.0228,0.9703,-0.616,-0.729,-0.305,0.623,0.0,0.00085,0.0,0.0,0,10.2,LOW
0.1114,-0.0607,0.9675,-0.834,9.216,-1.647,2.584,0.0,0.03252,9.94,0.311,1,62.1,HIGH
0.0215,0.0354,1.0104,0.523,-0.026,-0.103,0.713,0.81,0.00523,0.01,0.044,0,10.8,LOW
0.0252,0.0233,1.012,-0.388,-0.02,0.222,0.7,0.501,0.00626,0.0,0.11,0,10.3,LOW
-0.0461,0.0312,0.9992,-0.174,1.225,1.42,0.713,0.456,0.00469,0.0,0.0,0,9.1,LOW
0.0557,-0.065,1.008,-0.347,0.819,1.127,0.697,0.389,0.00605,0.0,0.0,0,9.9,LOW
-0.1725,-0.0323,0.9942,0.82,0.413,-5.142,0.0,3.136,0.0,3.53,0.685,1,32.0,MEDIUM
-0.1171,0.0626,0.8881,-6.231,0.167,1.407,5.047,1.279,0.02258,3.83,0.466,1,74.0,HIGH
0.0337,-0.0286,1.0089,0.525,0.572,-0.948,0.608,0.611,0.00573,0.1,0.005,0,10.4,LOW
-0.1548,-0.1244,0.8415,3.842,-9.583,-6.404,3.763,5.362,0.03196,4.39,1.032,1,100.0,CRITICAL
0.0486,0.0119,0.9915,-0.877,-0.325,0.028,0.484,0.824,0.00469,0.0,0.02,0,9.8,LOW
0.0094,-0.0146,1.0062,1.525,1.481,-0.743,0.0,0.441,0.00399,0.0,0.035,0,7.8,LOW
0.0353,-0.0205,0.9904,0.975,0.458,-0.338,0.267,0.154,0.00212,0.0,0.0,0,5.9,LOW
-0.0425,0.0336,1.0032,-1.651,-0.214,0.269,0.879,0.523,0.00509,0.04,0.014,0,10.5,LOW
-0.0172,-0.0296,0.9904,-1.793,0.99,-0.979,0.759,0.096,0.00578,0.0,0.024,0,10.6,LOW
-0.0276,-0.0196,1.0169,0.083,-0.661,0.618,0.511,0.756,0.00628,0.0,0.032,0,11.9,LOW
-0.1479,-0.038,0.954,0.931,0.89,-5.209,7.493,8.358,0.01469,6.08,0.262,1,98.5,CRITICAL
-0.041,0.0042,0.9887,-0.129,-0.208,-0.556,0.179,0.0,0.00548,0.0,0.0,0,5.5,LOW
-0.0186,-0.0529,0.9338,-6.473,-0.009,8.571,4.831,5.895,0.00501,5.2,0.391,1,86.1,CRITICAL
0.0363,0.0624,1.0073,-0.415,0.05,0.434,0.375,0.484,0.0067,0.0,0.0,0,7.8,LOW
-0.0201,0.0125,0.9892,1.382,1.901,0.078,0.493,0.139,0.00638,0.03,0.0,0,10.2,LOW
-0.076,-0.0373,1.0013,-0.308,-1.407,0.789,0.339,0.522,0.00406,0.0,0.073,0,7.8,LOW
0.0647,0.0377,0.9908,-1.246,-0.147,0.912,0.352,0.0,0.00538,0.0,0.0,0,7.2,LOW
-0.0167,-0.0351,1.0068,0.103,-0.3,0.481,0.458,0.546,0.0015,0.16,0.002,0,7.0,LOW
0.0089,0.0259,1.0062,-1.35,-0.975,1.421,0.49,0.232,0.0042,0.15,0.0,0,9.0,LOW
0.0785,-0.0143,1.0031,-3.266,5.079,-0.975,3.223,4.43,0.02801,0.0,0.881,1,53.2,MEDIUM
0.0118,-0.0031,0.998,-1.41,0.493,-0.099,0.0,0.375,0.0055,0.2,0.071,0,6.6,LOW
-0.0092,0.014,1.0032,2.014,-0.385,0.446,0.825,0.585,0.00288,0.0,0.0,0,10.3,LOW
0.0071,0.0149,1.0115,-0.339,0.729,-1.89,0.207,0.26,0.00846,0.0,0.135,0,10.5,LOW
0.0366,-0.1042,0.9446,-0.922,5.096,8.522,3.832,3.895,0.02413,2.2,0.758,1,72.4,HIGH
-0.0205,-0.0488,0.9862,-0.738,1.055,0.153,0.774,0.579,0.00183,0.0,0.0,0,10.7,LOW
-0.0293,0.0148,0.9894,-0.7,0.249,-0.102,0.194,0.434,0.00261,0.08,0.081,0,7.1,LOW
-0.0331,0.0318,1.0019,0.573,-0.82,-0.133,0.739,0.593,0.00068,0.0,0.035,0,7.6,LOW
-0.0081,-0.0328,0.9975,0.599,0.234,1.087,0.772,0.271,0.00594,0.0,0.061,0,8.7,LOW
0.0014,0.0152,0.9973,-0.963,-0.583,-0.8,0.748,0.746,0.00297,0.09,0.0,0,9.7,LOW
-0.0037,-0.0472,1.0106,-0.128,-1.767,-1.047,0.548,0.735,0.00502,0.0,0.005,0,11.9,LOW
0.0519,0.0285,0.9942,2.905,0.759,0.575,0.567,0.921,0.00561,0.0,0.116,0,14.0,LOW
0.0629,-0.0016,1.0087,-0.514,-0.144,2.482,0.476,0.517,0.0046,0.17,0.0,0,11.2,LOW
0.0333,0.0216,1.0078,-2.07,0.226,1.48,0.715,0.05,0.00545,0.03,0.0,0,10.1,LOW
-0.0064,0.0189,1.0008,0.606,1.143,-0.477,0.478,0.093,0.00607,0.02,0.039,0,6.6,LOW
0.0101,0.024,1.0022,2.929,0.232,-0.066,0.512,1.089,0.00763,0.0,0.005,0,13.6,LOW
-0.0228,-0.0187,0.9962,-0.674,-0.146,0.641,0.793,0.271,0.00146,0.0,0.02,0,7.0,LOW
0.0148,-0.0435,1.0009,1.366,-1.773,1.073,1.008,0.186,0.00824,0.0,0.0,0,11.2,LOW
0.0016,-0.0016,1.0101,1.177,-0.309,0.356,0.64,0.493,0.00556,0.06,0.0,0,10.2,LOW
0.0423,-0.0062,0.9933,-0.713,0.602,1.761,0.236,0.771,0.00314,0.15,0.0,0,9.6,LOW
0.0205,0.0029,1.0025,-0.554,0.294,-0.139,0.632,0.687,0.00485,0.01,0.007,0,8.2,LOW
-0.0286,-0.0272,1.0013,-1.008,0.503,0.899,0.755,0.685,0.00727,0.0,0.088,0,10.8,LOW
0.0579,0.0201,0.9834,0.131,-1.3,-0.477,0.613,0.43,0.00654,0.0,0.042,0,11.8,LOW
0.0363,0.0326,0.9905,-0.334,0.13,-1.139,0.487,0.634,0.00613,0.0,0.01,0,10.1,LOW
0.0262,0.0387,1.0086,1.561,1.932,-0.637,0.359,0.102,0.00041,0.02,0.0,0,7.6,LOW
0.0049,-0.056,0.9898,-0.367,-1.29,-1.198,0.791,0.585,0.00218,0.0,0.032,0,11.1,LOW
-0.0528,0.0483,1.0084,-0.224,-0.406,0.089,0.376,0.847,0.00842,0.0,0.054,0,10.1,LOW
-0.0161,0.0665,0.9829,-1.076,0.705,6.063,5.345,4.978,0.01058,4.11,0.805,1,69.4,HIGH
0.0395,-0.0522,0.9904,-0.197,0.109,-0.281,0.252,0.139,0.00411,0.0,0.0,0,5.3,LOW
-0.0102,-0.0415,1.0114,-0.193,0.139,1.485,0.62,0.329,0.00462,0.0,0.008,0,9.8,LOW
0.0092,-0.0307,1.0118,-0.565,0.736,-2.173,0.031,0.662,0.0034,0.04,0.107,0,10.3,LOW
-0.0083,0.036,0.9831,-0.434,-1.571,0.176,0.533,0.721,0.00421,0.0,0.0,0,12.1,LOW
-0.0596,0.1613,0.988,-1.333,3.46,-1.781,4.358,1.496,0.01909,4.3,0.584,1,49.2,MEDIUM
-0.0118,0.0621,1.0009,1.971,-0.478,0.104,0.94,0.902,0.00491,0.14,0.059,0,12.6,LOW
-0.0468,0.0393,0.9384,3.671,7.861,3.176,3.805,7.405,0.0,1.64,1.285,1,80.7,CRITICAL
0.0312,0.0431,1.0128,-0.028,0.148,1.497,0.48,0.361,0.0071,0.07,0.0,0,10.5,LOW
0.0205,0.0031,1.0024,-0.525,-0.416,1.024,1.023,0.421,0.0,0.0,0.008,0,8.1,LOW
0.0684,0.0902,0.9762,-2.185,-2.99,-4.549,5.37,7.345,0.01962,10.01,1.413,1,97.4,CRITICAL
0.0301,-0.0137,0.9836,0.053,-0.262,-0.366,0.666,0.0,0.00556,0.0,0.017,0,8.4,LOW
-0.1001,-0.0714,0.9442,4.993,2.328,-1.944,4.703,5.372,0.0108,4.63,0.975,1,77.6,HIGH
-0.0506,0.0149,1.0006,1.072,0.269,0.58,0.717,0.211,0.00851,0.0,0.123,0,8.9,LOW
-0.035,0.0137,0.8572,-2.664,-0.927,-0.123,6.488,4.957,0.02287,4.07,0.713,1,97.1,CRITICAL
-0.02,-0.0114,0.9949,0.021,-0.156,-0.327,0.418,0.398,0.00445,0.12,0.0,0,6.4,LOW
-0.0229,0.0413,0.9998,0.334,-0.523,-1.853,0.511,0.275,0.00586,0.0,0.008,0,7.9,LOW
0.0195,-0.0156,0.9936,-1.234,-0.03,-0.226,1.071,0.617,0.00846,0.2,0.009,0,12.9,LOW
0.111,0.0633,0.9379,-5.015,2.429,3.403,4.319,4.48,0.01918,0.23,0.009,1,63.7,HIGH
0.0209,0.0018,0.9967,-0.764,-1.489,-0.33,1.059,0.741,0.007,0.0,0.0,0,12.5,LOW
0.0163,0.0233,1.0046,-1.2,-2.062,0.471,0.195,0.739,0.00418,0.02,0.0,0,9.6,LOW
-0.0934,0.0291,0.9636,-8.757,2.036,1.933,6.143,3.0,0.03448,3.16,1.169,1,80.2,CRITICAL
-0.0492,0.0083,1.0056,0.446,-2.025,0.612,0.81,0.631,0.00215,0.0,0.05,0,11.0,LOW
-0.0599,0.0158,0.9954,1.081,1.259,1.511,0.638,0.553,0.00269,0.14,0.014,0,10.2,LOW
-0.0053,0.005,0.9834,0.457,-0.344,0.46,0.636,0.726,0.00741,0.0,0.0,0,12.1,LOW
-0.0374,0.0163,0.99,0.743,0.694,-0.698,0.967,0.457,0.00735,0.0,0.019,0,11.8,LOW
-0.0273,0.0291,0.9894,0.532,-1.283,-0.964,0.83,0.0,0.00285,0.0,0.0,0,8.8,LOW
0.0634,-0.03,1.0038,0.475,-1.204,-1.314,0.503,0.385,0.00384,0.04,0.017,0,8.4,LOW
0.0156,-0.0124,0.9874,-0.21,2.095,0.687,0.557,0.0,0.00583,0.01,0.04,0,10.0,LOW
-0.0274,-0.03,1.0237,-0.591,-0.431,-1.071,1.047,0.583,0.00645,0.0,0.052,0,15.4,LOW
0.0149,-0.0004,1.0078,0.629,-1.577,-1.546,0.189,0.694,0.00638,0.0,0.0,0,10.5,LOW
0.0481,0.1068,1.0097,-9.108,1.798,-1.307,1.926,5.435,0.02269,3.7,0.892,1,64.1,HIGH
0.0315,-0.0011,1.0037,1.037,-0.307,-1.751,0.944,0.648,0.00296,0.03,0.017,0,11.2,LOW
-0.0157,-0.0102,1.0013,-0.443,-0.246,0.685,1.098,0.616,0.00398,0.0,0.004,0,9.6,LOW
-0.0722,0.0241,1.0116,-2.141,-1.499,1.075,0.419,0.59,0.00596,0.0,0.0,0,12.4,LOW
0.0262,-0.0083,0.9522,-5.011,3.33,7.245,3.997,3.693,0.03555,9.22,1.051,1,88.8,CRITICAL
0.0524,-0.0687,0.9974,0.185,-0.009,0.174,0.134,1.035,0.00411,0.0,0.0,0,6.8,LOW
0.0953,-0.0126,0.9775,-0.031,-0.455,-3.959,5.79,3.419,0.01103,10.59,0.611,1,74.9,HIGH
-0.0679,-0.0255,0.9951,0.27,1.08,0.036,0.912,0.782,0.00376,0.01,0.008,0,10.6,LOW
-0.0016,-0.0071,1.0121,-1.336,0.691,0.375,0.0,0.647,0.00209,0.0,0.079,0,8.4,LOW
0.0419,-0.0144,1.0186,0.745,1.703,0.239,0.426,0.947,0.00602,0.0,0.0,0,13.8,LOW
0.0352,0.0021,1.0182,0.084,-0.43,-2.672,0.587,0.976,0.00461,0.11,0.0,0,15.6,LOW
0.0772,0.0051,1.0104,-0.596,0.296,2.208,0.088,0.335,0.00437,0.0,0.0,0,8.5,LOW
-0.0102,0.0058,1.0015,0.563,-0.688,0.5,0.557,1.139,0.0053,0.0,0.0,0,10.2,LOW
-0.0044,0.0114,1.0019,1.351,0.846,0.946,0.94,0.0,0.00557,0.03,0.043,0,8.9,LOW
0.0341,-0.0161,1.0096,-1.402,-0.758,0.024,0.381,0.291,0.00301,0.0,0.073,0,8.3,LOW
-0.0172,-0.0115,1.006,0.252,0.797,-0.342,0.134,0.058,0.00727,0.14,0.024,0,5.9,LOW
-0.0404,0.0169,0.998,0.063,1.491,1.313,0.158,0.689,0.00118,0.01,0.105,0,7.7,LOW
-0.011,0.006,0.9899,0.651,0.115,0.921,0.85,0.574,0.00338,0.14,0.0,0,10.7,LOW
-0.0327,0.0227,0.9931,1.49,0.607,-0.332,0.716,0.741,0.00337,0.13,0.017,0,11.0,LOW
-0.0137,-0.0562,1.0005,0.17,-0.342,1.137,0.605,0.288,0.00541,0.0,0.033,0,7.3,LOW
0.0075,0.0103,1.0024,1.057,-1.174,-0.216,0.143,0.442,0.00439,0.0,0.019,0,6.6,LOW
-0.057,-0.0346,0.9925,0.005,-0.505,0.993,0.271,0.434,0.00555,0.01,0.0,0,7.7,LOW
-0.0431,-0.0191,1.0017,1.433,-0.304,0.698,0.319,0.984,0.00316,0.0,0.0,0,8.9,LOW
-0.0076,-0.0065,1.0062,-0.88,-0.211,1.039,0.167,0.811,0.00536,0.0,0.0,0,8.8,LOW
-0.0137,0.03,1.0078,-0.552,2.637,0.247,0.425,0.893,0.00484,0.0,0.0,0,12.3,LOW
-0.038,0.0037,0.9746,-1.539,0.093,-0.496,0.241,0.572,0.00136,0.06,0.0,0,11.3,LOW
0.0072,-0.019,1.0036,0.634,-1.816,1.115,0.47,0.057,0.00588,0.21,0.061,0,8.7,LOW
0.0277,-0.0169,0.9996,-0.224,0.681,-0.001,0.407,0.531,0.0028,0.0,0.0,0,5.7,LOW
-0.0541,0.0016,1.0198,-0.245,0.871,0.614,1.013,0.597,0.00366,0.0,0.0,0,13.1,LOW
-0.0258,-0.0469,1.0106,-0.738,-0.832,-0.339,0.337,0.98,0.00266,0.0,0.017,0,10.0,LOW
-0.0392,0.0222,0.995,-0.508,-1.013,0.095,0.491,0.073,0.00638,0.0,0.0,0,6.9,LOW
-0.0272,0.0523,1.003,-0.888,-0.262,0.278,0.471,0.488,0.00434,0.05,0.036,0,7.5,LOW
-0.0021,0.0042,0.9996,0.427,0.111,-0.234,0.453,0.619,0.00345,0.01,0.0,0,6.2,LOW
0.0035,0.0053,0.9878,1.275,-1.626,0.824,0.647,0.473,0.00756,0.04,0.065,0,12.9,LOW
-0.025,0.0218,0.993,-2.8,0.171,0.736,0.109,1.036,0.00626,0.0,0.077,0,12.6,LOW
0.0248,0.0232,0.9987,-0.153,1.502,1.484,0.862,0.303,0.00635,0.03,0.037,0,10.2,LOW
-0.0152,0.0294,0.9972,-0.553,-1.187,0.923,0.891,0.564,0.00459,0.0,0.022,0,10.3,LOW
0.0333,-0.0119,1.004,0.393,-1.327,1.051,0.763,0.444,0.00724,0.0,0.0,0,10.4,LOW
0.1398,-0.0991,0.9418,-4.73,-3.955,-3.73,4.473,6.276,0.01868,3.37,0.532,1,80.4,CRITICAL
0.0275,0.0201,0.9768,0.023,3.633,-0.118,0.583,0.539,0.00726,0.04,0.0,0,16.8,LOW
0.0259,0.0192,1.0062,0.552,-2.133,-0.261,1.165,0.052,0.0037,0.0,0.0,0,10.5,LOW
-0.0004,0.0243,0.9814,0.846,-2.29,0.192,0.47,0.205,0.0053,0.17,0.0,0,12.0,LOW
-0.0639,-0.0153,0.9874,2.398,-0.018,1.653,0.817,0.656,0.00311,0.06,0.056,0,14.1,LOW
-0.0165,0.0387,0.9975,0.71,0.69,0.72,0.636,0.581,0.00729,0.03,0.022,0,9.6,LOW
0.024,-0.0045,0.995,0.479,0.386,0.418,0.029,0.171,0.00271,0.03,0.024,0,3.9,LOW
0.0454,0.0067,0.9972,1.749,0.111,-1.724,0.252,0.891,0.00284,0.1,0.009,0,9.9,LOW
0.0223,0.0085,1.0082,0.943,-2.003,0.37,0.278,0.02,0.00418,0.18,0.0,0,7.8,LOW
-0.0108,0.0203,0.9902,0.374,1.083,0.021,0.635,0.934,0.00452,0.02,0.0,0,11.4,LOW
0.0601,-0.0128,0.9984,-0.253,-1.19,1.159,0.068,0.954,0.00315,0.0,0.018,0,8.0,LOW
-0.0479,0.0053,1.0179,-3.048,0.765,1.019,0.393,0.0,0.00503,0.14,0.0,0,11.9,LOW
-0.0029,-0.0318,1.0114,-1.209,1.647,-0.871,0.548,0.183,0.00774,0.0,0.0,0,10.9,LOW
0.034,0.0958,1.0106,-0.468,-0.501,-0.057,0.183,0.004,0.00494,0.02,0.002,0,5.4,LOW
-0.0363,0.0528,1.0062,0.004,-1.673,0.127,0.309,0.155,0.0037,0.07,0.0,0,6.9,LOW
-0.0074,0.0035,0.9974,1.484,-0.964,1.899,0.595,0.453,0.0082,0.1,0.005,0,11.3,LOW
0.0701,-0.1432,0.9365,-3.385,-2.123,-2.447,4.431,8.081,0.02036,9.96,1.23,1,100.0,CRITICAL
0.0268,-0.0249,1.0094,-0.283,-1.935,0.051,0.17,0.318,0.00672,0.06,0.053,0,9.2,LOW
-0.0168,-0.0244,1.0161,-1.665,0.974,-0.157,0.3,0.257,0.00666,0.0,0.0,0,10.3,LOW
0.0088,0.0203,0.9938,0.031,0.707,-0.205,0.541,0.278,0.00396,0.09,0.0,0,7.0,LOW
0.0108,0.0138,1.0063,0.611,-0.379,-0.639,0.749,0.0,0.00355,0.0,0.051,0,7.0,LOW
0.036,-0.0088,0.9885,1.077,0.266,-1.476,0.69,0.851,0.0,0.08,0.0,0,11.4,LOW
0.0237,-0.004,1.0034,-0.377,-1.323,0.803,0.882,0.412,0.00428,0.0,0.017,0,9.6,LOW
0.0558,-0.018,0.9981,-0.053,-0.56,-0.006,0.46,0.045,0.00406,0.04,0.0,0,4.5,LOW
0.0153,0.077,1.0073,-0.165,0.1,-1.241,0.199,0.615,0.00764,0.02,0.0,0,8.9,LOW
-0.035,-0.0142,1.0105,-0.473,-1.139,-0.3,0.631,0.8,0.00403,0.05,0.0,0,11.0,LOW
-0.0381,0.0702,1.0021,-0.991,-0.12,-0.966,0.964,0.482,0.00526,0.21,0.051,0,10.5,LOW
-0.0097,-0.0004,1.0535,-5.983,1.023,-3.454,3.558,7.784,0.01386,5.88,1.17,1,88.3,CRITICAL
-0.0184,-0.0207,1.0021,0.887,1.065,0.553,0.948,0.065,0.00371,0.03,0.0,0,7.9,LOW
-0.0078,0.0104,0.9827,-2.054,-1.237,0.616,0.0,0.136,0.0,0.0,0.085,0,8.1,LOW
0.1876,0.0777,0.9371,7.227,4.151,1.17,3.985,5.353,0.02544,9.88,1.0,1,94.9,CRITICAL
-0.0329,0.0217,0.9957,0.526,-2.625,0.642,1.09,0.77,0.00279,0.12,0.025,0,13.6,LOW
-0.0975,0.0068,1.0149,-0.603,-0.356,0.613,0.265,0.396,0.00126,0.0,0.0,0,7.4,LOW
-0.0056,0.0034,1.003,-0.292,-1.012,-0.506,0.479,0.983,0.00448,0.14,0.0,0,9.8,LOW
-0.0417,0.0297,0.9873,1.284,-1.971,0.922,0.184,0.379,0.00982,0.01,0.0,0,11.5,LOW
-0.0146,0.0468,1.0105,-1.426,-0.185,-0.274,0.444,0.42,0.00994,0.0,0.022,0,10.8,LOW
-0.0115,-0.0055,1.0035,1.387,-1.168,0.034,0.0,0.776,0.00801,0.0,0.0,0,8.9,LOW
-0.0298,-0.0539,1.0056,-0.503,0.062,-0.195,0.203,0.49,0.00847,0.0,0.003,0,7.3,LOW
-0.0021,-0.012,0.9941,-0.177,-1.763,-0.242,1.038,0.491,0.00433,0.21,0.0,0,11.7,LOW
-0.017,-0.0031,1.0189,-0.014,-0.37,-0.879,0.284,0.0,0.00633,0.02,0.059,0,8.6,LOW
-0.0241,-0.0413,0.9967,-0.738,0.931,-0.335,0.35,0.0,0.00412,0.06,0.027,0,5.4,LOW
-0.0678,-0.0117,1.0154,-0.23,2.115,-0.488,0.463,0.0,0.00574,0.13,0.0,0,10.2,LOW
0.0204,0.0317,1.0042,0.285,0.934,0.005,0.4,0.14,0.00609,0.04,0.0,0,6.4,LOW
-0.0006,-0.0418,1.0093,-1.23,-0.836,0.292,0.604,0.934,0.00749,0.03,0.096,0,13.1,LOW
-0.0303,-0.0044,0.997,1.529,-0.038,2.065,0.354,0.515,0.00336,0.09,0.0,0,9.1,LOW
0.0461,-0.1472,1.0861,8.476,10.468,-5.353,4.511,5.432,0.0069,5.33,0.869,1,95.8,CRITICAL
-0.1263,-0.0804,0.9732,6.703,6.183,-3.613,2.709,5.502,0.0257,4.77,1.384,1,77.1,HIGH
0.0122,-0.0049,0.9837,-1.335,0.545,0.476,0.858,0.166,0.00653,0.18,0.0,0,12.0,LOW
0.0338,-0.0241,1.0071,1.159,-1.44,0.072,0.523,0.448,0.00462,0.04,0.0,0,9.5,LOW
0.0009,0.0329,0.989,2.122,0.307,1.018,0.466,0.122,0.00561,0.03,0.0,0,9.9,LOW
-0.0053,-0.0198,1.001,0.503,0.814,-0.561,0.436,0.658,0.00819,0.0,0.0,0,8.7,LOW
-0.0136,-0.0104,1.0021,-1.546,-2.192,0.149,0.392,0.08,0.00577,0.02,0.015,0,8.2,LOW
-0.0242,-0.009,0.9991,0.364,0.031,-1.65,0.57,1.135,0.00513,0.0,0.029,0,11.2,LOW
-0.0002,-0.0011,0.9751,-0.932,-1.562,0.963,0.761,0.0,0.00305,0.04,0.033,0,12.3,LOW
0.0447,-0.0144,1.0103,-1.221,-1.84,-0.386,0.0,0.759,0.00452,0.0,0.0,0,9.8,LOW
-0.0066,-0.024,1.0061,-0.353,0.168,-1.509,0.981,0.674,0.00546,0.11,0.007,0,12.1,LOW
-0.0213,-0.0466,1.0051,-0.029,1.169,-0.399,0.22,0.354,0.00525,0.07,0.0,0,6.9,LOW
0.0099,0.0151,1.0019,0.09,0.507,-2.474,0.501,1.146,0.00658,0.0,0.064,0,13.1,LOW
-0.1556,-0.002,0.9339,-6.78,-6.385,-1.371,2.964,3.108,0.01186,4.83,0.721,1,68.5,HIGH
0.0288,0.0379,1.0148,0.545,0.353,-0.401,0.124,0.218,0.00615,0.0,0.0,0,7.3,LOW
-0.1036,-0.0082,1.0019,-0.295,-0.423,-0.659,0.463,1.064,0.00559,0.13,0.0,0,9.7,LOW
-0.0159,-0.0125,1.0124,-0.005,-0.033,-0.431,1.275,0.481,0.00687,0.04,0.0,0,12.3,LOW
0.0235,-0.0423,0.9993,0.413,-0.269,1.268,0.196,0.497,0.00634,0.16,0.0,0,7.2,LOW
0.0385,0.0227,0.9897,1.734,-0.217,-0.619,0.963,0.342,0.0015,0.07,0.038,0,10.8,LOW
-0.0036,0.0332,0.9966,-1.276,-0.529,0.053,0.56,0.721,0.00463,0.08,0.036,0,9.6,LOW
0.0261,0.0265,1.0168,-1.325,-0.549,0.657,0.514,0.16,0.00651,0.0,0.007,0,10.4,LOW
-0.0568,0.0631,1.001,-1.285,0.397,-0.174,0.718,0.332,0.00819,0.0,0.0,0,8.9,LOW
0.0483,0.0323,0.9991,-2.385,-1.059,0.342,0.541,0.191,0.00622,0.12,0.061,0,9.5,LOW
0.1315,-0.0114,0.9441,-7.779,0.662,-0.092,7.322,3.225,0.03786,4.05,1.25,1,90.8,CRITICAL
0.1281,0.0555,0.9988,0.444,3.471,-6.155,8.422,4.716,0.03521,2.45,1.599,1,86.9,CRITICAL
-0.0053,0.0046,1.0029,0.02,-0.584,-1.223,0.43,0.293,0.00363,0.07,0.0,0,6.7,LOW
-0.0099,0.1014,0.9712,-5.846,11.764,-4.566,8.494,1.32,0.01104,10.95,1.135,1,96.8,CRITICAL
-0.0084,0.0374,0.9923,-0.743,1.587,-0.721,0.147,0.775,0.00456,0.03,0.0,0,9.5,LOW
-0.0007,-0.0574,0.8836,-4.57,-0.648,8.052,5.352,1.657,0.01432,4.2,0.529,1,80.6,CRITICAL
0.009,0.013,0.9958,-1.518,0.017,-0.146,0.946,0.829,0.00637,0.0,0.0,0,12.1,LOW
-0.066,-0.0243,1.0109,-4.347,-1.105,-6.248,3.868,3.429,0.01698,2.06,1.153,1,57.9,MEDIUM
-0.0206,0.0189,0.9878,0.541,-0.458,0.71,0.594,0.052,0.00825,0.0,0.012,0,9.1,LOW
-0.0325,0.0134,1.0044,0.062,1.336,0.9,0.482,0.841,0.00223,0.0,0.0,0,9.3,LOW
0.0135,0.0208,0.9947,-0.629,-1.312,0.774,0.672,0.242,0.00421,0.03,0.0,0,8.5,LOW
-0.0061,-0.0115,1.0097,-2.451,0.755,0.673,1.153,0.837,0.00619,0.05,0.0,0,15.8,LOW
0.0702,0.0049,1.0027,0.222,0.411,-1.177,0.0,0.657,0.00347,0.08,0.0,0,6.3,LOW
0.0223,-0.0039,1.0003,-2.471,-0.914,0.206,0.651,0.704,0.00623,0.0,0.123,0,11.9,LOW
0.0344,-0.003,1.0046,0.841,0.724,0.071,0.501,0.743,0.00473,0.0,0.0,0,9.0,LOW
0.0395,-0.0824,0.9829,-0.582,-8.369,4.237,5.397,6.037,0.02002,3.54,0.834,1,80.5,CRITICAL
-0.0313,-0.0508,1.0056,0.947,-2.804,-0.414,1.219,0.407,0.00569,0.08,0.042,0,14.2,LOW
0.0126,0.0306,0.9891,0.007,-0.063,-0.839,0.02,0.663,0.00641,0.0,0.045,0,8.3,LOW
0.0384,-0.0339,0.9906,-0.365,-0.192,-1.111,0.211,0.511,0.00166,0.0,0.059,0,7.3,LOW
0.0056,0.052,0.9899,0.512,0.376,0.798,0.129,0.592,0.0055,0.02,0.005,0,8.1,LOW
0.0224,0.0174,0.9803,-0.594,0.759,0.773,0.226,0.049,0.00827,0.07,0.0,0,9.5,LOW
0.0114,0.0073,0.982,-0.148,-0.207,-0.372,0.278,0.459,0.00689,0.0,0.069,0,9.6,LOW
-0.095,0.015,1.0466,-0.334,-1.232,-3.128,4.303,5.985,0.00856,1.67,0.718,1,65.0,HIGH
0.0175,-0.0059,1.0019,-1.401,0.274,-0.061,0.424,0.258,0.00369,0.15,0.0,0,6.7,LOW
0.0694,0.0111,0.9914,0.995,0.813,-0.589,0.723,0.162,0.0065,0.01,0.0,0,9.4,LOW
-0.0049,0.004,1.0201,-2.89,-0.428,-0.24,0.614,0.741,0.00677,0.0,0.149,0,16.6,LOW
0.0098,-0.0123,1.0016,2.283,-1.547,0.818,0.245,0.701,0.00607,0.0,0.0,0,10.2,LOW
0.0306,0.0018,0.9914,3.207,-1.679,0.949,0.979,0.567,0.0079,0.04,0.01,0,16.0,LOW
0.0138,-0.0423,0.9933,0.441,0.219,0.562,0.444,0.0,0.00484,0.0,0.0,0,5.7,LOW
-0.0551,0.0264,1.0113,-0.529,-0.325,0.842,0.951,0.655,0.00458,0.0,0.015,0,11.7,LOW
0.0265,-0.0477,1.002,-0.422,-0.366,0.623,0.706,0.591,0.00659,0.0,0.0,0,8.8,LOW
0.029,0.0367,1.0146,0.237,0.889,-2.126,0.55,0.397,0.00359,0.0,0.0,0,11.3,LOW
-0.0228,0.0002,1.0035,-1.592,0.48,-0.921,0.191,0.521,0.00228,0.0,0.0,0,7.1,LOW
-0.0184,0.0103,1.0083,0.804,-0.199,-1.323,0.029,0.349,0.0067,0.0,0.0,0,7.5,LOW
-0.1381,0.1746,0.945,1.096,-0.317,-7.772,0.235,4.263,0.0062,5.0,0.617,1,55.7,MEDIUM
0.0125,-0.0239,0.983,0.504,-1.558,0.008,0.46,0.416,0.00369,0.04,0.016,0,10.6,LOW
-0.0902,0.0832,0.9411,-7.552,0.589,12.137,1.046,1.97,0.00901,9.35,1.294,1,73.2,HIGH
0.0039,-0.0468,1.0002,0.309,1.562,0.194,1.076,0.579,0.00364,0.0,0.029,0,10.3,LOW
-0.0026,0.0291,1.0355,6.799,3.623,3.458,6.155,6.275,0.02801,3.57,1.556,1,92.8,CRITICAL
0.0762,0.0646,0.9295,-1.279,-0.837,5.732,0.534,0.337,0.0192,4.71,1.795,1,50.6,MEDIUM
-0.047,0.0203,1.0062,0.662,0.273,0.055,0.205,0.245,0.00552,0.0,0.0,0,5.8,LOW
0.0356,-0.0377,1.0151,0.59,1.246,0.723,0.704,1.343,0.00647,0.2,0.073,0,16.2,LOW
0.0258,-0.0127,0.9969,-1.222,1.203,0.024,0.447,0.725,0.00415,0.09,0.039,0,9.5,LOW
0.0503,-0.0006,1.0076,1.141,2.081,-0.537,0.735,0.433,0.00306,0.01,0.023,0,10.9,LOW
-0.0243,-0.0411,1.0209,-1.223,0.566,-0.591,0.374,0.379,0.00582,0.0,0.0,0,11.1,LOW
0.0294,-0.0622,0.9977,-0.159,0.4,-1.141,0.502,0.837,0.00699,0.01,0.0,0,9.8,LOW
-0.0578,0.1049,0.9375,-0.569,3.293,3.844,6.364,6.808,0.02192,5.49,1.027,1,95.5,CRITICAL
0.0185,-0.0129,1.0003,0.616,0.877,-2.444,0.303,0.863,0.00449,0.0,0.0,0,10.1,LOW
0.0108,-0.0952,0.8789,-5.291,-9.446,0.974,5.519,5.949,0.02629,5.69,1.03,1,100.0,CRITICAL
-0.004,-0.0167,1.0089,1.15,0.681,1.213,0.353,0.622,0.00209,0.04,0.0,0,9.1,LOW
0.0153,0.0866,0.9962,6.345,3.861,0.059,3.201,3.83,0.02158,3.54,1.64,1,61.8,HIGH
0.0339,0.0113,1.0067,-0.514,1.382,-0.031,0.371,0.568,0.00632,0.01,0.065,0,9.5,LOW
0.0071,-0.0171,0.9908,0.609,0.65,0.358,0.54,0.203,0.00629,0.02,0.053,0,8.4,LOW
0.0441,-0.0056,1.0108,-0.601,-0.835,0.856,0.154,0.406,0.00445,0.0,0.025,0,7.9,LOW
0.0055,-0.0603,0.992,-0.221,2.56,-2.07,0.008,0.893,0.0042,0.27,0.0,0,12.0,LOW
-0.0117,0.0018,0.9981,1.769,-1.947,0.19,0.504,0.396,0.0082,0.12,0.0,0,10.6,LOW
-0.0497,0.0627,0.9816,0.211,-0.126,-0.107,0.254,0.344,0.00622,0.06,0.057,0,8.7,LOW
0.0182,0.0182,0.9903,0.251,2.293,-0.447,0.954,0.561,0.00603,0.0,0.024,0,13.5,LOW
0.0849,0.0149,0.991,1.797,1.582,0.132,0.379,0.637,0.00268,0.02,0.052,0,10.6,LOW
0.0173,0.0206,1.0236,-0.742,-0.06,0.119,0.277,1.191,0.00483,0.05,0.0,0,13.3,LOW
0.0423,-0.0468,1.001,-1.659,0.452,-1.134,0.553,0.373,0.00457,0.08,0.0,0,8.5,LOW
0.0167,0.0206,1.0032,-0.643,0.584,0.246,0.346,0.943,0.00508,0.0,0.0,0,8.7,LOW
0.0073,-0.0443,0.9842,0.628,-0.313,-0.365,0.451,1.131,0.00228,0.0,0.046,0,11.6,LOW
-0.1141,0.0349,0.8609,0.325,10.971,1.03,1.36,3.155,0.00398,7.92,1.86,1,88.8,CRITICAL
0.0033,0.0325,0.9964,0.939,-1.105,-0.591,0.674,0.454,0.00571,0.0,0.0,0,9.3,LOW
-0.0268,0.0056,0.9995,-0.812,-1.487,-0.293,0.841,0.091,0.00379,0.07,0.081,0,8.1,LOW
-0.0178,-0.0061,1.0102,-0.427,1.516,0.956,1.087,0.175,0.00535,0.0,0.0,0,11.5,LOW
0.0242,0.0153,0.9992,0.824,0.739,-0.643,0.254,0.072,0.00781,0.1,0.053,0,6.2,LOW
-0.0236,-0.0222,0.9953,0.402,1.825,0.434,0.221,0.304,0.00365,0.05,0.019,0,7.2,LOW
0.018,-0.0372,0.9977,-0.621,-0.189,0.357,0.33,0.389,0.00406,0.0,0.054,0,5.9,LOW
-0.0036,-0.0141,0.9976,0.624,-0.907,1.725,0.972,0.12,0.00478,0.02,0.043,0,9.6,LOW
-0.0154,-0.0275,0.9963,1.496,0.483,-0.343,0.296,0.0,0.0048,0.0,0.004,0,5.8,LOW
-0.1076,-0.0739,1.0009,7.652,-5.109,-1.732,4.743,2.065,0.0032,1.21,0.543,1,47.6,MEDIUM
0.005,0.0117,1.0201,0.922,0.354,-0.228,0.476,0.33,0.00542,0.0,0.0,0,10.4,LOW
-0.0402,0.02,0.9784,-0.236,1.343,0.799,0.994,0.789,0.00436,0.0,0.088,0,15.6,LOW
-0.0047,0.0276,0.9794,3.819,-4.449,-0.172,2.642,5.449,0.03538,7.7,0.934,1,76.0,HIGH
-0.0236,-0.0402,1.0055,1.061,1.415,-0.705,0.293,0.458,0.00627,0.06,0.005,0,9.0,LOW
-0.0459,-0.0016,0.9976,-0.433,2.188,0.592,1.083,0.234,0.00365,0.0,0.027,0,10.4,LOW
-0.0034,-0.0203,1.0007,1.232,0.9,-0.868,0.0,0.748,0.00494,0.0,0.0,0,7.2,LOW
-0.02,-0.0255,0.9925,-0.053,1.355,0.328,0.523,0.307,0.00644,0.07,0.075,0,9.4,LOW
0.0987,0.1541,1.0212,2.297,3.677,9.107,7.119,3.749,0.00751,9.2,0.939,1,88.2,CRITICAL
-0.0674,0.1615,0.9075,2.135,2.304,-0.422,1.279,3.048,0.02376,4.22,1.215,1,62.2,HIGH
0.0245,0.0301,1.0043,0.567,-2.143,0.76,0.473,0.258,0.00699,0.0,0.008,0,9.4,LOW
-0.0436,-0.0368,0.9262,-4.194,1.552,2.245,1.728,4.778,0.02005,6.72,1.59,1,75.7,HIGH
0.0135,-0.003,1.0009,-0.942,-1.068,-0.021,0.513,0.286,0.001,0.0,0.067,0,6.1,LOW
-0.0375,-0.0051,0.992,2.682,0.845,-2.852,0.872,0.369,0.00474,0.07,0.0,0,14.1,LOW
0.0082,-0.0334,0.9878,-0.015,1.499,-1.04,0.327,0.176,0.00769,0.07,0.0,0,9.6,LOW
-0.0659,0.0105,0.8711,-0.25,-2.133,0.22,4.336,0.884,0.01372,7.31,1.005,1,73.7,HIGH
-0.0511,-0.0615,1.0013,0.077,0.537,-0.578,0.832,0.1,0.00311,0.0,0.053,0,6.4,LOW
-0.0229,0.0566,0.9916,0.712,-0.5,-0.539,0.0,0.649,0.0002,0.01,0.0,0,5.9,LOW
-0.0006,-0.0172,0.9995,0.141,-0.123,-0.725,0.168,0.115,0.00431,0.02,0.0,0,3.7,LOW
0.034,0.1015,0.9413,-1.987,-0.005,1.168,3.801,3.696,0.03577,8.18,1.451,1,79.5,HIGH
-0.0192,-0.0202,1.0118,-0.84,1.167,1.323,0.519,0.384,0.00387,0.04,0.0,0,10.1,LOW
-0.0305,0.0332,0.9971,0.483,0.3,0.141,0.517,0.142,0.00961,0.0,0.025,0,7.1,LOW
0.0444,0.05,1.0141,0.841,-1.591,-0.594,0.402,0.231,0.00423,0.0,0.0,0,9.5,LOW
-0.0052,-0.0347,1.0119,-2.095,-0.629,0.094,0.0,0.273,0.00839,0.01,0.058,0,9.6,LOW
0.0263,-0.0206,0.9775,1.425,-1.171,1.215,0.457,0.468,0.00242,0.11,0.005,0,12.5,LOW
0.0002,0.0278,0.9941,1.007,2.213,-0.611,0.526,0.643,0.00286,0.0,0.0,0,10.5,LOW
0.0249,0.0052,0.9986,0.625,1.175,-0.097,0.59,0.408,0.0058,0.07,0.028,0,8.3,LOW
-0.0109,-0.0397,1.0298,-1.122,2.872,-0.9,0.431,0.446,0.00887,0.0,0.0,0,16.9,LOW
0.0238,-0.0477,1.0035,-0.446,0.497,0.019,0.579,0.158,0.00168,0.06,0.039,0,5.5,LOW
0.0042,0.0049,1.0125,0.988,-0.232,0.06,0.858,0.537,0.00399,0.0,0.0,0,10.8,LOW
0.0226,0.029,0.9999,0.937,0.472,-0.09,0.318,0.721,0.00096,0.15,0.0,0,6.3,LOW
-0.0149,0.0629,1.013,-0.007,-1.848,0.635,0.0,0.722,0.00667,0.0,0.0,0,10.4,LOW
-0.0037,-0.0378,0.9941,0.742,0.031,-1.077,0.64,0.422,0.00516,0.0,0.008,0,9.0,LOW
-0.0285,0.0299,0.994,-1.678,0.041,-1.446,0.432,0.588,0.00395,0.0,0.0,0,9.8,LOW
-0.0381,-0.0485,0.9925,-1.833,-0.835,1.959,0.41,0.454,0.00324,0.0,0.038,0,10.3,LOW
0.0319,0.0211,0.9864,-1.493,0.275,1.782,0.488,0.238,0.00564,0.0,0.064,0,11.1,LOW
0.0083,0.0066,1.0167,-0.095,0.038,0.272,0.285,0.177,0.00434,0.0,0.033,0,7.1,LOW
0.02,0.019,1.0044,-0.318,-0.201,0.021,0.491,1.008,0.00643,0.0,0.098,0,9.9,LOW
0.0019,-0.0035,0.9973,-1.277,1.968,-0.973,0.0,0.281,0.0056,0.11,0.06,0,7.7,LOW
-0.0533,-0.1876,0.9235,-11.947,4.39,11.782,1.904,0.329,0.02118,4.27,1.057,1,70.4,HIGH
-0.0093,0.0605,1.0039,-0.049,0.604,0.811,0.546,0.514,0.0073,0.0,0.01,0,8.8,LOW
-0.0214,-0.0541,0.9942,0.975,2.216,-0.454,0.0,0.183,0.00596,0.0,0.006,0,7.4,LOW
-0.0334,-0.0069,1.0093,-2.191,0.235,-0.763,0.0,0.767,0.00641,0.15,0.0,0,10.6,LOW
-0.0038,0.0034,0.9978,0.196,0.583,-0.033,0.496,0.425,0.00309,0.09,0.002,0,6.2,LOW
0.0186,-0.0078,0.9903,1.337,-0.725,1.719,0.612,1.172,0.0057,0.0,0.0,0,14.2,LOW
0.007,0.0316,0.9854,-1.256,-1.161,-0.053,1.001,0.844,0.00805,0.12,0.012,0,15.6,LOW
0.0182,0.0257,0.9908,0.148,-0.692,-0.941,0.147,0.519,0.00723,0.07,0.011,0,8.6,LOW
0.0473,-0.0519,0.966,-5.905,-0.912,0.447,2.468,5.275,0.01209,9.78,1.29,1,76.4,HIGH
0.0379,0.0066,0.9925,0.512,0.557,0.568,0.348,0.153,0.00527,0.11,0.131,0,7.4,LOW
0.0049,0.063,1.0062,-1.652,-0.719,-0.028,0.598,0.461,0.0027,0.0,0.0,0,9.0,LOW
-0.0486,0.0253,0.9917,-0.493,0.16,0.348,0.232,0.179,0.00366,0.0,0.021,0,5.4,LOW
0.0214,0.0088,0.9937,0.405,0.474,0.4,0.441,0.824,0.00333,0.0,0.0,0,8.4,LOW
-0.1207,0.0813,1.0234,-11.999,1.091,-3.733,5.874,5.989,0.01983,1.15,0.944,1,84.0,CRITICAL
-0.019,-0.0147,1.0024,1.511,0.403,0.447,0.873,0.679,0.00439,0.0,0.0,0,10.4,LOW
-0.0207,0.0273,1.0004,-0.115,-0.671,0.715,0.674,0.444,0.00439,0.0,0.0,0,7.3,LOW
0.0112,0.0058,0.9928,0.956,-1.957,1.53,0.735,0.842,0.00211,0.09,0.0,0,12.6,LOW
0.0144,0.0273,0.9981,-1.966,-4.411,-0.954,3.61,5.358,0.00394,5.28,1.234,1,61.5,HIGH
0.0142,-0.0261,1.0011,-0.616,0.129,-0.146,0.45,0.127,0.0026,0.03,0.014,0,4.4,LOW
-0.0292,-0.0123,0.9837,0.172,-0.138,0.685,0.201,0.698,0.00535,0.04,0.0,0,9.6,LOW
-0.0061,-0.011,0.9542,-2.137,-3.053,-3.688,2.621,2.44,0.04048,10.11,0.472,1,72.0,HIGH
0.0122,0.0129,0.9956,-0.806,-0.493,1.495,0.727,0.656,0.00442,0.2,0.0,0,10.8,LOW
-0.056,0.0643,0.8316,1.774,5.412,-5.289,3.27,3.888,0.01994,1.9,1.384,1,90.7,CRITICAL
0.0346,-0.0055,1.0183,-1.478,0.038,0.75,0.903,0.573,0.0065,0.03,0.03,0,14.2,LOW
-0.0192,0.0006,0.9915,0.515,-1.123,1.571,0.296,0.266,0.00214,0.07,0.0,0,7.7,LOW
0.0513,0.0069,1.0005,-1.539,1.375,-0.191,0.072,0.578,0.00387,0.0,0.0,0,7.0,LOW
-0.0146,0.1236,0.9034,2.437,-1.19,3.788,3.5,2.72,0.00561,5.14,1.329,1,69.8,HIGH
0.136,0.0209,1.0841,-1.033,5.347,-2.814,5.192,4.863,0.02622,3.24,0.74,1,84.3,CRITICAL
-0.0257,0.0491,0.9754,-2.857,0.631,0.95,0.707,0.378,0.00355,0.0,0.008,0,15.0,LOW
0.0218,-0.0304,0.9841,0.118,0.31,1.401,0.307,0.558,0.0025,0.01,0.0,0,9.6,LOW
-0.0423,0.0255,0.9904,0.974,-0.668,0.681,0.861,0.0,0.00791,0.0,0.031,0,9.9,LOW
0.0196,0.014,1.0182,-0.766,-1.707,0.182,0.785,0.46,0.00688,0.09,0.007,0,13.7,LOW
0.0445,0.024,0.9975,-0.076,1.038,-0.871,0.193,0.081,0.0071,0.0,0.099,0,6.3,LOW
-0.0317,0.0214,1.0094,0.29,-1.026,-1.406,0.773,0.14,0.0025,0.09,0.0,0,9.1,LOW
0.0526,0.0106,0.8447,3.692,-0.345,5.665,6.234,5.134,0.01678,3.51,0.709,1,100.0,CRITICAL
-0.0109,-0.0107,0.9897,0.618,-0.211,0.267,1.192,0.582,0.00593,0.0,0.0,0,12.0,LOW
-0.0105,-0.0641,1.012,-1.72,-1.875,-0.395,0.864,0.631,0.00585,0.0,0.0,0,14.0,LOW
-0.0311,0.0577,0.9821,-0.337,-0.667,0.853,0.716,0.881,0.00464,0.0,0.066,0,13.4,LOW
-0.0261,-0.0133,0.9832,-0.177,2.001,-0.072,0.247,0.763,0.00655,0.0,0.014,0,12.5,LOW
0.0356,-0.0434,1.0071,-1.572,-1.385,-0.36,0.591,0.77,0.00495,0.0,0.12,0,12.1,LOW
-0.0044,-0.034,1.0057,2.593,0.552,-0.575,0.121,0.582,0.00329,0.01,0.118,0,9.6,LOW
0.0173,-0.0337,1.0008,0.384,-0.309,0.586,0.656,0.244,0.00288,0.09,0.0,0,6.0,LOW
-0.0016,-0.0138,1.0053,-0.123,-0.782,0.279,0.403,0.754,0.00741,0.15,0.0,0,9.5,LOW
-0.0403,0.0163,1.0147,0.922,1.108,0.484,0.031,0.833,0.00254,0.0,0.0,0,9.4,LOW
0.0036,-0.0527,0.9452,-4.854,-0.612,4.863,4.634,3.467,0.00459,3.01,1.298,1,67.6,HIGH
0.0457,-0.061,0.9912,1.45,-0.724,0.692,0.344,0.398,0.00444,0.0,0.0,0,8.7,LOW
-0.0025,0.0716,0.9971,1.132,-0.796,-2.1,0.352,0.396,0.00631,0.0,0.0,0,9.2,LOW
0.0078,-0.0671,1.0074,0.49,1.335,1.112,0.339,0.209,0.00565,0.0,0.089,0,8.5,LOW
0.0596,0.032,0.999,-1.244,-0.396,-0.919,0.211,0.0,0.00642,0.0,0.0,0,5.4,LOW
-0.0278,0.0003,1.0039,-0.249,0.24,0.166,0.097,0.922,0.00394,0.0,0.0,0,6.6,LOW
0.049,0.0162,0.9895,-0.165,-0.918,-2.57,0.81,0.576,0.00718,0.11,0.046,0,14.3,LOW
-0.0235,0.026,1.0078,-0.539,-1.777,-1.298,0.292,0.666,0.00529,0.0,0.04,0,10.6,LOW
0.0205,-0.0417,1.0022,-1.682,-0.244,0.012,0.437,0.646,0.00324,0.13,0.057,0,8.8,LOW
-0.0118,-0.0334,0.9912,0.868,0.567,-2.258,0.359,0.588,0.00331,0.0,0.028,0,10.4,LOW
-0.0147,-0.0127,0.9902,-0.344,0.321,0.958,0.503,0.567,0.00302,0.0,0.022,0,8.9,LOW
-0.0131,-0.0182,1.0001,-0.866,-0.931,-1.013,1.325,0.442,0.00945,0.01,0.0,0,12.4,LOW
-0.0301,-0.0506,1.0069,1.038,-0.152,0.936,0.666,0.215,0.00568,0.01,0.0,0,8.7,LOW
-0.0908,0.0095,0.9385,-1.073,-2.354,1.548,2.463,3.319,0.01184,2.65,0.853,1,53.1,MEDIUM
-0.0272,0.0515,1.0054,0.95,0.79,-0.112,0.396,0.279,0.00555,0.0,0.058,0,7.6,LOW
0.0151,-0.0455,0.9979,0.893,-0.593,-0.319,0.742,0.749,0.0016,0.0,0.0,0,8.5,LOW
0.0005,0.0426,1.008,-0.115,0.83,-1.217,0.469,0.191,0.00247,0.09,0.009,0,7.4,LOW
0.0094,0.0196,1.0082,0.233,-0.877,0.16,0.0,0.947,0.00569,0.0,0.043,0,8.7,LOW
0.0361,0.0198,0.9962,0.3,1.43,0.644,0.072,0.857,0.00427,0.01,0.0,0,8.2,LOW
0.0329,-0.0005,0.9883,0.877,0.004,-1.629,0.154,0.503,0.00471,0.0,0.0,0,9.2,LOW
-0.0601,0.0743,0.9855,1.178,0.641,1.45,0.0,0.532,0.00581,0.0,0.077,0,10.1,LOW
0.0508,0.011,1.0102,6.482,-1.066,-14.856,1.457,3.849,0.01862,0.0,0.724,1,56.8,MEDIUM
-0.0017,0.0015,1.0044,-0.343,-1.946,0.441,0.611,0.747,0.00522,0.0,0.031,0,11.1,LOW
0.0681,-0.0361,1.0032,0.676,-0.295,-0.493,0.344,0.62,0.00554,0.0,0.0,0,7.5,LOW
0.0136,0.0725,1.0116,-0.156,1.345,-0.892,0.427,0.395,0.00496,0.1,0.0,0,9.7,LOW
-0.0125,-0.044,0.9961,0.402,-0.218,-0.558,0.0,0.207,0.00153,0.0,0.0,0,3.1,LOW
-0.0105,-0.0316,1.0001,-0.538,0.49,0.511,0.898,0.483,0.00261,0.0,0.0,0,7.7,LOW
0.0238,-0.019,1.0255,0.812,-2.584,-0.236,0.761,0.336,0.00588,0.03,0.0,0,15.4,LOW
-0.0198,-0.0043,0.9954,1.381,-1.464,0.295,0.267,0.858,0.00503,0.0,0.0,0,10.0,LOW
-0.0007,0.0114,0.9976,-0.131,-0.806,-1.608,0.651,0.676,0.00244,0.0,0.0,0,9.2,LOW
-0.0266,-0.0132,0.9862,1.277,1.362,-1.975,0.005,0.48,0.00708,0.0,0.0,0,10.9,LOW
0.0203,-0.0322,0.9985,0.639,-1.183,-0.569,0.678,0.362,0.00575,0.0,0.0,0,8.4,LOW
-0.0026,-0.0076,1.0031,-0.729,-0.083,1.022,0.24,0.861,0.00682,0.0,0.101,0,9.5,LOW
0.0517,0.0164,1.0015,0.179,-0.286,-0.73,0.146,0.457,0.00759,0.09,0.015,0,6.5,LOW
0.0526,0.0272,1.0025,1.11,0.4,0.19,0.554,0.897,0.0,0.03,0.048,0,8.4,LOW
0.0107,-0.0094,1.0012,-1.03,0.167,1.408,0.769,0.837,0.00656,0.18,0.068,0,12.0,LOW
-0.0044,-0.123,0.9303,-0.6,6.171,-0.303,6.684,2.975,0.0,8.19,1.975,1,88.1,CRITICAL
0.0225,0.0326,0.9881,1.387,-1.302,0.723,0.287,0.445,0.00032,0.16,0.014,0,8.8,LOW
-0.0089,0.027,0.9961,-0.803,-0.233,0.262,0.647,0.43,0.00759,0.09,0.028,0,9.0,LOW
0.0523,0.0062,0.9422,2.72,1.614,-1.288,1.967,4.858,0.02715,6.22,0.253,1,65.8,HIGH
0.04,0.0304,0.9869,0.229,1.965,0.982,0.45,0.997,0.00642,0.03,0.057,0,14.0,LOW
0.0399,-0.0399,1.0067,-0.834,-1.274,0.628,0.623,0.971,0.00617,0.02,0.0,0,12.1,LOW
-0.0175,0.0306,1.0067,0.03,-0.086,0.91,0.597,0.505,0.00572,0.0,0.04,0,9.0,LOW
0.0152,-0.0312,1.0049,0.18,0.113,-0.388,0.751,0.621,0.00588,0.0,0.0,0,8.9,LOW
0.0018,-0.0225,1.007,-1.406,1.181,-0.228,0.552,0.478,0.00487,0.0,0.0,0,9.8,LOW
-0.0088,-0.0027,0.9867,1.242,1.08,-1.324,0.18,0.373,0.0026,0.02,0.0,0,8.9,LOW
0.0192,0.0184,0.9995,-0.835,-0.199,-0.886,0.0,0.687,0.00552,0.0,0.0,0,6.4,LOW
-0.0409,0.0117,0.9747,-0.854,1.619,0.466,0.646,0.061,0.00745,0.0,0.0,0,13.0,LOW
-0.0031,0.0082,1.0003,-0.433,1.234,0.181,0.484,0.575,0.0049,0.0,0.09,0,8.2,LOW
-0.036,-0.0161,0.9933,1.395,-0.189,0.193,0.884,0.564,0.00451,0.0,0.0,0,10.6,LOW
0.1491,-0.0616,0.9274,-5.834,-2.207,-3.575,4.976,5.997,0.01821,9.81,0.781,1,98.2,CRITICAL
0.0019,-0.0098,0.8919,0.942,0.482,3.243,2.312,3.449,0.01915,8.81,0.947,1,77.9,HIGH
0.0564,0.0305,0.937,4.644,2.992,3.389,7.097,7.978,0.03896,7.88,0.0,1,100.0,CRITICAL
-0.0205,-0.0732,1.0146,-0.192,0.185,0.487,0.025,0.033,0.00653,0.0,0.0,0,5.9,LOW
-0.0478,0.0182,0.9912,-0.883,1.575,0.197,0.637,0.796,0.00183,0.04,0.0,0,10.8,LOW
-0.0108,-0.0281,0.9996,-0.222,0.728,-0.284,0.0,0.498,0.0037,0.0,0.0,0,4.4,LOW
-0.0397,-0.0247,1.0009,-0.922,-0.271,2.215,0.445,0.247,0.00482,0.0,0.092,0,8.5,LOW
0.0028,0.0259,0.9995,-1.276,-0.183,0.754,0.402,0.961,0.0043,0.16,0.005,0,9.4,LOW
-0.0347,0.0219,0.9857,0.461,0.565,1.218,0.495,0.298,0.00275,0.0,0.0,0,9.0,LOW
0.0233,-0.026,1.0073,-1.115,-0.673,1.88,0.732,0.632,0.00567,0.0,0.005,0,12.1,LOW
-0.057,-0.0031,0.9954,4.658,1.723,4.175,5.127,5.651,0.04976,4.97,1.145,1,84.4,CRITICAL
0.0355,-0.1485,0.9744,2.444,-4.823,-3.701,2.873,5.252,0.02873,12.88,1.32,1,88.4,CRITICAL
0.0109,-0.0316,0.994,1.0,0.895,0.611,1.141,0.586,0.004,0.02,0.0,0,11.6,LOW
-0.0426,-0.0353,0.9896,-0.062,-0.412,1.042,0.321,0.311,0.00458,0.0,0.063,0,8.0,LOW
-0.029,0.0436,0.9814,0.912,1.077,0.902,0.648,0.357,0.00398,0.09,0.052,0,11.9,LOW
0.0308,-0.0127,0.9442,-6.83,-11.177,-4.448,0.984,2.138,0.00485,1.01,0.585,1,50.8,MEDIUM
0.0033,0.0362,0.9916,0.034,-2.309,0.687,1.101,0.536,0.00049,0.21,0.005,0,12.4,LOW
-0.0467,0.0154,0.9817,1.889,-0.059,-0.544,0.293,0.879,0.00699,0.07,0.032,0,13.7,LOW
-0.026,-0.038,1.0018,-1.096,-0.521,1.22,0.943,0.088,0.00198,0.25,0.0,0,8.2,LOW
0.0229,-0.0559,1.0051,-0.581,0.683,-1.052,0.776,0.51,0.00568,0.0,0.0,0,9.9,LOW
-0.0139,0.0125,0.9942,-2.773,-0.863,0.661,0.289,0.563,0.00323,0.0,0.055,0,10.3,LOW
0.0319,-0.0082,1.0072,-0.667,-1.636,0.826,0.042,0.49,0.00542,0.0,0.0,0,8.1,LOW
-0.0817,0.1726,0.96,3.84,-4.236,3.962,5.581,0.712,0.01251,7.34,1.101,1,67.5,HIGH
-0.037,0.0015,0.9921,0.68,-0.566,0.205,0.024,0.231,0.00429,0.04,0.0,0,5.3,LOW
0.0123,-0.0006,0.9979,-1.352,0.065,0.493,0.797,0.343,0.00405,0.0,0.0,0,8.4,LOW
-0.0414,-0.011,0.9961,0.504,-0.369,1.098,1.021,0.145,0.00741,0.0,0.058,0,9.9,LOW
0.1015,0.0918,0.9751,-4.287,-2.778,-1.584,5.498,0.89,0.02583,4.13,1.272,1,60.9,HIGH
0.0148,0.0575,1.003,1.816,-0.296,2.037,1.24,0.232,0.00277,0.0,0.0,0,11.4,LOW
-0.0249,0.0245,0.9909,0.997,0.181,-0.752,0.506,0.83,0.00317,0.15,0.0,0,10.3,LOW
0.06,0.0023,1.0144,0.716,-1.955,-0.775,0.688,0.218,0.0045,0.0,0.0,0,11.2,LOW
-0.0009,-0.0109,1.0042,0.884,0.651,-1.208,0.205,0.848,0.00488,0.0,0.0,0,9.0,LOW
-0.0314,-0.0164,1.0063,-0.14,1.37,0.051,0.573,0.145,0.00886,0.0,0.107,0,9.4,LOW
-0.0174,-0.0013,0.9567,-2.135,-0.314,-6.935,7.077,3.439,0.01022,0.0,0.238,1,65.9,HIGH
0.0228,-0.0258,1.0118,-0.202,0.808,-0.441,0.399,0.729,0.0,0.01,0.058,0,8.6,LOW
0.0363,0.0431,1.0037,0.407,0.094,0.211,0.154,0.541,0.00203,0.0,0.0,0,4.8,LOW
0.0215,-0.0213,0.9946,-0.145,0.652,-0.748,0.171,0.664,0.00325,0.0,0.0,0,6.9,LOW
0.0242,-0.004,0.9927,-0.539,-1.219,-0.339,0.644,0.519,0.00239,0.17,0.0,0,9.2,LOW
0.0158,0.0826,0.955,3.077,-3.934,7.432,3.975,6.839,0.01108,2.08,0.739,1,76.9,HIGH
0.0259,-0.0043,0.9972,-0.683,-0.414,1.763,0.836,0.242,0.00433,0.0,0.025,0,9.2,LOW
0.0023,-0.0237,0.9971,0.671,-1.351,-0.552,0.654,0.758,0.00902,0.11,0.0,0,11.6,LOW
0.0018,0.0815,0.9477,-1.72,-1.589,3.496,3.954,2.608,0.02699,4.97,0.822,1,65.2,HIGH
-0.0205,-0.0472,1.0128,0.046,0.366,-1.162,0.373,0.328,0.00628,0.02,0.0,0,9.1,LOW
0.0033,-0.009,0.9826,-0.253,1.13,-0.912,0.527,0.182,0.0058,0.11,0.0,0,10.5,LOW
-0.0132,0.0006,0.9949,0.327,-0.035,-1.01,0.423,0.516,0.00482,0.09,0.006,0,8.0,LOW
0.0217,0.0132,0.9498,1.768,1.071,-6.968,4.091,2.782,0.03368,1.67,0.469,1,64.2,HIGH
-0.0003,0.0046,1.0075,-1.687,-1.102,0.426,0.616,0.553,0.00716,0.04,0.0,0,11.5,LOW
-0.0624,0.0576,0.9502,-1.843,-1.554,-0.726,2.313,4.893,0.03829,2.89,1.39,1,66.8,HIGH
-0.0156,-0.0061,1.01,1.109,1.863,1.762,0.493,0.562,0.00542,0.03,0.0,0,12.1,LOW
0.0263,0.0131,0.9881,-0.738,1.523,0.292,0.877,0.804,0.00514,0.0,0.0,0,13.2,LOW
-0.0737,-0.0085,0.9967,-1.647,-1.714,1.182,0.694,0.72,0.00387,0.0,0.0,0,11.5,LOW
0.017,0.033,1.0039,0.956,-0.054,-0.739,0.609,0.298,0.00095,0.0,0.0,0,6.5,LOW
0.0645,0.0198,1.0299,0.849,-3.988,0.351,3.968,2.943,0.01402,4.5,0.898,1,57.5,MEDIUM
0.0297,0.0082,1.0011,0.194,0.263,0.92,0.82,0.772,0.00666,0.35,0.0,0,10.8,LOW
0.0012,0.0279,0.9913,-0.034,0.314,0.607,0.39,0.122,0.00661,0.0,0.0,0,6.8,LOW
0.151,0.0887,1.0392,4.755,-2.81,7.819,9.267,1.806,0.00779,5.24,0.084,1,79.7,HIGH
0.0476,-0.0289,0.9995,-1.102,-0.461,-0.814,0.244,0.316,0.00476,0.12,0.016,0,6.3,LOW
0.0031,0.0115,1.0015,0.581,-1.703,-1.139,0.373,0.767,0.00602,0.04,0.0,0,9.9,LOW
-0.0272,0.0024,0.9823,-0.625,-0.453,-0.171,0.681,0.0,0.0053,0.05,0.043,0,9.4,LOW
-0.0082,-0.0416,0.9602,3.369,0.935,-0.18,2.997,1.333,0.01118,5.4,0.899,1,49.2,MEDIUM
-0.0539,0.0558,0.9234,-0.884,-1.673,-8.038,2.992,4.459,0.01834,7.37,1.384,1,84.7,CRITICAL
-0.0174,0.0309,0.9883,0.949,-0.275,-1.183,0.944,0.843,0.00565,0.05,0.0,0,13.6,LOW
0.0111,-0.0161,1.0002,-0.308,-0.843,1.164,0.347,0.886,0.00304,0.0,0.072,0,8.4,LOW
-0.0202,0.0139,1.0128,1.971,-0.484,-1.112,0.0,0.513,0.00483,0.12,0.0,0,9.8,LOW
0.0092,-0.0172,0.9806,-0.956,-0.557,0.348,0.457,0.861,0.00124,0.11,0.057,0,11.8,LOW
0.0078,0.094,0.9117,9.36,2.847,-1.838,1.05,1.487,0.01084,0.0,0.266,1,47.3,MEDIUM
-0.0014,0.034,0.982,1.955,0.134,-0.003,0.561,0.442,0.00247,0.0,0.0,0,11.3,LOW
0.0055,0.0093,0.981,-0.151,-0.181,0.445,0.491,0.532,0.00801,0.18,0.005,0,11.4,LOW
-0.0274,0.0142,0.999,0.359,0.054,-0.092,0.217,0.369,0.00514,0.06,0.0,0,4.8,LOW
-0.0146,-0.006,0.9924,0.368,0.266,1.919,0.63,0.643,0.00246,0.06,0.036,0,10.6,LOW
0.0197,-0.0065,1.0133,0.307,0.859,0.682,0.699,0.424,0.00709,0.04,0.0,0,11.1,LOW
0.0606,0.0034,0.9869,1.238,0.642,0.34,0.602,0.57,0.00387,0.0,0.073,0,11.0,LOW
0.038,-0.0082,0.9963,0.816,1.635,-1.204,0.907,0.416,0.00572,0.0,0.049,0,11.3,LOW
0.0362,-0.0656,1.0121,0.348,-0.848,-0.193,0.723,0.32,0.00626,0.03,0.054,0,10.2,LOW
-0.0278,-0.0159,1.086,-3.178,-3.401,5.567,3.668,3.18,0.03399,0.57,0.436,1,69.0,HIGH
-0.1263,0.0374,0.9516,8.834,7.814,0.957,5.905,1.357,0.02666,3.43,0.421,1,73.4,HIGH
0.0177,-0.0547,1.0024,-1.695,-0.598,0.856,0.37,0.438,0.00388,0.08,0.0,0,8.0,LOW
-0.1201,-0.0424,0.9889,-1.405,6.602,-3.664,5.729,2.802,0.01939,2.95,1.005,1,64.6,HIGH
0.0477,0.0007,1.0155,0.197,0.342,0.057,0.275,0.257,0.00321,0.07,0.058,0,7.2,LOW
-0.0332,-0.0102,1.0068,0.2,-1.683,0.478,0.196,0.641,0.00568,0.0,0.0,0,9.1,LOW
0.035,0.0156,0.9977,0.485,1.54,0.289,0.391,0.829,0.00551,0.06,0.016,0,9.7,LOW
0.0244,0.0184,1.0002,0.602,-1.068,1.098,0.586,0.337,0.00522,0.03,0.0,0,7.8,LOW
0.1339,0.0184,0.9042,2.044,9.21,1.614,3.524,3.403,0.0195,4.21,1.995,1,85.5,CRITICAL
-0.0127,0.0356,0.9967,-0.14,-0.782,-0.864,0.519,0.665,0.00381,0.08,0.0,0,8.5,LOW
-0.0108,0.0339,1.0112,-0.81,-0.21,-1.41,0.59,0.631,0.00746,0.09,0.015,0,12.1,LOW
0.0181,-0.0145,0.9983,-0.481,0.932,-1.119,1.016,0.052,0.00476,0.06,0.0,0,8.5,LOW
-0.0474,0.1569,0.9067,-9.429,-4.549,-15.315,2.355,3.007,0.01867,7.99,1.234,1,95.7,CRITICAL
0.0077,0.0806,1.0335,1.552,-5.73,8.426,3.863,0.0,0.01595,8.24,0.66,1,62.2,HIGH
0.0265,0.0048,0.9969,-0.013,0.188,-1.127,0.314,0.332,0.00251,0.03,0.0,0,5.7,LOW
-0.0019,-0.0213,0.9979,1.419,1.311,0.65,0.0,0.61,0.00155,0.0,0.0,0,6.4,LOW
-0.1106,0.1026,0.9594,-2.614,3.593,-3.662,3.115,1.618,0.01391,8.01,0.307,1,57.4,MEDIUM
0.0232,0.0204,0.9962,-0.365,-0.65,0.078,0.0,0.085,0.0062,0.0,0.005,0,4.1,LOW
-0.0217,-0.0614,1.0086,-0.541,-0.004,0.72,0.876,0.308,0.00427,0.14,0.0,0,9.4,LOW
-0.0354,0.0178,1.0157,0.187,0.17,0.776,0.91,0.625,0.0074,0.0,0.056,0,13.0,LOW
0.0975,-0.0905,0.9898,-4.429,6.562,-1.099,3.184,3.052,0.02659,8.43,0.577,1,66.7,HIGH
0.1314,0.2071,0.9742,6.327,-14.866,-9.62,7.219,7.27,0.01615,3.09,0.809,1,100.0,CRITICAL
-0.0048,-0.0142,0.9808,0.528,-1.231,-1.377,0.444,0.056,0.00484,0.03,0.003,0,10.2,LOW
-0.0436,0.0459,1.0179,-0.988,-0.605,1.152,0.45,0.14,0.00132,0.03,0.064,0,9.2,LOW
-0.031,-0.0028,0.99,0.185,-1.496,1.368,0.411,0.219,0.0022,0.0,0.034,0,8.4,LOW
0.0241,-0.0301,1.0958,-5.772,6.967,-5.244,0.359,1.106,0.01657,1.95,0.298,1,51.1,MEDIUM
-0.0419,0.0015,0.994,0.281,1.055,-1.446,0.632,0.753,0.0,0.0,0.005,0,9.5,LOW
0.0264,0.043,1.0031,0.381,0.48,-1.394,0.427,0.28,0.00503,0.0,0.0,0,7.2,LOW
0.0557,0.0339,0.9973,-2.323,0.368,-0.122,0.127,1.013,0.00437,0.02,0.0,0,10.0,LOW
0.0246,0.0015,1.0029,0.718,-0.698,-1.946,0.673,0.633,0.00613,0.0,0.0,0,10.9,LOW
-0.076,-0.0442,0.8975,-3.309,9.034,6.669,0.387,2.186,0.01651,2.97,0.261,1,60.5,HIGH
-0.0064,-0.0319,1.0098,0.529,-1.624,0.993,0.369,0.306,0.00399,0.0,0.0,0,8.8,LOW
0.0239,-0.0344,1.0024,-0.294,-0.782,0.24,0.375,0.619,0.00906,0.04,0.0,0,8.6,LOW
0.027,-0.0019,0.9073,-5.803,-2.569,1.871,2.958,4.589,0.03241,2.73,1.519,1,81.4,CRITICAL
0.0116,-0.0636,0.9445,4.246,8.296,-2.143,4.486,3.976,0.025,5.72,1.86,1,87.5,CRITICAL
0.0265,-0.0087,0.9909,-0.456,0.464,-0.109,0.511,0.263,0.0042,0.0,0.06,0,7.5,LOW
0.0271,-0.0342,0.9762,3.479,-3.393,-3.266,6.581,5.225,0.02195,9.24,1.374,1,92.7,CRITICAL
0.0203,0.061,1.0072,0.796,-0.716,0.178,0.558,0.766,0.00805,0.0,0.039,0,11.0,LOW
0.0002,0.0702,1.0021,0.613,0.688,-0.166,0.599,0.958,0.00639,0.09,0.045,0,10.4,LOW
0.0011,-0.0085,0.999,0.717,0.15,0.676,0.232,0.584,0.00243,0.03,0.0,0,5.7,LOW
-0.0082,0.0337,1.0103,-0.923,-0.543,-1.258,0.902,0.558,0.00325,0.08,0.0,0,11.5,LOW
-0.0352,-0.0306,0.9919,0.309,2.245,0.822,0.816,0.371,0.00434,0.02,0.012,0,11.4,LOW
0.0244,0.008,1.0097,-0.053,-1.312,-1.926,0.988,0.202,0.00524,0.0,0.0,0,11.8,LOW
-0.0402,0.015,0.9914,0.972,0.735,0.379,0.66,0.416,0.00509,0.0,0.023,0,9.6,LOW
-0.0033,0.0217,1.0163,0.422,-0.184,0.222,0.78,1.422,0.00662,0.08,0.0,0,15.0,LOW
0.0612,0.0183,0.9859,-1.519,0.524,0.257,0.486,0.696,0.00436,0.0,0.0,0,11.3,LOW
0.0589,-0.0377,1.0112,-0.343,-1.881,1.076,0.527,0.382,0.0042,0.0,0.02,0,10.5,LOW
0.0812,0.2247,0.8798,-3.279,6.669,0.582,2.073,5.815,0.00763,3.53,1.284,1,82.5,CRITICAL
0.0849,0.0107,1.0031,-0.784,0.654,0.3,0.03,0.028,0.00613,0.09,0.0,0,4.5,LOW
-0.016,-0.0702,0.8919,-4.149,-0.3,1.748,3.109,6.017,0.02146,4.46,0.171,1,81.1,CRITICAL
0.0054,0.0446,1.0024,-1.734,-0.18,0.047,0.234,0.416,0.00345,0.13,0.068,0,7.3,LOW
0.0433,-0.0156,1.0093,0.229,0.565,-1.098,0.366,0.709,0.00451,0.0,0.0,0,9.4,LOW
-0.0112,0.022,0.9946,0.204,-1.002,-1.006,0.91,0.724,0.00395,0.08,0.0,0,11.1,LOW
0.0105,-0.009,0.9934,-0.84,1.244,-0.328,0.581,0.67,0.0059,0.12,0.0,0,10.6,LOW
0.0537,0.0057,0.9908,0.926,0.037,0.466,0.393,0.873,0.00533,0.23,0.128,0,11.2,LOW
-0.0347,0.0517,1.0027,-1.417,-1.061,1.798,0.234,0.177,0.00687,0.0,0.0,0,8.0,LOW
-0.0081,0.0191,0.9906,0.437,-0.433,0.334,1.056,0.101,0.00535,0.02,0.0,0,9.2,LOW
0.029,0.0035,0.9935,-2.01,1.171,0.807,0.508,0.392,0.00532,0.0,0.044,0,10.4,LOW
-0.0174,0.0023,1.0011,0.57,0.445,1.319,0.593,0.723,0.00908,0.08,0.0,0,10.6,LOW
-0.0218,-0.0186,0.9966,0.099,0.644,-1.213,0.045,0.494,0.00362,0.23,0.048,0,6.7,LOW
0.0208,0.0066,0.9913,1.253,-1.174,-0.748,0.576,0.209,0.00531,0.11,0.0,0,9.5,LOW
0.0344,-0.0033,1.0076,-0.591,2.034,0.076,0.745,0.709,0.00911,0.06,0.0,0,13.4,LOW
0.0278,0.075,1.0151,-3.492,3.36,-5.878,2.153,3.977,0.0192,5.72,1.199,1,62.2,HIGH
0.0052,0.0003,0.9941,1.892,1.848,1.578,0.232,0.601,0.00442,0.09,0.0,0,10.6,LOW
0.0102,-0.0033,0.985,0.242,0.613,0.345,0.405,0.445,0.00223,0.12,0.0,0,8.4,LOW
0.0132,0.0097,0.8547,-11.407,4.982,2.92,6.65,3.062,0.00293,5.03,1.502,1,100.0,CRITICAL
-0.0137,-0.0454,1.0105,-2.306,-1.198,0.406,0.0,0.772,0.00461,0.0,0.0,0,10.5,LOW
-0.0232,-0.0706,1.0088,1.342,-0.84,-1.516,0.227,0.49,0.00306,0.08,0.0,0,9.0,LOW
-0.0315,-0.0415,1.0222,-1.779,-1.052,-0.816,0.503,0.668,0.00244,0.18,0.0,0,13.5,LOW
0.0063,0.0309,0.9978,-2.371,0.94,-0.684,0.584,0.86,0.00687,0.03,0.014,0,12.4,LOW
-0.092,0.0726,0.8784,5.95,-2.785,4.249,0.0,2.788,0.02518,0.0,1.497,1,62.2,HIGH
0.0015,-0.0019,1.0089,-0.008,1.853,-0.504,0.605,0.413,0.00594,0.18,0.0,0,10.9,LOW
-0.0018,-0.0631,0.9944,0.879,-1.751,-1.158,0.48,0.297,0.00087,0.13,0.0,0,8.2,LOW
0.0265,0.0172,0.9952,0.187,-2.167,0.168,0.373,0.622,0.00608,0.08,0.0,0,10.2,LOW
-0.018,0.0054,0.9972,1.024,-0.762,-0.306,0.913,1.23,0.00723,0.0,0.108,0,13.8,LOW
-0.0096,0.0489,0.9944,-0.23,2.19,0.379,0.382,0.417,0.01083,0.0,0.029,0,11.1,LOW
0.0476,0.0277,1.007,-0.603,0.544,1.12,0.875,0.842,0.00681,0.07,0.0,0,12.5,LOW
-0.0593,0.0357,0.99,-0.028,-0.255,0.934,0.34,0.583,0.004,0.09,0.076,0,8.9,LOW
0.0063,-0.0429,1.0018,-0.16,1.417,0.989,0.569,0.212,0.00344,0.0,0.019,0,7.2,LOW
-0.0115,0.0245,1.0169,0.057,0.553,1.69,0.402,0.316,0.00248,0.08,0.075,0,10.2,LOW
0.0078,-0.0518,0.9947,5.154,-0.904,3.796,1.855,4.666,0.01729,7.68,1.169,1,63.2,HIGH
-0.0006,-0.0187,1.0148,-0.101,-1.426,-0.979,0.757,0.548,0.00691,0.0,0.005,0,12.9,LOW
0.2415,0.0989,1.0325,-2.52,0.358,2.37,3.849,5.876,0.02105,2.44,1.153,1,67.6,HIGH
-0.0154,0.0496,1.0051,0.471,1.044,1.497,0.181,0.874,0.00236,0.05,0.028,0,9.0,LOW
-0.0017,0.0052,0.9788,-0.057,1.416,-0.255,0.351,0.38,0.00654,0.02,0.057,0,11.6,LOW
-0.012,0.0301,0.926,2.031,-0.743,5.533,1.592,2.585,0.01888,3.63,1.603,1,61.4,HIGH
0.0168,-0.0434,1.0074,-0.442,-0.036,0.031,0.702,0.903,0.00461,0.0,0.056,0,10.2,LOW
0.0607,0.0029,1.0168,1.043,0.725,-0.512,0.524,0.395,0.00527,0.02,0.0,0,10.7,LOW
-0.0307,-0.0023,0.9906,-0.99,-0.139,0.695,0.309,0.219,0.00401,0.13,0.073,0,7.6,LOW
-0.0032,0.0095,0.9934,0.674,-1.527,1.258,0.555,0.368,0.00254,0.14,0.037,0,9.4,LOW
-0.0201,0.0037,0.9925,1.219,-0.146,-0.874,0.083,1.114,0.00367,0.06,0.06,0,10.1,LOW
-0.0248,-0.0301,1.0107,1.03,-0.138,0.28,1.111,0.446,0.004,0.01,0.0,0,11.2,LOW
0.1543,-0.1234,0.9311,2.024,-2.531,2.414,5.434,6.491,0.01493,2.18,1.207,1,82.4,CRITICAL
0.0534,-0.0602,0.9842,3.904,1.237,13.387,1.529,5.433,0.01088,8.22,1.652,1,80.0,CRITICAL
0.0425,0.0217,1.0076,1.883,0.178,-0.309,0.542,0.625,0.00472,0.04,0.003,0,10.6,LOW
-0.031,-0.0125,0.9961,-0.173,0.354,-1.229,0.189,0.445,0.0058,0.07,0.009,0,7.2,LOW
-0.0308,-0.035,0.965,5.096,10.131,4.353,6.661,4.323,0.00911,8.18,1.395,1,95.2,CRITICAL
-0.0283,0.0184,0.9923,-1.982,-1.712,-1.334,0.346,0.601,0.00482,0.14,0.0,0,11.5,LOW
0.0111,-0.0029,0.9918,1.284,-1.698,0.745,1.138,0.0,0.00693,0.0,0.0,0,11.7,LOW
0.0044,-0.0,1.0087,-0.348,0.726,-0.45,0.665,0.665,0.00363,0.0,0.041,0,9.7,LOW
0.0038,0.0108,0.9936,1.04,-0.249,-0.044,0.577,0.351,0.00333,0.04,0.014,0,7.7,LOW
-0.0178,0.0924,0.8953,3.313,-0.574,-2.535,2.664,8.94,0.0356,0.46,1.345,1,92.0,CRITICAL
0.0066,0.0006,0.9925,-0.052,0.763,-0.336,0.028,0.179,0.00575,0.0,0.0,0,5.3,LOW
-0.0077,0.0202,1.0055,-0.905,0.203,1.459,0.57,0.175,0.00571,0.0,0.047,0,8.6,LOW
0.049,0.0139,1.0049,0.205,-0.283,0.837,0.111,0.854,0.00261,0.0,0.0,0,7.0,LOW
0.0195,0.0449,1.0017,-1.927,0.336,-0.504,0.446,0.483,0.00472,0.09,0.0,0,8.7,LOW
0.0399,0.0381,1.0165,0.0,-0.206,-0.774,0.077,0.872,0.00496,0.12,0.013,0,10.1,LOW
-0.0227,0.0001,1.0023,-1.395,1.395,-1.3,0.428,0.795,0.00591,0.0,0.0,0,10.7,LOW
0.0064,-0.0287,1.0001,-0.445,1.817,-0.608,0.388,0.331,0.0051,0.08,0.0,0,7.5,LOW
-0.0868,0.1145,0.964,-2.903,-1.274,-0.413,3.38,3.958,0.01892,1.4,1.542,1,57.5,MEDIUM
-0.0192,0.0107,0.9899,-1.681,0.855,0.092,0.0,0.627,0.00455,0.11,0.0,0,8.9,LOW
-0.0128,0.0005,1.0088,0.288,0.072,-0.899,0.0,1.003,0.00449,0.07,0.0,0,8.7,LOW
0.003,0.0383,1.0019,1.056,-0.299,-0.698,0.236,0.661,0.00309,0.14,0.007,0,7.2,LOW
-0.0115,-0.0211,0.9971,-1.315,-0.827,-0.029,1.14,0.368,0.00227,0.0,0.0,0,9.6,LOW
0.0605,0.0169,1.003,-0.664,1.05,0.992,0.739,0.46,0.0059,0.14,0.019,0,9.9,LOW
-0.0025,0.0544,1.023,-0.217,-2.962,0.643,1.08,0.974,0.00677,0.0,0.0,0,19.4,LOW
0.0101,-0.0042,0.9854,0.516,0.455,1.44,0.307,0.31,0.00572,0.0,0.029,0,9.6,LOW
0.0287,-0.0075,1.0058,-1.01,0.542,1.047,0.826,0.487,0.00451,0.03,0.0,0,10.2,LOW
-0.0113,0.1218,0.9898,-0.382,1.007,1.836,0.956,0.543,0.00525,0.0,0.0,0,12.8,LOW
0.0028,-0.0423,0.9852,0.895,-0.883,0.8,0.881,0.402,0.00473,0.0,0.0,0,11.7,LOW
-0.0387,-0.0065,1.0031,-1.721,1.026,0.73,0.492,0.49,0.00657,0.01,0.0,0,9.7,LOW
-0.0272,-0.0319,1.0072,-1.677,-0.142,-0.165,0.662,0.451,0.00562,0.1,0.0,0,10.3,LOW
0.0041,0.0094,1.013,-0.916,2.648,0.524,0.089,0.253,0.00454,0.09,0.0,0,9.8,LOW
0.0778,-0.1692,0.8791,-4.146,-1.412,-5.06,1.768,2.904,0.01081,4.97,1.7,1,74.6,HIGH
0.0374,0.0065,1.0009,1.26,-0.739,-1.482,0.882,0.452,0.00629,0.15,0.0,0,10.8,LOW
0.0043,-0.0223,1.0026,-0.483,-0.017,-0.328,0.409,0.588,0.00307,0.13,0.01,0,6.6,LOW
-0.0383,0.0309,0.9024,1.936,8.367,-0.802,3.974,5.308,0.01265,7.16,0.321,1,89.3,CRITICAL
0.0174,0.0179,0.9813,-0.269,-2.038,-2.03,0.372,0.269,0.00624,0.1,0.006,0,12.7,LOW
-0.0222,0.0106,1.0047,-0.119,1.979,-0.879,0.296,0.529,0.00496,0.02,0.008,0,9.1,LOW
-0.0543,0.0103,0.9962,0.017,-0.268,-0.172,0.379,0.549,0.00139,0.08,0.0,0,5.5,LOW
0.0432,-0.0441,0.9373,2.532,-14.107,7.693,5.666,3.336,0.0133,5.92,1.434,1,95.9,CRITICAL
0.0145,-0.022,0.9914,1.739,1.948,-0.107,0.678,0.657,0.00349,0.0,0.0,0,12.0,LOW
0.0215,0.0105,0.9958,0.125,0.323,-0.423,0.673,0.673,0.00778,0.19,0.0,0,9.8,LOW
0.0295,-0.0223,0.9999,0.325,-0.353,0.166,0.275,0.24,0.00291,0.02,0.0,0,3.8,LOW
0.0176,0.0115,1.0238,1.494,1.306,-0.521,0.644,0.647,0.00261,0.05,0.003,0,13.9,LOW
-0.0326,-0.0678,1.0022,1.726,-0.479,0.91,0.803,0.613,0.00219,0.0,0.0,0,9.8,LOW
-0.0059,0.0109,0.9931,-0.193,-0.904,1.145,0.219,0.552,0.00494,0.13,0.0,0,8.4,LOW
-0.0486,-0.1225,0.9276,5.745,-11.48,2.311,2.765,4.907,0.02393,3.75,1.256,1,85.7,CRITICAL
0.0759,-0.0626,0.9499,2.739,-0.474,2.519,4.073,1.668,0.02088,5.38,1.255,1,61.9,HIGH
-0.0784,0.0217,1.0174,0.665,-0.343,1.45,0.0,0.638,0.00462,0.0,0.0,0,9.9,LOW
0.056,0.0403,0.9986,0.485,-0.121,-0.106,0.0,0.092,0.00419,0.0,0.002,0,2.7,LOW
0.0269,0.0058,0.9992,0.169,0.062,0.18,0.721,0.403,0.00391,0.07,0.0,0,6.4,LOW
-0.0613,0.0587,0.9882,0.925,-0.02,0.631,0.165,0.83,0.00581,0.02,0.026,0,9.9,LOW
0.0067,-0.0236,0.995,0.648,0.243,0.95,0.273,0.416,0.0097,0.0,0.054,0,8.7,LOW
0.0122,-0.0032,0.993,2.013,-0.296,-0.399,0.617,0.0,0.00542,0.0,0.0,0,8.6,LOW
0.036,-0.0032,0.9932,0.737,-0.3,-1.12,0.869,0.273,0.00513,0.0,0.005,0,9.6,LOW
-0.0424,-0.0322,0.9969,-1.059,0.012,0.897,0.454,0.331,0.00238,0.0,0.0,0,6.6,LOW
-0.0006,0.0503,1.0186,0.652,-0.258,0.209,0.291,0.16,0.00228,0.08,0.0,0,7.5,LOW
0.0641,0.0026,1.0069,2.556,-5.914,-2.358,3.823,7.866,0.03231,6.48,1.242,1,87.3,CRITICAL
0.0255,-0.0295,0.9868,0.259,0.825,-1.31,0.373,0.633,0.00537,0.0,0.0,0,10.6,LOW
0.0031,-0.0288,1.0016,0.445,0.18,0.686,0.56,0.273,0.00566,0.0,0.0,0,6.6,LOW
-0.0687,-0.0238,1.002,-10.622,-4.886,-3.345,3.494,0.497,0.00321,10.81,1.218,1,63.3,HIGH
0.0244,-0.0155,1.0033,0.538,0.991,0.608,0.432,0.158,0.00498,0.05,0.0,0,6.5,LOW
0.0154,0.0324,0.9962,-0.239,-1.526,-0.328,0.389,0.605,0.00918,0.0,0.0,0,9.9,LOW
0.0033,0.0214,0.9907,-0.679,-2.383,0.422,0.373,0.315,0.00463,0.0,0.089,0,10.2,LOW
0.0726,0.1123,0.942,2.207,1.622,-5.937,4.933,3.324,0.03464,7.95,0.666,1,84.1,CRITICAL
-0.0213,-0.0189,0.9992,-0.68,-0.303,-1.221,0.489,0.225,0.00509,0.11,0.032,0,7.1,LOW
0.0046,0.0397,0.996,-0.67,0.863,-0.726,0.172,0.556,0.00295,0.05,0.05,0,6.9,LOW
0.1484,-0.0038,0.9402,-0.446,-1.976,1.892,2.491,5.688,0.01544,5.14,1.646,1,72.0,HIGH
0.0229,0.002,1.0095,-1.46,-0.359,-0.515,1.009,0.0,0.00666,0.0,0.0,0,10.3,LOW
0.0162,-0.0303,0.9996,0.064,-0.422,-0.231,0.43,0.643,0.00662,0.06,0.0,0,7.2,LOW
-0.0611,-0.0095,0.9945,2.818,-1.609,-0.943,1.054,0.132,0.00559,0.0,0.0,0,12.6,LOW
-0.0461,-0.0406,1.0007,-0.934,-1.762,0.358,0.0,0.206,0.00616,0.0,0.001,0,5.9,LOW
-0.0162,-0.011,1.0103,0.154,1.255,0.047,0.358,0.603,0.00728,0.05,0.068,0,10.4,LOW
0.0148,-0.0343,1.0188,-0.04,-0.021,-1.094,0.804,0.042,0.00474,0.0,0.0,0,10.2,LOW
0.0048,-0.0029,1.0022,0.718,-0.621,1.458,0.0,0.407,0.00208,0.1,0.005,0,5.5,LOW
0.0736,-0.0634,1.0044,0.533,0.118,-0.114,0.218,0.994,0.00402,0.0,0.0,0,7.8,LOW
0.0047,0.0341,1.0099,-0.676,-0.954,-0.718,0.696,0.025,0.005,0.14,0.025,0,8.8,LOW
0.1314,-0.0984,1.0468,5.859,1.871,6.723,4.122,9.945,0.02565,2.02,1.414,1,98.1,CRITICAL
0.027,-0.0226,1.0175,0.2,1.343,2.065,0.684,0.686,0.00756,0.0,0.015,0,15.0,LOW
-0.0569,-0.0595,0.9905,0.681,-0.838,-0.39,0.097,0.105,0.00506,0.0,0.005,0,6.0,LOW
0.101,0.0792,1.0017,-0.922,0.197,2.62,4.663,1.834,0.00935,4.62,0.332,1,44.2,MEDIUM
0.0464,-0.0275,1.0064,1.072,-0.139,-1.9,0.0,1.004,0.00601,0.11,0.034,0,10.8,LOW
-0.0143,-0.0406,0.9982,-1.227,0.473,-0.461,0.515,0.469,0.00551,0.0,0.029,0,8.2,LOW
0.02,0.0868,0.9749,-1.306,2.839,-0.63,1.553,2.791,0.02383,2.84,0.947,1,44.7,MEDIUM
0.0147,-0.0137,0.9756,-0.413,1.198,-1.072,0.798,0.312,0.00012,0.0,0.0,0,11.8,LOW
-0.0174,-0.0178,0.9958,-1.484,0.859,-0.973,0.404,0.304,0.00596,0.0,0.0,0,8.4,LOW
0.0199,0.0498,0.9889,1.01,-1.074,1.366,0.24,0.043,0.00616,0.0,0.0,0,8.2,LOW
-0.0111,-0.0176,1.0058,-0.479,1.465,0.222,0.834,0.795,0.00349,0.2,0.0,0,11.5,LOW
-0.0288,0.0466,0.9994,0.699,-0.237,1.878,0.479,0.22,0.0044,0.18,0.0,0,7.6,LOW
0.0086,-0.0531,0.9499,1.426,6.355,-1.922,2.723,5.247,0.02031,4.48,0.189,1,68.1,HIGH
-0.023,0.0532,0.9967,0.257,-0.432,-0.001,0.27,0.387,0.00649,0.0,0.0,0,6.0,LOW
-0.0297,0.0371,0.8894,-1.768,-7.146,-3.454,5.502,1.548,0.009,7.42,1.852,1,89.3,CRITICAL
-0.0051,0.0322,1.0005,0.043,0.308,-0.637,0.0,0.793,0.00456,0.0,0.033,0,5.9,LOW
-0.0232,-0.037,1.0087,-2.501,1.394,-1.551,0.531,0.325,0.00613,0.0,0.0,0,11.9,LOW
0.0126,0.0169,1.0022,0.232,0.731,-0.464,0.201,0.202,0.0032,0.0,0.0,0,4.4,LOW
0.0636,-0.0123,0.9332,4.949,-2.237,2.588,2.214,4.793,0.02164,8.57,0.346,1,75.8,HIGH
0.0076,-0.0218,1.0115,-0.219,0.853,1.18,0.767,0.395,0.0063,0.0,0.0,0,11.0,LOW
0.003,-0.006,0.9777,-0.337,-1.732,1.258,0.596,4.005,0.02231,7.86,0.416,1,50.6,MEDIUM
0.0121,-0.0336,1.0163,0.451,0.898,0.149,0.387,0.703,0.00759,0.03,0.012,0,11.5,LOW
-0.0172,-0.034,1.0068,0.112,0.102,-1.204,0.538,0.877,0.00726,0.0,0.141,0,11.7,LOW
0.0942,0.0199,0.9639,-0.08,-7.675,4.28,3.468,1.991,0.01606,0.8,1.631,1,56.8,MEDIUM
0.0341,0.0062,0.9887,0.086,0.173,0.131,0.377,0.61,0.00637,0.0,0.0,0,8.5,LOW
0.0475,-0.0313,0.9461,-3.844,10.699,-1.109,1.536,4.046,0.02811,6.27,1.66,1,79.5,HIGH
0.107,-0.0839,1.0343,-3.477,6.449,-0.885,6.506,2.894,0.02339,4.12,1.089,1,76.2,HIGH
-0.0008,-0.0214,0.9927,-1.58,0.139,-1.169,0.921,0.634,0.00443,0.0,0.0,0,12.0,LOW
0.0577,0.0179,0.9739,1.077,-0.087,-1.035,0.582,0.804,0.0036,0.06,0.0,0,14.2,LOW
-0.0641,0.0164,1.011,-1.107,-0.106,0.487,0.347,0.397,0.00484,0.0,0.088,0,8.9,LOW
-0.0702,-0.0289,0.9898,-1.66,-2.642,2.865,5.469,2.96,0.01034,4.47,1.046,1,59.4,MEDIUM
0.0438,-0.0089,1.0181,0.548,-0.227,1.354,0.0,0.571,0.00465,0.0,0.0,0,9.5,LOW
0.0316,-0.032,0.9919,-1.03,0.03,1.126,0.528,0.74,0.00534,0.0,0.0,0,10.6,LOW
-0.2088,0.1883,0.9961,-1.565,6.267,-3.557,2.528,5.93,0.02198,4.83,1.733,1,70.6,HIGH
-0.0291,0.0093,0.9998,-0.362,1.096,-0.803,0.295,0.363,0.00312,0.0,0.038,0,5.9,LOW
-0.0022,0.1234,0.9107,-2.068,3.89,-0.372,4.803,1.53,0.02487,4.55,1.312,1,72.9,HIGH
0.0512,0.0453,0.9689,-0.147,-2.288,-2.944,5.245,5.879,0.0257,8.39,0.133,1,81.5,CRITICAL
0.0834,-0.0695,0.9665,-8.87,0.074,14.552,6.703,5.186,0.006,4.61,0.872,1,95.2,CRITICAL
-0.0015,0.0666,0.8931,4.79,5.337,-10.946,3.666,5.869,0.00046,0.0,0.266,1,80.6,CRITICAL
0.0462,0.0951,0.9101,-1.932,-4.162,-0.641,2.248,5.175,0.01913,10.06,0.574,1,83.4,CRITICAL
-0.0454,-0.05,1.0139,-1.494,-0.597,1.035,0.847,0.615,0.00809,0.22,0.044,0,14.6,LOW
0.0004,-0.023,1.0054,0.015,0.318,0.414,0.425,0.656,0.00586,0.0,0.0,0,7.9,LOW
-0.0202,-0.0555,0.9765,-1.247,-0.956,-0.987,1.05,0.626,0.00353,0.0,0.0,0,15.2,LOW
-0.0258,-0.0333,0.9914,0.974,-1.171,0.807,0.666,0.436,0.00337,0.0,0.0,0,9.7,LOW
-0.0435,0.0098,1.0083,-0.611,0.646,1.06,0.589,0.135,0.00407,0.0,0.051,0,8.1,LOW
0.0343,-0.0293,1.0116,-0.195,-1.136,0.211,0.807,0.104,0.0028,0.0,0.049,0,8.8,LOW
-0.0479,0.0509,1.0293,-2.045,-3.287,2.432,2.875,3.132,0.01555,2.54,1.141,1,52.2,MEDIUM
-0.0363,-0.0151,1.0029,-0.089,0.043,-0.706,0.342,0.617,0.00276,0.07,0.124,0,7.1,LOW
-0.0118,0.0441,1.0054,-0.844,-0.266,1.718,0.088,0.651,0.0033,0.0,0.024,0,8.0,LOW
0.006,0.0425,1.0113,0.456,0.291,-0.751,0.052,0.963,0.00439,0.0,0.063,0,9.3,LOW
-0.0333,-0.0029,0.9919,0.362,-0.592,-0.349,0.322,1.25,0.00719,0.06,0.068,0,11.7,LOW
0.0087,-0.0095,0.9973,0.138,-0.299,-1.776,0.715,0.747,0.00569,0.0,0.0,0,10.8,LOW
-0.2174,0.0551,1.0138,3.344,-3.004,-5.879,6.326,0.049,0.0143,8.81,0.757,1,65.1,HIGH
-0.1968,-0.0633,0.9364,-1.658,-2.366,0.371,3.673,0.265,0.02755,6.54,1.512,1,61.7,HIGH
0.0274,0.0061,0.9896,-2.114,-0.278,-0.922,0.322,0.557,0.0076,0.0,0.0,0,11.4,LOW
-0.0159,0.0006,1.0033,0.205,-1.484,-0.022,0.576,0.278,0.00876,0.11,0.0,0,9.2,LOW
-0.0132,0.0088,0.9924,2.796,-4.506,7.738,4.316,2.56,0.02999,2.69,0.69,1,60.9,HIGH
-0.063,-0.0196,0.9997,0.761,0.319,-0.911,1.017,0.255,0.00158,0.09,0.028,0,7.8,LOW
0.0587,0.0007,0.9986,-1.832,0.129,-1.804,0.586,0.116,0.0038,0.0,0.051,0,8.3,LOW
-0.0094,-0.0239,0.989,-0.541,-0.233,-1.213,0.254,0.647,0.00443,0.15,0.0,0,9.5,LOW
0.0285,-0.0897,0.9133,-3.407,5.642,-7.503,2.649,5.605,0.01737,2.66,1.477,1,83.3,CRITICAL
0.0679,-0.1936,0.9768,-1.749,1.478,3.594,2.397,5.161,0.02018,4.71,1.544,1,64.5,HIGH
0.061,-0.0332,0.9902,0.911,0.239,0.377,0.336,0.812,0.00402,0.0,0.085,0,9.7,LOW
0.0131,0.036,1.0048,-0.76,0.078,0.414,0.686,0.0,0.00306,0.17,0.0,0,6.3,LOW
-0.0033,-0.055,0.9982,-0.923,0.027,0.906,0.609,0.797,0.00588,0.03,0.017,0,9.8,LOW
0.0265,-0.0189,1.0017,0.824,1.121,-0.38,0.429,0.171,0.00281,0.0,0.0,0,5.7,LOW
0.0058,0.0705,1.0011,0.046,-0.989,-0.693,0.097,0.515,0.00695,0.05,0.0,0,6.7,LOW
-0.0119,-0.0366,0.9879,4.32,-0.856,-0.758,5.317,3.491,0.02156,7.55,2.005,1,75.9,HIGH
0.2347,0.0854,0.907,1.993,-2.67,-3.018,2.705,3.511,0.03698,6.26,1.598,1,81.8,CRITICAL
-0.1256,0.0654,0.9208,4.753,-1.551,5.045,5.298,1.637,0.02809,4.51,1.127,1,77.3,HIGH
0.0569,-0.0263,1.0171,1.125,0.202,1.12,0.494,0.217,0.00783,0.0,0.082,0,11.4,LOW
-0.041,-0.0575,1.0001,-0.817,-0.579,-0.542,0.85,0.809,0.0035,0.0,0.01,0,9.5,LOW
0.0477,0.0108,0.9829,0.267,-0.556,0.177,0.229,0.867,0.00525,0.02,0.0,0,10.4,LOW
-0.0098,0.001,1.0122,0.863,-0.963,0.042,0.319,0.623,0.00285,0.07,0.0,0,9.1,LOW
0.034,-0.0335,0.9984,2.621,1.863,0.181,0.377,0.826,0.00552,0.0,0.039,0,11.8,LOW
-0.0513,0.0413,1.0152,-0.131,-0.606,1.293,0.226,0.12,0.00495,0.05,0.0,0,8.2,LOW
-0.0522,-0.0086,1.0062,0.855,0.518,-0.016,0.321,0.567,0.00242,0.14,0.0,0,7.3,LOW
-0.081,0.0807,0.9311,-4.156,-0.49,3.658,3.216,5.587,0.0135,5.12,1.637,1,79.8,HIGH
0.0214,0.032,1.0049,-0.23,1.011,-0.694,0.351,0.228,0.00683,0.0,0.051,0,7.5,LOW
-0.0042,0.0218,0.997,-0.809,-0.689,0.008,0.244,0.578,0.00287,0.0,0.0,0,6.3,LOW
-0.0279,-0.0225,1.0126,0.983,-0.969,-1.569,0.145,0.461,0.00528,0.0,0.026,0,9.8,LOW
0.0086,0.0269,0.9984,1.962,-0.465,0.868,0.836,0.46,0.00793,0.0,0.019,0,11.3,LOW
-0.0092,0.0001,1.0091,-0.058,0.319,-0.086,0.255,0.0,0.00669,0.18,0.023,0,5.8,LOW
0.0137,0.0029,0.9989,0.7,1.895,-0.453,0.926,0.279,0.0025,0.04,0.0,0,9.0,LOW
-0.0072,-0.0422,0.9972,0.542,-2.06,1.11,0.349,1.047,0.00393,0.0,0.0,0,10.9,LOW
-0.0211,-0.0119,1.006,0.243,-0.471,2.366,0.276,0.582,0.00887,0.0,0.082,0,11.3,LOW
-0.0106,-0.015,1.0025,-0.182,0.445,-0.192,0.148,0.37,0.00494,0.0,0.0,0,4.8,LOW
-0.0186,0.0104,0.9943,-1.216,0.172,1.184,0.421,0.976,0.00464,0.0,0.0,0,10.7,LOW
0.0266,-0.0254,1.0071,0.41,-0.416,0.316,0.547,0.414,0.00904,0.0,0.005,0,9.0,LOW
0.176,0.0366,0.9661,-2.175,7.427,12.45,7.153,2.884,0.01065,3.84,1.383,1,86.7,CRITICAL
0.0549,0.022,0.993,-0.831,-0.274,-0.228,0.718,0.535,0.00513,0.09,0.069,0,9.8,LOW
0.0001,-0.0162,1.0024,0.944,0.525,-0.962,0.366,0.245,0.0059,0.01,0.019,0,7.0,LOW
-0.0323,0.0467,0.9904,-0.334,-0.629,-0.604,0.801,0.235,0.00568,0.0,0.086,0,9.6,LOW
0.0028,-0.0314,1.0066,0.172,-1.647,0.516,1.016,0.553,0.00546,0.03,0.0,0,11.9,LOW
-0.0227,0.0786,1.0214,0.028,0.34,-0.047,0.214,0.24,0.00433,0.07,0.009,0,8.1,LOW
0.0318,-0.0067,0.9934,0.319,1.283,-0.138,0.284,0.0,0.00365,0.0,0.013,0,5.6,LOW
0.0351,0.033,0.9954,1.004,-0.835,0.387,0.518,0.825,0.00521,0.0,0.033,0,10.1,LOW
0.0876,0.0724,1.0613,3.879,-8.162,0.627,3.511,2.719,0.01625,5.15,0.434,1,68.1,HIGH
-0.0117,0.0529,0.9993,0.755,1.307,2.397,0.189,0.849,0.00799,0.0,0.0,0,10.9,LOW
-0.0009,0.0301,1.0081,-0.511,-0.796,-0.709,0.575,0.487,0.00873,0.07,0.029,0,10.5,LOW
-0.1017,-0.1559,0.9746,3.349,3.529,1.405,6.056,5.142,0.01691,6.2,1.184,1,80.9,CRITICAL
-0.0449,-0.0103,1.0043,0.566,0.43,-1.43,0.41,0.743,0.00665,0.0,0.0,0,9.9,LOW
-0.0418,0.0242,1.0171,1.229,1.263,-1.416,0.628,0.367,0.00397,0.0,0.0,0,12.0,LOW
0.0625,-0.0647,1.0027,-0.363,2.321,0.293,2.647,2.789,0.03534,3.85,1.63,1,52.3,MEDIUM
0.0073,0.0046,1.0235,-0.405,0.291,0.402,0.671,0.315,0.00287,0.0,0.058,0,10.8,LOW
-0.0226,-0.0122,1.0148,1.887,0.837,-1.367,0.538,0.463,0.00611,0.05,0.0,0,12.6,LOW
0.0253,0.0088,1.0105,-0.292,0.249,0.084,0.735,1.044,0.00363,0.0,0.0,0,10.9,LOW
0.0849,-0.1302,0.9492,5.453,2.111,6.325,5.678,3.614,0.01782,5.72,0.283,1,78.4,HIGH
-0.0131,-0.1006,0.9905,-8.715,6.101,-0.942,9.28,5.127,0.00872,6.12,0.792,1,94.4,CRITICAL
-0.0628,-0.1701,0.9781,6.731,-3.584,1.085,0.9,1.853,0.02204,3.77,1.511,1,48.7,MEDIUM
0.1152,-0.0346,0.93,5.062,-2.923,-2.181,0.258,5.256,0.00468,2.4,2.085,1,62.0,HIGH
0.0027,0.0131,1.003,0.556,1.892,-0.864,0.711,0.683,0.0046,0.03,0.11,0,11.4,LOW
-0.0213,0.0517,0.999,0.699,1.676,0.822,0.401,0.437,0.00576,0.0,0.0,0,8.3,LOW
-0.0212,-0.0003,1.0159,-0.257,1.525,0.509,1.292,1.129,0.00494,0.11,0.054,0,17.3,LOW
0.0023,0.0016,1.0042,-1.748,-1.131,-0.024,0.388,0.196,0.00432,0.0,0.041,0,7.8,LOW
0.0152,-0.0426,0.9889,-0.123,-0.396,-1.184,0.38,0.818,0.0033,0.0,0.019,0,10.0,LOW
0.0081,0.0142,1.022,-1.326,1.02,-0.015,0.428,0.814,0.00528,0.02,0.0,0,13.5,LOW
-0.0004,0.0024,0.9928,2.526,0.393,0.903,0.697,0.198,0.00336,0.0,0.017,0,10.2,LOW
0.0066,-0.0812,0.9987,-0.264,-0.732,0.462,1.243,0.442,0.00323,0.07,0.0,0,9.5,LOW
0.005,0.0008,1.0221,-0.289,-0.476,0.139,0.338,0.32,0.00324,0.02,0.0,0,8.9,LOW
0.0022,-0.0503,1.012,0.44,1.097,-1.356,0.311,0.634,0.00261,0.0,0.016,0,9.7,LOW
-0.0284,0.0281,1.0038,0.807,-0.215,3.006,0.829,0.364,0.00239,0.0,0.073,0,11.3,LOW
-0.0,-0.0065,1.0046,0.228,-0.498,0.746,0.733,0.636,0.00393,0.09,0.001,0,9.1,LOW
-0.014,0.0107,1.0202,-2.227,2.541,3.293,4.987,3.949,0.01158,4.04,1.617,1,66.5,HIGH
-0.0513,0.0154,0.9966,-0.911,0.445,1.682,0.53,0.891,0.00747,0.22,0.0,0,12.0,LOW
-0.009,-0.0178,0.9762,-0.14,-1.371,-0.14,0.56,0.728,0.0056,0.14,0.084,0,14.4,LOW
0.0723,0.1524,0.9147,2.891,-4.652,0.544,5.61,3.926,0.01513,8.21,1.399,1,91.4,CRITICAL
-0.0208,0.0442,1.006,0.377,1.141,-2.188,0.632,0.506,0.00124,0.03,0.102,0,10.4,LOW
0.016,0.0298,1.0014,1.701,1.244,0.82,0.817,0.557,0.00396,0.0,0.0,0,10.4,LOW
-0.0156,-0.0518,1.0376,-0.37,0.504,0.838,0.768,0.563,0.00523,0.0,0.029,0,16.1,LOW
-0.0459,0.0101,1.0101,-0.751,0.638,-0.467,0.791,0.588,0.00779,0.0,0.008,0,11.5,LOW
-0.0215,-0.0475,1.0006,-0.549,0.911,-0.745,0.716,0.577,0.00381,0.04,0.0,0,8.5,LOW
-0.0047,-0.007,0.9975,-1.156,-1.267,-2.217,0.75,0.579,0.00351,0.0,0.024,0,11.2,LOW
-0.046,0.0148,0.9794,-0.008,1.317,1.348,0.527,0.536,0.00298,0.0,0.012,0,12.2,LOW
-0.0031,0.053,0.9833,-0.975,1.882,-0.093,0.184,0.316,0.00051,0.0,0.0,0,8.7,LOW
-0.0048,-0.0006,1.0055,1.844,-0.325,-0.573,0.238,0.509,0.00472,0.08,0.039,0,8.8,LOW
-0.0308,-0.0185,0.9867,1.287,-0.295,0.318,0.169,0.624,0.00377,0.27,0.079,0,9.9,LOW
0.0489,-0.1077,1.0034,-5.87,5.844,-3.293,3.36,3.886,0.02154,2.31,0.772,1,58.0,MEDIUM
0.016,0.0227,1.0108,0.274,0.328,1.608,1.021,0.485,0.00443,0.0,0.0,0,12.0,LOW
0.1056,0.0,0.906,-3.318,2.649,4.182,2.482,5.373,0.01387,5.85,0.781,1,78.9,HIGH
-0.054,0.0227,0.9256,-4.608,-3.749,1.965,5.315,8.262,0.01821,2.07,1.424,1,95.3,CRITICAL
-0.0296,-0.0164,0.9975,0.104,-0.379,0.508,0.45,0.609,0.00362,0.0,0.046,0,7.0,LOW
-0.0263,-0.0494,0.9947,-1.793,0.837,0.307,0.423,0.621,0.00416,0.0,0.07,0,9.8,LOW
-0.0702,-0.0975,0.9486,-0.369,-3.762,-0.157,3.002,0.194,0.03035,4.87,1.637,1,55.8,MEDIUM
-0.0345,-0.0124,0.9918,2.219,-0.221,0.254,0.367,0.0,0.008,0.0,0.077,0,9.3,LOW
0.0166,0.0005,1.0093,0.534,0.591,1.155,0.442,0.0,0.00544,0.0,0.023,0,7.5,LOW
-0.0293,-0.0182,1.0016,-1.46,0.229,0.13,0.695,0.252,0.00422,0.0,0.0,0,7.6,LOW
-0.0012,0.0006,1.0117,0.33,0.294,-1.1,0.803,0.417,0.00843,0.01,0.007,0,11.6,LOW
-0.1706,0.033,0.9662,6.112,-0.336,3.888,1.38,1.403,0.00312,9.99,0.9,1,54.2,MEDIUM
0.0214,-0.02,0.9949,-0.275,-0.248,-1.32,0.425,0.563,0.00562,0.0,0.047,0,8.9,LOW
-0.0054,0.0239,0.9951,0.036,0.136,-0.322,0.572,0.251,0.00045,0.0,0.016,0,5.0,LOW
0.002,-0.0008,0.978,0.998,1.848,1.053,0.875,1.046,0.00601,0.18,0.023,0,17.9,LOW
0.0347,0.1424,1.0071,2.581,-6.844,-3.32,5.75,3.608,0.03903,7.14,0.548,1,79.6,HIGH
-0.0113,0.0216,0.9794,-0.129,0.711,0.707,0.323,0.466,0.00627,0.17,0.01,0,11.1,LOW
0.0229,-0.0193,0.9575,4.976,1.979,4.216,6.754,6.604,0.03275,1.42,0.365,1,86.6,CRITICAL
0.0129,-0.1269,0.9157,3.605,-13.656,11.093,9.052,0.0,0.02307,4.8,1.793,1,100.0,CRITICAL
0.0457,0.0355,1.0138,0.858,0.465,-0.297,0.786,0.348,0.00511,0.0,0.039,0,10.6,LOW
0.004,0.0105,0.992,-1.303,0.024,-0.39,0.667,0.039,0.00569,0.03,0.011,0,8.3,LOW
-0.0009,-0.0078,1.0004,0.142,0.223,-0.686,0.61,0.732,0.00284,0.12,0.05,0,7.9,LOW
-0.0355,-0.0137,0.9996,-0.617,0.273,-0.21,0.307,0.331,0.00783,0.0,0.02,0,6.1,LOW
-0.058,0.0583,0.8901,-4.258,7.717,2.66,5.421,5.054,0.01351,10.4,0.879,1,100.0,CRITICAL
0.0106,0.0212,1.0292,-1.087,-0.288,-0.237,0.917,1.123,0.00668,0.08,0.08,0,18.3,LOW
-0.0035,-0.0241,1.0048,0.868,0.811,0.702,1.225,0.75,0.00103,0.0,0.018,0,11.3,LOW
-0.0162,0.0209,0.9865,1.078,-0.143,-0.149,0.327,0.471,0.0038,0.21,0.0,0,9.1,LOW
-0.0338,0.02,1.0006,-0.11,0.836,-0.545,0.552,0.837,0.00221,0.11,0.0,0,8.1,LOW
-0.0147,-0.0237,0.9937,1.0,0.425,0.312,0.83,0.16,0.00742,0.01,0.0,0,9.2,LOW
-0.0077,-0.0253,0.9853,-0.136,0.375,0.754,0.536,0.594,0.0076,0.0,0.0,0,11.0,LOW
0.0037,-0.0939,0.9213,-1.285,1.085,2.062,4.066,6.645,0.0293,4.42,1.192,1,86.2,CRITICAL
-0.0301,-0.007,1.0046,0.009,-0.658,-1.23,0.024,0.386,0.00305,0.0,0.022,0,5.7,LOW
-0.0252,-0.0208,1.0088,-1.661,-0.142,0.425,1.207,0.778,0.00585,0.1,0.0,0,14.2,LOW
-0.0347,-0.023,0.9995,0.577,-2.436,0.92,0.5,0.875,0.00444,0.0,0.016,0,11.0,LOW
-0.0546,0.0201,1.0075,1.75,0.518,0.829,0.51,0.205,0.0095,0.11,0.0,0,10.4,LOW
-0.0115,-0.0041,1.0033,-1.124,0.936,1.196,0.707,0.0,0.00361,0.18,0.0,0,7.8,LOW
0.0673,-0.001,1.0132,-1.564,0.588,-0.947,0.102,0.268,0.00487,0.0,0.0,0,8.5,LOW
-0.019,-0.0078,0.9765,-1.153,1.093,-1.203,0.523,0.634,0.0068,0.0,0.0,0,14.4,LOW
0.0867,-0.0252,0.9576,0.361,-1.308,2.021,1.522,3.359,0.02029,2.38,1.043,1,47.7,MEDIUM
0.1613,-0.0486,1.0205,0.629,9.905,1.508,1.343,0.048,0.01759,1.47,1.608,1,41.0,MEDIUM
0.0227,0.0269,0.982,1.183,-1.307,-0.035,0.0,0.351,0.00802,0.09,0.0,0,10.2,LOW
-0.0068,0.057,1.0123,-2.518,-1.0,0.439,0.103,0.614,0.00664,0.15,0.0,0,11.7,LOW
0.0386,-0.0157,0.9854,0.442,0.546,-0.131,0.716,0.236,0.00316,0.02,0.009,0,8.8,LOW
-0.0016,-0.0611,0.9515,2.104,-1.211,1.756,5.393,3.866,0.01764,2.72,1.084,1,67.4,HIGH
-0.0039,-0.0201,1.0049,-0.314,0.239,0.065,0.394,0.596,0.00426,0.0,0.005,0,6.8,LOW
0.0048,-0.0391,1.0003,0.652,-0.803,1.982,0.128,0.068,0.0045,0.01,0.053,0,5.8,LOW
-0.0499,-0.0504,1.0049,-0.717,-0.302,0.512,0.325,0.748,0.00349,0.05,0.01,0,7.9,LOW
0.0434,0.0052,1.0093,-0.209,2.197,0.255,0.333,0.743,0.0044,0.0,0.0,0,10.8,LOW
-0.0242,-0.1101,0.8956,-0.371,-5.285,-12.389,4.214,2.346,0.01108,1.93,0.715,1,78.1,HIGH
-0.0249,0.0037,0.9907,1.45,1.705,0.393,0.149,0.519,0.00699,0.04,0.0,0,10.1,LOW
-0.207,0.0469,0.9604,-5.834,-0.434,0.99,3.328,7.66,0.01841,1.3,0.942,1,73.6,HIGH
-0.029,0.0168,0.9845,0.489,0.12,2.123,0.728,0.583,0.00584,0.03,0.053,0,13.7,LOW
-0.0121,-0.0093,0.9953,-0.084,-2.053,-0.498,0.932,0.59,0.00652,0.04,0.0,0,12.2,LOW
-0.012,-0.0131,1.0005,0.519,1.141,-0.933,0.0,0.286,0.005,0.12,0.0,0,5.3,LOW
0.0103,0.0243,0.9984,-0.43,-1.152,-0.232,0.213,0.324,0.00574,0.0,0.0,0,6.1,LOW
-0.0365,-0.0077,1.0026,0.279,-0.728,2.093,0.0,0.025,0.00743,0.0,0.0,0,6.2,LOW
-0.0403,0.0488,0.969,-0.504,-10.706,-5.004,4.314,6.0,0.01079,3.52,0.131,1,76.1,HIGH
-0.0332,0.0392,1.0051,-0.363,-1.391,-0.96,0.412,0.447,0.00407,0.07,0.027,0,8.5,LOW
0.0346,-0.0308,1.0021,0.457,0.249,0.326,0.257,0.377,0.00623,0.0,0.017,0,5.8,LOW
-0.0332,-0.0386,0.9692,0.003,0.854,0.783,0.421,0.179,0.0046,0.0,0.064,0,12.0,LOW
0.0182,0.019,0.995,-1.443,-1.296,0.885,0.076,0.369,0.00774,0.06,0.087,0,8.9,LOW
0.0116,0.0509,0.8644,-3.86,5.087,-7.471,7.351,3.874,0.01088,6.81,1.554,1,100.0,CRITICAL
-0.0188,0.0319,0.9895,0.048,-0.291,1.456,0.589,0.795,0.00612,0.0,0.0,0,11.7,LOW
-0.0383,0.0137,1.0008,-0.282,0.354,-0.753,0.249,0.996,0.00463,0.0,0.0,0,7.8,LOW
-0.0007,0.0284,1.0084,0.308,-1.198,-0.035,0.525,0.231,0.00402,0.0,0.0,0,7.8,LOW
0.015,0.0299,1.0082,1.226,-0.048,-1.542,0.76,0.361,0.0073,0.0,0.0,0,11.3,LOW
-0.002,0.0139,1.0028,-0.203,0.115,-1.357,0.67,1.033,0.00892,0.0,0.073,0,12.5,LOW
0.0316,0.0036,1.0043,0.11,0.401,0.806,0.608,0.548,0.00491,0.02,0.0,0,8.4,LOW
0.0081,-0.018,0.9828,-2.646,-4.066,-2.691,3.72,7.49,0.00834,5.84,0.944,1,75.5,HIGH
0.0086,-0.0012,1.0018,-0.29,-1.81,-0.703,0.0,0.562,0.00528,0.1,0.019,0,7.4,LOW
0.0311,-0.0051,1.0036,-0.095,-0.098,-1.811,0.231,0.419,0.00737,0.13,0.032,0,8.7,LOW
-0.1919,0.0424,0.9429,7.981,4.23,-0.509,3.806,4.098,0.01736,5.82,1.649,1,81.7,CRITICAL
-0.0036,0.0319,0.9967,-0.414,-1.896,0.772,0.915,0.93,0.00703,0.04,0.0,0,13.4,LOW
0.0058,0.0457,1.0028,-0.638,-0.267,-0.071,0.8,0.505,0.00656,0.05,0.001,0,8.9,LOW
-0.0361,0.0132,1.003,-0.437,-0.811,-0.323,0.905,0.87,0.0055,0.0,0.05,0,11.1,LOW
0.0052,0.018,1.0092,1.457,-2.217,-1.721,0.582,0.668,0.00495,0.0,0.0,0,13.1,LOW
-0.0365,-0.0307,1.0054,1.081,-1.202,-1.065,0.047,0.68,0.00315,0.0,0.0,0,7.8,LOW
-0.0479,-0.0512,0.9894,1.626,-0.827,-0.513,0.181,0.918,0.00629,0.07,0.0,0,11.4,LOW
0.0705,-0.0112,0.9941,-0.634,-0.53,0.94,0.68,0.258,0.00789,0.0,0.023,0,9.3,LOW
0.0139,-0.0592,1.0209,-0.593,0.212,0.128,0.269,0.0,0.00523,0.07,0.0,0,7.9,LOW
-0.0241,0.0361,1.0004,-1.248,0.237,1.028,0.823,0.188,0.00557,0.04,0.0,0,8.3,LOW
0.0982,-0.0342,0.9838,1.294,8.581,3.904,3.709,7.962,0.02763,6.48,1.144,1,91.2,CRITICAL
-0.0299,-0.0626,1.0038,1.631,-0.485,-0.789,0.721,0.364,0.00175,0.18,0.025,0,8.9,LOW
0.0096,0.0193,0.9965,-0.014,0.55,-2.125,0.525,0.734,0.00703,0.0,0.0,0,11.1,LOW
0.0001,0.0068,1.0016,-0.085,1.779,-0.186,0.69,0.368,0.00498,0.08,0.0,0,8.9,LOW
-0.0096,0.0092,0.9996,0.378,-1.474,-0.457,0.688,1.005,0.00503,0.03,0.026,0,10.9,LOW
-0.0135,0.032,0.986,1.491,-0.371,0.913,0.671,0.968,0.00182,0.12,0.014,0,12.9,LOW
0.0118,0.0296,1.0073,0.239,-0.006,-0.078,0.549,0.704,0.00607,0.03,0.0,0,8.7,LOW
0.0066,0.0268,1.0021,-1.108,-0.325,-0.587,0.009,0.924,0.00585,0.0,0.0,0,7.8,LOW
-0.0059,0.0337,0.9941,-0.54,-1.807,0.644,0.35,0.791,0.00416,0.0,0.094,0,10.5,LOW
-0.0207,-0.0065,0.9846,-0.662,-0.441,-0.258,0.708,0.626,0.00053,0.0,0.0,0,9.8,LOW
-0.0025,0.0686,1.017,-2.727,3.584,4.422,4.73,5.11,0.01333,8.71,1.249,1,79.9,HIGH
0.0011,0.0128,1.0105,-2.157,0.591,1.092,0.0,0.3,0.00166,0.01,0.0,0,7.6,LOW
0.0634,-0.0919,1.0509,-5.891,-0.645,5.244,3.121,5.38,0.02134,5.39,2.512,1,85.8,CRITICAL
0.0376,-0.0362,0.9956,-0.121,1.957,0.618,0.256,0.688,0.00704,0.01,0.108,0,10.4,LOW
0.0,-0.0005,1.0069,-1.146,-0.687,-1.007,0.962,0.305,0.00555,0.0,0.032,0,10.8,LOW
0.0493,0.0771,0.9962,-0.694,-0.574,-0.199,0.221,0.249,0.00346,0.0,0.014,0,5.1,LOW
0.0264,0.0031,1.006,-1.88,-1.705,0.043,0.89,0.406,0.00559,0.0,0.057,0,12.2,LOW
0.0474,-0.0734,0.9999,-0.751,-0.308,1.204,0.233,0.244,0.00132,0.0,0.058,0,4.8,LOW
-0.0414,0.0331,0.9955,0.631,0.18,0.886,0.644,0.761,0.0048,0.0,0.036,0,9.8,LOW
-0.0012,0.0265,0.9913,1.013,0.783,0.748,0.256,0.353,0.00405,0.03,0.023,0,7.8,LOW
-0.0698,-0.0317,1.0086,-0.294,0.828,-0.58,0.069,0.584,0.00867,0.0,0.092,0,9.0,LOW
-0.0074,-0.0257,0.9947,-0.989,-1.682,0.253,0.497,0.392,0.00889,0.0,0.033,0,10.4,LOW
0.0064,-0.0268,1.0114,0.984,-2.843,0.186,0.826,0.361,0.00543,0.0,0.0,0,13.2,LOW
-0.023,-0.0309,1.0087,-0.165,0.886,1.273,0.295,0.103,0.00573,0.22,0.069,0,8.2,LOW
-0.0162,-0.0759,0.9951,0.197,-0.604,0.106,0.563,0.352,0.004,0.0,0.009,0,6.9,LOW
0.0608,-0.0262,0.9904,-0.468,-0.133,0.23,0.266,0.292,0.00275,0.0,0.035,0,6.0,LOW
0.0188,0.0175,0.9918,0.904,0.127,1.555,0.0,0.752,0.00553,0.07,0.038,0,9.3,LOW
0.0105,-0.0046,1.0059,0.214,2.477,-0.678,0.892,0.247,0.00334,0.12,0.0,0,10.8,LOW
0.0053,-0.0119,0.9803,-1.744,-0.428,0.244,0.0,0.429,0.0055,0.0,0.005,0,10.0,LOW
0.0628,-0.0944,0.8668,-10.909,-3.466,-3.369,3.675,3.748,0.02616,3.67,1.013,1,94.5,CRITICAL
-0.0181,0.0418,1.0072,-2.31,1.123,-0.97,0.872,0.146,0.0044,0.0,0.01,0,11.0,LOW
0.0355,-0.0064,0.9968,1.117,0.776,-0.814,0.388,0.141,0.00457,0.0,0.093,0,7.0,LOW
0.01,0.0278,0.9888,2.492,-0.507,-1.341,0.402,0.875,0.00385,0.02,0.0,0,12.9,LOW
-0.026,0.0092,0.9961,1.762,0.095,1.015,0.266,1.327,0.00487,0.07,0.0,0,11.8,LOW
0.0195,-0.0308,1.0043,-0.706,-2.953,-0.626,0.152,0.659,0.00425,0.0,0.026,0,10.2,LOW
-0.0059,0.0013,0.9929,0.167,-0.681,-0.38,0.212,0.792,0.00916,0.0,0.063,0,9.7,LOW
0.0869,-0.1,0.9754,-6.177,-7.517,-2.606,4.544,3.176,0.04287,6.15,1.825,1,85.2,CRITICAL
0.0706,-0.0176,1.0081,-0.193,-0.584,1.081,0.0,0.555,0.00557,0.0,0.0,0,7.4,LOW
0.148,-0.0539,0.9413,-2.798,0.872,7.472,4.2,8.362,0.01327,5.31,0.68,1,92.0,CRITICAL
-0.0422,0.0149,0.9813,0.324,0.188,0.48,0.223,0.768,0.00303,0.2,0.05,0,10.2,LOW
0.0308,-0.0448,0.9927,-0.476,-0.603,1.113,0.846,0.601,0.00336,0.07,0.033,0,10.6,LOW
0.0435,-0.034,0.9895,0.529,1.756,-1.341,0.886,0.659,0.00664,0.0,0.015,0,13.8,LOW
-0.0132,-0.0648,1.0161,-0.883,1.054,0.252,0.003,0.312,0.00488,0.0,0.084,0,8.5,LOW
0.0114,-0.0088,1.0012,-0.172,0.74,-0.036,0.084,0.507,0.00026,0.0,0.038,0,4.0,LOW
-0.0098,0.0094,0.9874,1.571,2.533,2.218,0.566,0.422,0.00486,0.0,0.016,0,13.6,LOW
-0.0275,0.0061,1.0136,-0.356,-0.605,0.335,0.601,0.517,0.00354,0.04,0.0,0,9.5,LOW
0.0205,-0.0007,0.9969,0.844,-0.743,-1.17,0.57,0.605,0.0,0.12,0.0,0,8.0,LOW
0.054,-0.0074,0.9896,-1.411,-0.418,0.884,0.0,0.967,0.00541,0.0,0.074,0,10.5,LOW
-0.0085,-0.0017,0.9935,0.693,1.471,-0.999,0.684,0.77,0.00658,0.0,0.0,0,12.0,LOW
-0.0376,-0.0299,1.0005,-1.693,0.767,-2.052,0.0,0.631,0.0059,0.0,0.044,0,8.8,LOW
0.0289,-0.0102,1.015,0.386,-0.914,1.309,0.349,0.633,0.00556,0.14,0.005,0,11.4,LOW
-0.0669,0.0122,1.0047,0.784,1.021,0.95,0.98,0.45,0.00738,0.0,0.062,0,11.6,LOW
-0.007,0.0291,0.9966,-0.002,-0.348,0.88,0.317,0.222,0.00511,0.07,0.0,0,5.9,LOW
-0.0153,0.0089,1.0066,-0.506,-0.846,-0.421,0.072,0.871,0.00766,0.2,0.0,0,9.4,LOW
-0.1304,0.1071,0.8708,-0.577,1.59,8.066,1.789,5.901,0.02025,1.08,1.757,1,86.0,CRITICAL
-0.0086,-0.0115,0.9954,-0.875,0.818,0.138,0.371,0.334,0.00118,0.07,0.002,0,6.1,LOW
-0.0845,0.0261,1.0009,-0.708,0.1,-0.191,0.0,0.197,0.00567,0.08,0.0,0,3.9,LOW
-0.0276,-0.0251,1.0133,0.664,-1.712,0.499,0.448,0.564,0.00725,0.06,0.0,0,11.9,LOW
0.0279,-0.0528,1.0015,-0.543,1.22,-0.197,0.584,0.298,0.00519,0.12,0.002,0,7.7,LOW
-0.0145,-0.0004,1.0014,0.165,-1.673,-0.225,0.836,0.602,0.00325,0.0,0.057,0,9.8,LOW
-0.0352,0.0198,1.0012,-0.786,0.676,-0.409,0.162,0.426,0.00431,0.08,0.029,0,5.9,LOW
0.0196,0.0146,0.9916,-1.86,0.57,0.885,0.0,0.565,0.0046,0.0,0.017,0,8.6,LOW
-0.1445,-0.1149,0.9275,-0.193,-7.676,6.278,5.63,6.736,0.00873,1.58,0.85,1,88.9,CRITICAL
-0.0033,0.0017,0.9816,0.233,-0.65,-1.34,0.526,0.8,0.00609,0.07,0.0,0,13.2,LOW
-0.026,-0.0095,0.8971,-2.435,1.765,9.88,3.939,2.756,0.00162,7.06,0.639,1,80.7,CRITICAL
-0.0094,-0.0103,1.0109,-1.892,-1.611,-0.874,0.491,0.205,0.00488,0.05,0.0,0,10.5,LOW
0.0365,-0.0391,0.9953,-0.184,-1.302,-1.682,0.403,0.477,0.00737,0.0,0.0,0,9.9,LOW
0.0196,-0.0248,0.9839,0.055,-0.157,2.727,0.767,0.277,0.00558,0.0,0.0,0,13.2,LOW
0.0158,0.0779,1.017,-0.649,-0.239,1.815,0.75,0.207,0.00659,0.16,0.0,0,12.4,LOW
-0.0128,0.0116,1.0119,-0.253,-1.831,-0.227,0.917,0.808,0.00666,0.0,0.0,0,14.1,LOW
0.0011,0.0316,1.0058,-1.322,-0.372,-1.62,0.368,0.433,0.0047,0.0,0.0,0,9.0,LOW
0.017,-0.0145,1.0066,-0.34,-0.506,0.119,0.861,0.019,0.01042,0.01,0.0,0,8.9,LOW
-0.0053,0.0504,1.0141,0.182,-0.393,-0.645,0.837,0.504,0.00518,0.0,0.0,0,10.9,LOW
0.0673,0.0497,1.0077,-1.418,-1.152,-0.391,0.751,0.246,0.00134,0.12,0.0,0,9.0,LOW
-0.0272,-0.0158,1.006,0.426,-0.012,1.382,0.526,0.64,0.00373,0.03,0.031,0,9.4,LOW
-0.0362,-0.0332,0.9994,0.999,-1.49,-2.987,0.619,0.0,0.00719,0.0,0.0,0,10.0,LOW
-0.0677,-0.0033,1.0183,-1.87,1.092,-0.804,0.467,0.19,0.00444,0.06,0.0,0,11.2,LOW
0.0106,-0.0078,0.9994,-0.075,1.324,-1.457,0.825,0.319,0.00418,0.0,0.0,0,8.9,LOW
0.063,0.0448,0.9941,0.617,0.808,-0.807,0.465,0.722,0.00397,0.06,0.011,0,9.2,LOW
-0.003,0.0471,1.0159,0.691,-0.375,-0.44,0.407,0.521,0.00713,0.22,0.0,0,10.8,LOW
0.1304,0.1534,1.02,8.324,-8.237,2.747,5.606,7.449,0.01173,5.13,0.737,1,91.7,CRITICAL
0.0317,-0.021,0.9897,0.655,-0.296,-0.837,0.167,0.228,0.00596,0.03,0.009,0,7.2,LOW
0.0569,-0.0287,0.9176,-3.806,2.003,-5.061,2.452,4.753,0.01903,0.0,1.232,1,67.1,HIGH
0.0183,-0.0144,1.0034,1.417,1.155,0.525,0.707,0.297,0.00516,0.04,0.0,0,9.2,LOW
-0.0485,-0.0212,0.9892,-1.124,-1.562,-0.481,0.473,0.592,0.00427,0.0,0.0,0,10.7,LOW
0.1693,-0.0246,1.0296,3.168,-3.741,1.374,4.648,4.193,0.02995,3.51,1.244,1,71.1,HIGH
-0.0223,0.0295,0.9999,0.778,1.318,1.527,0.932,0.789,0.00703,0.0,0.0,0,12.3,LOW
0.0029,-0.0218,1.0081,0.445,-0.69,2.038,0.325,0.754,0.00529,0.08,0.008,0,11.0,LOW
-0.0099,-0.021,1.0024,-0.122,0.562,-2.358,0.271,0.395,0.00562,0.0,0.0,0,8.5,LOW
-0.0035,-0.0165,0.9829,-0.266,-1.162,-0.333,0.944,0.865,0.00375,0.0,0.018,0,13.7,LOW
-0.0319,0.0066,0.9997,0.587,-1.039,2.007,0.473,0.391,0.0,0.0,0.0,0,7.0,LOW
-0.0308,-0.002,0.9688,0.14,-0.285,0.316,0.156,0.421,0.00694,0.17,0.0,0,11.6,LOW
-0.006,0.0276,0.982,-0.329,0.439,0.12,0.913,1.095,0.00851,0.07,0.087,0,15.6,LOW
-0.0339,-0.0024,1.0062,-0.939,-0.763,0.251,0.61,0.692,0.00119,0.1,0.0,0,8.9,LOW
-0.0364,-0.0197,0.9993,-0.501,0.239,-0.618,0.469,0.298,0.00492,0.17,0.079,0,6.7,LOW
-0.0215,-0.0102,0.9967,-0.34,0.673,1.582,0.876,0.0,0.00371,0.01,0.128,0,8.6,LOW
-0.0217,0.0271,1.0059,-0.158,1.642,1.195,0.659,0.0,0.00486,0.07,0.015,0,8.5,LOW
0.0278,0.1363,1.0033,-2.622,5.927,3.341,5.434,6.369,0.01542,8.16,0.635,1,82.9,CRITICAL
-0.0432,0.028,0.9978,-0.881,0.027,0.416,0.727,0.494,0.00346,0.0,0.0,0,7.8,LOW
0.0339,0.0184,0.9893,1.646,0.862,-2.194,0.097,0.602,0.01036,0.03,0.002,0,12.4,LOW
0.007,0.001,1.0104,1.095,1.795,-0.97,0.187,1.016,0.00512,0.13,0.0,0,12.2,LOW
-0.0345,0.0215,0.9846,0.231,-0.069,1.222,0.293,0.58,0.00721,0.0,0.0,0,10.6,LOW
-0.0293,-0.0084,1.0121,-0.397,-1.658,-0.737,0.598,0.934,0.00449,0.0,0.0,0,12.7,LOW
-0.0493,0.0122,0.9839,-0.09,1.443,1.274,0.611,0.735,0.00579,0.01,0.026,0,13.4,LOW
0.0199,0.0147,1.0008,0.957,0.326,-1.071,0.619,0.776,0.0022,0.0,0.019,0,8.7,LOW
0.0455,-0.0194,1.0082,0.605,0.942,-1.748,0.69,0.776,0.00564,0.0,0.048,0,12.5,LOW
0.008,0.0123,0.982,1.636,-0.718,0.851,0.698,1.006,0.0052,0.07,0.0,0,15.1,LOW
0.0011,-0.0025,1.0005,0.137,-0.738,-0.4,0.501,0.744,0.00564,0.05,0.002,0,8.2,LOW
-0.0446,0.0431,1.0047,-0.56,0.195,-0.353,0.628,0.0,0.01045,0.0,0.0,0,7.6,LOW
-0.0408,0.027,0.9919,1.323,-0.043,-2.461,0.487,0.64,0.00621,0.0,0.069,0,12.5,LOW
-0.0277,-0.0084,1.0087,-0.68,0.19,0.278,0.77,0.772,0.00334,0.06,0.0,0,10.2,LOW
0.0586,0.0139,0.9851,-0.93,-1.041,-1.071,0.331,0.556,0.00362,0.0,0.0,0,10.3,LOW
0.0555,-0.0166,1.0303,3.274,-2.802,-4.067,3.809,2.322,0.01572,8.45,1.04,1,66.3,HIGH
-0.0013,-0.0477,1.0017,0.048,-2.03,1.207,0.286,0.025,0.00111,0.06,0.0,0,5.6,LOW
0.0182,-0.0257,1.0073,-1.513,-1.614,1.818,0.466,0.325,0.00656,0.03,0.0,0,10.9,LOW
0.0221,0.0066,1.0072,0.616,-1.035,0.717,0.391,0.015,0.00354,0.1,0.0,0,6.4,LOW
0.0192,-0.0058,0.987,0.219,0.028,0.033,0.758,0.514,0.00726,0.0,0.046,0,10.4,LOW
0.0164,0.0046,0.9942,-0.595,-0.636,1.072,0.547,0.42,0.00537,0.0,0.025,0,8.8,LOW
0.076,0.0572,1.0029,-0.361,-0.03,-0.491,0.678,0.704,0.00379,0.19,0.08,0,8.9,LOW
-0.0471,0.0039,1.0155,1.486,-0.561,0.231,0.155,0.0,0.00629,0.14,0.0,0,8.3,LOW
-0.011,-0.0236,0.9958,-0.409,-0.358,-0.386,0.295,0.534,0.00362,0.11,0.0,0,6.5,LOW
-0.025,-0.0471,1.0002,0.552,-0.433,0.216,0.14,0.606,0.00676,0.0,0.034,0,6.3,LOW
0.0148,-0.0041,1.0085,0.859,1.187,-0.556,0.899,0.201,0.00362,0.04,0.0,0,9.6,LOW
0.0028,0.046,0.9967,-1.897,-0.302,0.299,0.425,0.286,0.00662,0.0,0.016,0,8.5,LOW
0.0417,0.0206,0.9887,1.356,-1.355,1.472,0.391,1.114,0.00221,0.16,0.014,0,13.0,LOW
0.0074,0.0771,0.9645,9.168,5.054,0.251,3.689,1.317,0.02385,7.05,0.149,1,64.8,HIGH
-0.0066,0.0439,0.9967,1.068,-0.235,0.619,0.0,1.223,0.00364,0.0,0.016,0,8.6,LOW
0.0201,0.0113,1.0076,0.222,0.405,0.722,0.502,0.336,0.00235,0.04,0.0,0,6.9,LOW
-0.0015,0.0177,1.0008,-1.068,0.349,0.604,0.124,0.808,0.00642,0.08,0.06,0,8.2,LOW
-0.0396,-0.0069,1.0023,1.251,-1.393,0.735,0.673,0.821,0.00473,0.12,0.017,0,11.2,LOW
-0.0283,-0.0121,1.0106,-0.453,1.698,0.185,0.542,0.748,0.0072,0.0,0.0,0,12.1,LOW
-0.0212,0.0013,0.9974,-1.686,-0.789,0.72,0.731,0.354,0.0072,0.03,0.005,0,10.1,LOW
0.014,0.0545,0.9966,-1.207,-0.792,-0.886,0.243,1.058,0.00422,0.1,0.0,0,9.9,LOW
-0.0004,0.0783,0.9915,0.563,-0.665,-0.513,0.832,0.32,0.00279,0.0,0.0,0,8.7,LOW
-0.0193,0.0021,1.0073,-0.173,-0.083,0.586,1.246,0.708,0.00865,0.0,0.0,0,12.8,LOW
-0.0028,0.0278,1.0162,-0.165,1.397,2.908,0.768,0.526,0.00218,0.0,0.0,0,13.9,LOW
0.0358,0.0507,1.0136,-0.775,-0.134,0.543,0.194,0.507,0.00671,0.21,0.006,0,9.4,LOW
-0.0371,0.0065,1.0024,-0.981,1.701,-0.424,0.226,0.007,0.0057,0.09,0.002,0,6.3,LOW
0.0521,-0.0176,1.0009,0.13,-1.907,-0.967,0.936,0.989,0.00674,0.03,0.0,0,13.2,LOW
0.0044,-0.0255,1.0017,0.407,-0.38,-0.916,0.2,0.726,0.00098,0.0,0.081,0,6.4,LOW
-0.0297,0.0092,0.9945,0.03,0.146,-0.009,0.612,0.496,0.0042,0.0,0.0,0,7.0,LOW
-0.066,0.0428,1.0115,0.52,2.313,-1.154,0.119,0.7,0.00192,0.0,0.064,0,10.4,LOW
-0.057,-0.0091,1.0068,0.559,0.776,-0.291,0.0,0.477,0.00477,0.0,0.098,0,6.7,LOW
0.0429,0.0007,0.9952,-0.324,-1.204,-0.226,0.552,0.975,0.00563,0.06,0.0,0,10.8,LOW
-0.0384,0.0068,0.9968,0.308,-0.311,-1.254,0.268,0.698,0.00486,0.05,0.004,0,8.1,LOW
0.0125,-0.0134,0.9462,-13.398,-6.846,0.422,6.983,5.826,0.03012,7.77,1.15,1,100.0,CRITICAL
-0.0039,-0.0159,0.9924,-1.099,0.828,-0.064,0.465,0.445,0.00425,0.0,0.042,0,8.7,LOW
-0.0277,-0.0225,0.993,-0.111,-0.799,1.12,0.671,0.839,0.00488,0.04,0.022,0,11.2,LOW
0.0313,0.032,0.9618,4.186,-0.518,-1.149,2.4,6.234,0.02042,1.36,1.77,1,66.4,HIGH
-0.0049,0.0185,0.9877,2.257,-0.602,0.197,0.834,0.082,0.00521,0.08,0.0,0,11.4,LOW
0.0026,-0.0249,0.9864,-0.107,-1.004,-0.781,0.27,0.645,0.00486,0.0,0.0,0,9.8,LOW
0.0401,-0.0693,0.9994,0.997,-0.477,0.17,0.165,0.495,0.00816,0.0,0.061,0,7.2,LOW
0.0456,-0.0699,0.9615,2.342,-0.566,0.524,2.029,1.838,0.02574,9.34,0.057,1,53.6,MEDIUM
0.0012,-0.0351,0.9949,-0.415,0.267,-0.788,0.0,0.0,0.00206,0.19,0.0,0,3.4,LOW
-0.0258,0.0188,1.0091,0.142,0.357,-0.491,0.81,1.069,0.00479,0.0,0.053,0,12.0,LOW
-0.0178,0.0489,1.0079,0.068,-0.553,-0.42,0.551,0.349,0.00399,0.0,0.0,0,7.4,LOW
-0.0176,-0.0322,1.0116,0.216,1.273,-0.182,0.666,0.045,0.00716,0.0,0.0,0,9.3,LOW
-0.0045,0.0281,1.0062,0.925,0.075,-1.124,0.163,0.197,0.00776,0.0,0.009,0,7.2,LOW
-0.0428,-0.0712,0.8971,-11.688,2.188,-1.207,7.215,2.721,0.02935,3.16,0.925,1,98.0,CRITICAL
-0.0307,0.035,0.9947,1.085,0.466,0.248,0.754,0.713,0.00484,0.0,0.0,0,10.2,LOW
-0.0196,-0.0284,0.9948,0.298,-0.539,1.799,0.18,0.91,0.00654,0.12,0.0,0,10.5,LOW
0.0026,0.0037,0.9896,-1.695,-0.621,-1.778,0.397,0.201,0.00674,0.0,0.045,0,10.5,LOW
-0.0182,0.0289,0.9835,-1.203,0.736,-0.897,0.708,0.358,0.0068,0.0,0.0,0,12.1,LOW
0.08,0.0967,0.9472,-3.599,-0.441,-0.712,8.701,1.791,0.01246,5.99,0.211,1,74.8,HIGH
0.0393,-0.0367,0.9856,0.336,0.732,1.091,0.243,0.0,0.00558,0.0,0.033,0,7.7,LOW
-0.0073,-0.0047,0.9966,0.642,0.234,-0.33,0.765,0.964,0.00383,0.12,0.016,0,10.2,LOW
-0.0118,-0.0094,1.0031,-0.446,-1.038,0.842,0.544,1.009,0.00324,0.0,0.004,0,9.9,LOW
0.0503,-0.105,0.9241,4.442,2.674,3.291,4.984,5.228,0.01456,3.21,0.488,1,78.5,HIGH
0.0207,-0.0679,1.0017,0.349,0.352,0.341,0.216,0.224,0.00137,0.04,0.0,0,3.5,LOW
0.0548,-0.0234,0.9721,7.694,4.997,-7.177,1.822,3.614,0.02147,8.91,1.521,1,76.7,HIGH
-0.0259,-0.0183,1.0154,-0.843,0.263,0.501,0.692,0.719,0.00786,0.06,0.015,0,12.8,LOW
0.0059,0.0072,1.0156,1.316,1.103,0.227,0.385,0.615,0.00637,0.08,0.024,0,11.9,LOW
-0.0061,-0.0307,1.0223,1.534,-0.263,-0.431,0.29,0.9,0.00674,0.0,0.0,0,13.7,LOW
-0.0043,0.063,0.9919,0.776,0.887,-0.036,0.911,0.407,0.00614,0.0,0.0,0,10.5,LOW
-0.0099,0.0003,1.0271,-1.538,1.487,-0.218,1.333,0.415,0.00498,0.09,0.04,0,17.5,LOW
0.0066,0.0018,1.0124,1.982,0.759,-0.45,0.446,0.309,0.00428,0.01,0.054,0,10.3,LOW
0.0753,0.0017,1.0013,-0.303,0.113,-0.036,0.689,1.016,0.00422,0.03,0.0,0,8.9,LOW
0.0048,0.0321,1.0088,0.279,-0.8,-0.491,0.373,0.856,0.00665,0.02,0.0,0,10.2,LOW
-0.0324,0.0307,0.9962,-0.26,-0.429,0.284,0.636,0.959,0.00367,0.06,0.007,0,9.3,LOW
0.0243,0.0032,0.9955,-0.486,1.169,0.678,0.517,0.63,0.00485,0.0,0.0,0,9.1,LOW
-0.0131,0.0099,1.0001,1.456,-1.424,-0.543,0.414,0.285,0.00629,0.05,0.001,0,8.0,LOW
0.0115,0.011,0.9941,-0.795,0.038,-0.574,0.764,0.472,0.00731,0.09,0.0,0,10.0,LOW
-0.0663,0.0394,0.8923,-10.778,0.268,2.232,6.218,5.838,0.03812,4.09,1.122,1,100.0,CRITICAL
0.0944,0.0284,0.9205,-1.453,5.603,3.41,3.856,4.762,0.00672,8.6,0.509,1,82.2,CRITICAL
-0.0189,-0.0246,1.0028,0.081,1.19,0.671,0.781,0.074,0.00169,0.09,0.0,0,6.7,LOW
-0.0279,0.0285,0.9874,-0.346,-0.296,-2.004,0.146,0.519,0.00647,0.16,0.063,0,10.8,LOW
-0.0118,0.138,0.9794,-0.826,0.258,-0.815,0.571,0.392,0.02581,1.84,0.673,1,24.5,LOW
-0.0345,0.051,0.9997,0.128,-0.779,0.24,0.277,0.587,0.00415,0.06,0.005,0,6.1,LOW
-0.0215,0.0127,1.0358,4.585,9.101,-3.379,0.0,0.0,0.01386,5.06,1.164,1,43.4,MEDIUM
-0.1628,0.013,0.9161,-1.149,1.285,1.005,2.109,5.182,0.02772,6.4,1.49,1,77.5,HIGH
-0.0223,0.0382,0.961,1.811,-3.648,-2.869,4.719,2.176,0.02499,4.23,0.717,1,62.4,HIGH
-0.0102,0.057,0.9991,-1.518,0.157,-0.773,0.704,0.308,0.00322,0.07,0.004,0,7.9,LOW
-0.0283,-0.1244,0.9159,8.161,3.862,0.731,5.854,4.289,0.01986,5.12,2.1,1,97.7,CRITICAL
-0.0238,-0.0314,1.0146,1.159,-0.085,1.82,0.508,0.461,0.00306,0.1,0.104,0,11.7,LOW
0.0002,-0.0029,0.9935,-1.098,-0.466,-0.443,0.665,0.841,0.00415,0.05,0.071,0,10.9,LOW
0.0118,0.0144,0.9793,1.463,3.622,0.126,0.892,0.311,0.00668,0.0,0.0,0,16.8,LOW
0.0107,-0.0326,0.9964,-0.721,1.42,-1.282,0.518,0.107,0.00279,0.0,0.0,0,7.1,LOW
-0.0182,0.0222,0.9887,0.892,-0.618,0.738,0.489,0.646,0.00457,0.06,0.0,0,10.3,LOW
0.0027,-0.0152,0.9979,-1.12,-1.089,1.239,0.237,0.393,0.0024,0.0,0.0,0,6.7,LOW
0.0146,-0.0056,1.0065,1.377,-0.276,-0.735,0.333,0.0,0.0063,0.01,0.035,0,7.1,LOW
0.044,-0.0304,0.9922,-0.38,-0.992,1.245,0.449,0.523,0.00823,0.08,0.0,0,10.5,LOW
-0.0751,0.0129,1.001,-1.587,6.684,5.589,3.95,7.115,0.01908,6.33,0.912,1,80.7,CRITICAL
0.0401,-0.0091,1.0123,-0.158,1.008,-0.844,0.749,0.462,0.00312,0.0,0.057,0,10.5,LOW
0.0025,-0.0606,0.988,1.167,1.258,-0.188,0.606,0.578,0.00375,0.0,0.093,0,11.3,LOW
-0.1427,0.1495,0.8598,5.458,2.258,-0.791,7.115,1.202,0.03806,4.7,0.174,1,91.9,CRITICAL
-0.0362,-0.1434,0.8686,-3.084,-2.517,-8.446,3.8,3.662,0.02866,3.04,0.615,1,87.9,CRITICAL
-0.0145,-0.0271,0.9834,1.952,-1.098,-0.986,0.109,0.307,0.0085,0.0,0.044,0,11.4,LOW
-0.0068,-0.0607,0.9919,-0.045,-0.109,0.966,0.292,0.523,0.00752,0.0,0.0,0,8.6,LOW
-0.0187,-0.0112,1.0078,0.528,1.032,-0.004,0.649,0.437,0.00336,0.0,0.016,0,8.7,LOW
0.0306,-0.0084,0.8818,1.082,-6.296,-9.31,4.911,7.783,0.00225,2.84,0.536,1,100.0,CRITICAL
-0.0766,-0.0089,0.9925,5.451,0.079,-4.977,6.347,3.713,0.01197,4.67,0.756,1,69.5,HIGH
-0.0092,-0.0171,0.9909,-0.673,-0.272,-0.232,0.102,0.945,0.00704,0.05,0.0,0,9.4,LOW
-0.0915,-0.0144,0.9998,2.132,2.912,2.951,3.539,2.424,0.02389,5.83,0.864,1,54.0,MEDIUM
-0.1289,0.0703,0.9846,-0.801,-5.743,0.251,5.819,5.386,0.00228,2.09,0.0,1,61.5,HIGH
-0.0414,0.0349,1.0154,-1.642,0.127,0.576,0.724,0.406,0.00453,0.0,0.0,0,11.6,LOW
0.008,0.0779,0.9236,-3.284,-1.955,2.837,0.296,2.407,0.01055,1.91,1.12,1,45.8,MEDIUM
-0.0064,0.0399,0.995,0.333,0.487,-2.04,0.495,0.984,0.00835,0.03,0.001,0,12.7,LOW
0.0116,0.0159,1.0069,-0.219,1.062,-0.439,0.967,0.24,0.00475,0.01,0.059,0,9.7,LOW
0.0093,-0.0345,0.9937,0.14,-0.749,0.591,0.467,0.13,0.003,0.0,0.011,0,6.0,LOW
-0.0439,-0.1597,0.9368,3.559,-2.453,6.29,2.742,2.566,0.02505,7.3,1.768,1,76.3,HIGH
0.0902,0.1753,0.9876,-2.811,2.586,5.589,1.86,3.27,0.01959,7.31,0.623,1,56.8,MEDIUM
-0.0065,-0.0403,0.9851,-0.594,0.011,-0.616,0.802,0.16,0.00219,0.09,0.0,0,8.9,LOW
-0.0162,0.0136,0.9956,1.447,-1.346,0.969,0.762,0.823,0.00704,0.16,0.031,0,13.1,LOW
-0.0563,-0.0102,0.993,0.189,-1.522,-0.424,0.234,0.248,0.00977,0.1,0.0,0,8.8,LOW
0.0288,-0.0101,0.9972,0.895,0.506,0.1,0.591,0.0,0.00555,0.1,0.0,0,6.3,LOW
-0.0196,-0.0005,0.9919,0.229,-1.149,-0.167,0.822,0.683,0.0,0.05,0.005,0,9.5,LOW
0.0354,0.0312,1.009,0.785,0.749,1.76,0.933,0.361,0.00519,0.16,0.0,0,12.0,LOW
-0.0015,-0.0129,1.0097,1.559,0.638,0.588,0.386,0.539,0.00441,0.12,0.0,0,9.9,LOW
0.0232,-0.0209,1.0175,-0.794,2.113,0.007,0.54,0.244,0.00695,0.0,0.0,0,12.1,LOW
0.0501,-0.0099,1.0036,0.497,-1.197,0.578,0.285,0.226,0.00953,0.0,0.0,0,7.8,LOW
-0.0041,0.0151,0.9942,0.666,-1.73,-1.196,0.537,0.468,0.00568,0.13,0.0,0,10.5,LOW
0.0811,0.002,0.9894,0.304,2.658,0.118,1.015,0.409,0.00671,0.0,0.022,0,14.0,LOW
0.0153,0.0268,1.0036,-1.192,0.502,0.356,0.561,0.388,0.00583,0.0,0.0,0,8.3,LOW
0.0083,-0.0005,1.0096,2.59,-1.036,-0.736,0.588,0.93,0.0016,0.0,0.0,0,12.8,LOW
0.0306,-0.0457,0.9873,0.055,0.319,-0.646,0.528,0.241,0.00495,0.08,0.114,0,8.9,LOW
-0.0241,-0.006,0.9994,-0.563,1.404,-0.874,0.399,0.107,0.00425,0.0,0.0,0,6.0,LOW
0.0534,-0.0289,0.9603,7.818,-3.275,1.438,4.905,3.3,0.01376,9.1,0.705,1,79.5,HIGH
0.0095,-0.018,1.0103,0.749,0.617,0.624,0.0,0.793,0.00155,0.0,0.099,0,7.9,LOW
-0.0662,0.0157,0.9964,0.286,-0.356,-0.68,0.083,0.684,0.0038,0.0,0.0,0,6.2,LOW
0.1369,0.0342,0.8721,-0.553,-1.793,-5.586,5.585,2.867,0.00234,9.05,0.986,1,92.0,CRITICAL
-0.0291,0.0531,1.0057,0.092,0.684,-0.224,1.017,0.3,0.005,0.06,0.0,0,9.1,LOW
0.0434,0.0539,1.0113,-0.371,1.215,-0.013,0.4,0.587,0.00549,0.0,0.0,0,9.8,LOW
-0.0328,0.0083,0.9976,-0.994,1.155,-0.311,0.228,0.891,0.0055,0.0,0.018,0,9.0,LOW
-0.0464,0.006,0.9918,0.17,1.835,-0.093,0.164,0.901,0.00687,0.12,0.0,0,11.0,LOW
0.0101,-0.0132,1.0135,-1.302,-0.379,-1.411,0.587,0.678,0.00516,0.0,0.0,0,12.2,LOW
-0.0619,-0.0644,0.994,-6.51,-2.609,3.111,3.656,1.402,0.00723,3.4,1.468,1,49.2,MEDIUM
0.0143,-0.0902,0.9159,5.859,3.905,-2.323,2.314,3.828,0.02886,7.29,1.544,1,83.5,CRITICAL
-0.0167,0.0136,0.9957,-0.403,0.141,-0.728,0.952,0.01,0.00089,0.1,0.001,0,6.4,LOW
-0.012,-0.0017,0.8931,2.465,-0.56,-2.594,3.863,3.039,0.02238,5.09,1.117,1,76.9,HIGH
-0.0312,-0.0416,0.9936,-0.563,-1.277,0.526,0.497,0.823,0.00524,0.0,0.0,0,10.4,LOW
-0.0448,0.0547,1.0207,0.556,-0.599,-0.665,0.222,0.915,0.00297,0.0,0.0,0,11.2,LOW
0.0189,0.0347,0.9945,0.831,0.619,-0.663,0.428,0.442,0.00377,0.23,0.022,0,8.1,LOW
0.0423,0.0159,1.0016,0.253,-0.463,0.29,1.203,0.539,0.00264,0.02,0.0,0,9.0,LOW
0.0358,-0.0187,1.0038,0.349,1.296,-1.362,0.797,1.177,0.00455,0.0,0.009,0,12.9,LOW
-0.0082,-0.0933,0.981,0.458,-0.07,-1.24,0.768,0.55,0.00716,0.09,0.0,0,13.4,LOW
0.0105,0.0291,1.0069,-0.55,2.312,0.657,0.262,0.331,0.0058,0.15,0.0,0,9.5,LOW
0.0022,0.0014,1.0006,-0.319,0.222,0.792,0.65,0.317,0.00328,0.0,0.0,0,6.3,LOW
-0.0071,-0.0073,1.0207,0.039,-0.403,0.33,1.21,0.1,0.00807,0.11,0.036,0,13.0,LOW
-0.033,0.0058,1.0085,-1.124,-0.703,-1.335,0.588,0.678,0.00477,0.0,0.018,0,11.1,LOW
0.0091,0.0001,1.0093,-1.048,1.176,-0.565,0.847,0.0,0.00402,0.0,0.037,0,9.1,LOW
0.0267,-0.0218,0.9968,-2.412,2.093,-1.517,0.576,0.442,0.00976,0.0,0.0,0,12.9,LOW
0.0053,-0.0054,1.0064,0.84,0.393,0.911,0.448,0.0,0.00615,0.0,0.092,0,7.3,LOW
0.0019,0.022,1.0025,0.754,0.083,-2.431,0.473,0.0,0.00818,0.0,0.0,0,8.7,LOW
-0.0326,0.0264,1.0038,0.348,1.493,-1.312,0.064,0.758,0.00374,0.0,0.0,0,8.2,LOW
0.0741,-0.0565,1.0008,2.88,0.218,3.059,3.967,3.97,0.01235,5.35,0.894,1,57.1,MEDIUM
-0.0302,0.0218,0.9989,0.73,-0.132,-0.229,0.716,0.651,0.00656,0.08,0.022,0,9.1,LOW
-0.0334,0.0138,1.0115,0.072,-0.212,-1.614,0.252,0.601,0.00594,0.0,0.025,0,10.1,LOW
0.0114,0.0204,1.0047,-0.193,-1.971,2.087,0.431,0.688,0.00583,0.15,0.0,0,11.8,LOW
0.0029,0.0174,0.9859,1.633,-0.832,0.539,1.494,0.743,0.00332,0.11,0.0,0,15.8,LOW
0.0682,-0.0027,0.9963,-1.842,5.273,0.651,10.5,0.135,0.0,10.77,0.849,1,77.5,HIGH
-0.0056,0.0383,0.988,1.495,1.178,0.333,0.529,0.571,0.00642,0.0,0.018,0,11.7,LOW
0.0102,0.0185,1.0114,0.951,-0.929,0.177,0.477,0.0,0.00254,0.0,0.043,0,7.2,LOW
-0.1401,0.0531,0.9483,0.013,-1.329,-3.489,3.082,2.399,0.03463,2.96,1.137,1,59.9,MEDIUM
0.0117,0.0738,0.8993,-0.965,-7.393,-0.014,5.54,2.661,0.02056,3.15,0.513,1,79.2,HIGH
-0.0874,-0.0432,0.998,10.004,-6.046,-0.512,2.619,3.946,0.02311,7.44,1.634,1,74.2,HIGH
-0.0246,0.0399,0.8674,2.726,0.217,11.368,0.0,4.774,0.01726,0.69,1.75,1,78.5,HIGH
0.0405,-0.1269,1.0099,-3.227,1.741,-0.093,3.916,3.143,0.01856,2.7,0.0,1,46.7,MEDIUM
0.0369,0.0212,1.004,-0.551,1.129,0.418,0.0,0.336,0.00396,0.0,0.091,0,5.8,LOW
0.0189,0.0507,1.009,-1.393,0.671,0.697,0.787,0.401,0.00403,0.16,0.0,0,10.6,LOW
-0.0028,-0.0277,0.9946,-0.563,0.742,-1.258,0.281,0.294,0.00182,0.0,0.0,0,6.3,LOW
0.0108,-0.0502,1.0184,0.744,0.363,-0.17,0.952,0.258,0.00316,0.0,0.079,0,11.1,LOW
-0.0251,-0.0309,0.9995,-0.147,0.686,0.019,0.463,0.528,0.00258,0.13,0.019,0,6.2,LOW
-0.0204,-0.0819,0.998,1.186,-2.094,-0.964,1.259,0.16,0.00703,0.0,0.0,0,12.1,LOW
-0.0445,0.0001,1.0082,0.579,-0.854,0.158,0.054,0.301,0.0,0.0,0.003,0,4.6,LOW
0.06,-0.0608,1.0004,-0.393,-0.802,0.108,0.947,0.327,0.00567,0.03,0.0,0,8.3,LOW
0.0513,-0.0414,1.0146,-8.154,-3.501,-6.939,2.918,0.0,0.01929,11.71,0.937,1,65.4,HIGH
-0.0135,0.0622,1.0061,-1.004,-0.468,-0.369,0.298,0.249,0.00536,0.02,0.0,0,6.8,LOW
-0.0467,-0.0153,1.0017,0.189,-0.634,-0.233,0.302,0.757,0.0035,0.0,0.012,0,6.7,LOW
0.1425,-0.0022,0.9749,0.82,-0.743,5.077,5.535,5.875,0.0221,4.71,0.929,1,79.1,HIGH
0.071,0.0638,0.9819,0.243,1.208,-3.724,0.638,6.289,0.00698,6.4,0.277,1,53.5,MEDIUM
-0.017,0.0103,0.9908,1.508,-1.109,0.03,0.766,0.934,0.0066,0.19,0.0,0,13.8,LOW
0.0062,-0.012,0.9939,0.244,0.791,0.505,0.283,0.982,0.00631,0.03,0.0,0,9.7,LOW
-0.0155,0.0222,0.9992,0.222,0.173,-0.188,0.177,0.148,0.00409,0.0,0.038,0,3.4,LOW
-0.0466,-0.0022,0.9952,0.245,1.012,-1.917,0.729,0.448,0.00683,0.03,0.0,0,11.0,LOW
0.0148,-0.0415,0.9937,0.671,-0.46,-0.025,0.652,0.378,0.00501,0.12,0.049,0,8.6,LOW
0.054,-0.002,0.9949,-0.139,-1.382,1.043,0.327,0.347,0.00646,0.0,0.0,0,8.3,LOW
0.0594,0.0228,0.9901,1.105,-1.021,1.913,0.553,0.852,0.00422,0.0,0.025,0,12.6,LOW
0.0566,0.021,1.0083,-1.927,2.289,-1.432,0.742,0.456,0.00547,0.02,0.068,0,13.4,LOW
0.0151,-0.0387,0.9944,-0.96,1.108,0.9,1.151,0.537,0.00747,0.0,0.036,0,12.9,LOW
0.0248,0.0152,0.9953,1.286,-2.281,-1.027,0.862,0.961,0.00415,0.15,0.021,0,14.1,LOW
0.0034,-0.0168,1.0214,-0.099,1.222,0.928,0.329,0.633,0.00286,0.0,0.0,0,11.3,LOW
0.0021,0.0265,1.0157,-0.599,-0.287,-1.016,0.307,0.818,0.00627,0.02,0.0,0,11.4,LOW
0.0117,0.0492,1.005,-0.077,-1.726,0.746,0.521,0.332,0.00232,0.05,0.066,0,8.4,LOW
0.0344,-0.0249,0.9873,0.265,-0.453,0.173,0.211,0.692,0.00145,0.08,0.0,0,7.6,LOW
0.0276,0.0531,1.0013,0.023,1.829,0.421,0.859,0.495,0.0083,0.02,0.0,0,11.0,LOW
-0.0846,-0.0495,1.0074,0.675,1.634,0.423,0.514,0.424,0.00193,0.06,0.005,0,8.7,LOW
-0.0057,-0.0553,0.9997,-0.535,0.45,0.134,0.698,0.627,0.00676,0.0,0.048,0,8.7,LOW
-0.0143,0.033,1.0056,-0.455,0.56,-0.031,0.726,0.212,0.00176,0.09,0.0,0,6.7,LOW
0.0408,0.0091,0.9931,-2.09,-0.556,1.299,0.522,0.776,0.00506,0.0,0.0,0,11.9,LOW
-0.0324,-0.0148,1.0478,5.814,-1.06,-10.583,5.632,6.191,0.01669,3.24,0.34,1,88.2,CRITICAL
-0.0204,-0.0247,1.0031,-1.057,0.803,-0.109,0.625,0.846,0.00708,0.02,0.0,0,10.7,LOW
-0.0042,-0.0113,1.0215,-0.098,-0.95,0.264,0.323,0.478,0.004,0.19,0.016,0,10.7,LOW
0.0161,0.029,1.0001,-0.96,0.897,-0.051,0.078,0.708,0.00555,0.0,0.003,0,6.8,LOW
0.0195,0.0443,0.9918,0.64,1.074,0.023,0.474,0.0,0.00537,0.07,0.027,0,7.3,LOW
-0.0104,0.008,0.9961,-0.136,2.774,0.505,0.756,0.411,0.00966,0.08,0.031,0,12.9,LOW
0.0029,-0.0186,0.9891,0.165,-1.635,1.263,0.271,0.311,0.00599,0.0,0.0,0,9.4,LOW
-0.0034,0.0499,0.9827,-1.066,0.701,0.043,0.085,0.588,0.0066,0.0,0.017,0,10.1,LOW
0.1089,0.0602,0.9879,-11.733,1.893,5.064,2.783,2.438,0.02641,5.99,0.849,1,66.8,HIGH
0.019,0.012,0.9817,-1.263,-0.539,0.485,0.242,1.084,0.00604,0.0,0.0,0,13.0,LOW
-0.032,0.0069,0.995,0.274,1.087,-2.028,0.229,0.645,0.00344,0.0,0.027,0,9.1,LOW
-0.012,-0.0495,0.9889,-2.119,-0.228,-0.19,0.291,0.437,0.00153,0.0,0.0,0,8.8,LOW
-0.0753,0.1309,0.9783,2.666,3.077,1.631,6.878,6.832,0.01293,11.59,1.662,1,100.0,CRITICAL
-0.0368,-0.059,0.9976,0.862,1.485,1.289,0.358,0.396,0.0067,0.0,0.0,0,8.7,LOW
0.0053,0.0226,0.9808,-0.538,-0.531,-1.17,0.466,0.912,0.00791,0.07,0.045,0,14.2,LOW
-0.0355,0.0255,0.9867,-1.619,0.11,0.348,0.0,0.608,0.00587,0.0,0.0,0,9.3,LOW
-0.028,0.0057,1.0001,1.364,0.225,0.471,0.487,0.592,0.00535,0.2,0.035,0,8.7,LOW
0.0294,0.0196,1.0076,-0.516,-0.709,0.656,0.987,0.244,0.00444,0.04,0.038,0,9.7,LOW
-0.003,-0.0511,0.989,-0.095,0.385,0.323,0.267,0.211,0.00265,0.09,0.049,0,6.1,LOW
-0.0312,0.0079,1.0104,-1.546,0.724,-0.217,0.564,0.134,0.00523,0.14,0.015,0,9.4,LOW
-0.0333,-0.0254,0.9882,0.994,0.114,0.578,0.139,0.642,0.00499,0.0,0.065,0,9.0,LOW
0.0114,0.0233,0.9937,0.71,-2.59,-1.89,0.727,0.219,0.0057,0.0,0.012,0,11.7,LOW
-0.0059,0.0198,1.0031,1.005,-0.381,0.664,0.223,0.469,0.00506,0.16,0.004,0,7.1,LOW
-0.0211,0.0012,0.9807,1.003,1.713,-0.241,0.313,0.47,0.00499,0.14,0.041,0,12.0,LOW
0.0091,-0.0136,0.9929,0.043,-0.036,0.879,0.333,0.412,0.00175,0.0,0.0,0,6.2,LOW
0.0068,-0.028,0.9967,-0.662,-0.554,-0.258,0.733,0.583,0.01101,0.1,0.015,0,10.9,LOW
-0.0532,0.0194,0.9839,-0.445,0.061,0.298,0.505,0.0,0.00803,0.17,0.0,0,8.8,LOW
-0.0433,-0.0083,0.989,0.165,-0.248,-0.389,0.105,0.41,0.00536,0.0,0.0,0,6.6,LOW
0.0146,0.0168,0.9916,-0.713,0.229,0.111,0.161,0.244,0.00491,0.1,0.022,0,6.2,LOW
-0.0283,0.0107,0.9946,0.305,-2.202,0.292,0.613,0.37,0.00235,0.03,0.031,0,9.3,LOW
0.0571,0.0446,0.9001,-4.932,-2.487,-8.875,1.313,5.511,0.0463,5.57,0.672,1,91.3,CRITICAL
-0.0276,-0.0009,1.0,0.453,-0.343,0.05,0.448,0.052,0.00534,0.25,0.035,0,5.1,LOW
0.0036,-0.0631,1.0072,0.138,1.911,-0.523,0.446,0.301,0.0018,0.01,0.0,0,8.0,LOW
0.0013,0.0225,0.9825,-0.356,0.324,-0.022,0.837,0.423,0.00789,0.0,0.0,0,11.6,LOW
0.0021,0.0173,0.9962,-0.999,-0.688,-0.669,0.391,0.763,0.00388,0.03,0.073,0,9.0,LOW
-0.0433,0.0178,0.9831,-1.488,1.726,-0.888,0.433,0.469,0.00406,0.01,0.006,0,11.9,LOW
-0.052,-0.0373,0.9895,0.863,-0.235,-2.068,0.565,0.219,0.00581,0.0,0.0,0,10.4,LOW
-0.0113,-0.0237,1.0015,0.03,-0.718,-0.799,0.422,0.244,0.00335,0.0,0.162,0,6.4,LOW
-0.0165,-0.0674,0.9965,-0.621,-0.442,-0.408,0.888,0.778,0.00346,0.16,0.0,0,10.0,LOW
-0.0018,-0.0291,0.9977,0.096,-0.331,-0.2,0.359,0.792,0.00304,0.13,0.0,0,6.8,LOW
-0.0427,0.0358,1.0052,-2.068,-1.04,-0.659,0.421,0.574,0.00635,0.0,0.046,0,10.8,LOW
0.0457,0.0004,0.904,-1.825,-1.28,5.868,7.809,4.455,0.00871,5.96,1.663,1,100.0,CRITICAL
0.0103,0.0147,0.9938,0.848,-1.389,1.953,0.769,0.44,0.00569,0.0,0.021,0,11.7,LOW
0.0172,0.0183,0.9998,-0.402,-0.219,1.464,0.368,0.388,0.00391,0.0,0.0,0,6.5,LOW
-0.0027,-0.0197,1.0046,-1.042,1.16,-0.962,0.611,1.041,0.00305,0.0,0.01,0,11.2,LOW
0.0628,0.0346,0.9281,8.069,0.109,-5.595,4.923,1.995,0.03721,1.63,1.252,1,77.5,HIGH
-0.0017,-0.0275,0.993,0.253,-0.661,1.85,0.801,0.506,0.0084,0.0,0.0,0,12.1,LOW
-0.0243,0.0233,0.9923,-0.03,-0.759,0.385,0.379,0.444,0.00622,0.0,0.0,0,8.0,LOW
-0.0449,0.0251,0.997,1.334,1.339,1.148,1.256,0.608,0.00386,0.0,0.0,0,12.5,LOW
-0.0595,-0.0136,1.0035,1.376,0.043,0.061,0.0,0.763,0.00635,0.21,0.0,0,8.1,LOW
-0.0009,-0.0139,0.989,-0.104,-1.328,-0.472,0.744,0.023,0.00344,0.05,0.0,0,8.5,LOW
0.0433,0.0155,1.0135,0.407,0.243,-1.123,0.027,0.255,0.00541,0.0,0.005,0,7.3,LOW
-0.0664,-0.026,0.9201,-2.374,-4.672,-1.509,0.0,0.821,0.01098,5.75,1.226,1,48.4,MEDIUM
-0.0908,-0.083,0.9437,-2.928,4.198,-0.454,3.428,0.352,0.01219,5.78,1.125,1,54.9,MEDIUM
-0.0192,-0.0315,1.0184,0.168,-0.6,-1.902,0.95,0.867,0.00203,0.08,0.0,0,14.7,LOW
0.0278,0.0496,1.0111,3.893,-2.761,1.146,3.62,2.38,0.02188,4.98,1.083,1,55.5,MEDIUM
-0.0155,0.0605,0.9983,0.779,-0.239,1.447,0.843,0.366,0.00764,0.0,0.085,0,10.4,LOW
0.0102,0.0028,1.0092,-0.252,1.48,0.796,0.76,0.697,0.00312,0.03,0.045,0,11.4,LOW
-0.0021,0.0259,0.985,-1.348,1.251,0.327,0.412,0.108,0.0055,0.0,0.026,0,9.7,LOW
-0.0102,0.0263,0.997,1.286,1.332,-0.959,0.989,0.451,0.00509,0.0,0.0,0,11.0,LOW
-0.0345,0.0137,0.9676,-0.589,0.567,0.58,0.469,0.513,0.00438,0.0,0.011,0,13.3,LOW
-0.0372,0.0276,0.9996,1.337,0.646,-0.651,0.157,0.508,0.00174,0.0,0.0,0,5.7,LOW
0.0116,-0.0301,0.9926,-0.356,-1.164,-0.557,1.14,0.387,0.00514,0.0,0.0,0,11.1,LOW
-0.0376,0.023,1.0202,0.282,-0.44,1.045,0.428,0.369,0.0044,0.0,0.0,0,10.3,LOW
-0.0189,0.0066,0.9807,3.221,4.066,6.358,5.48,3.829,0.03536,3.28,0.932,1,75.2,HIGH
-0.0333,-0.079,1.0755,-3.877,4.337,-1.944,4.004,5.972,0.00811,3.45,1.063,1,78.9,HIGH
0.0022,-0.0363,1.0085,2.476,0.464,0.314,0.923,0.698,0.00491,0.0,0.047,0,13.7,LOW
-0.0069,-0.0439,1.003,0.666,0.497,0.667,0.592,0.245,0.00137,0.01,0.0,0,6.0,LOW
-0.0062,0.0039,1.0115,0.466,-1.201,0.381,1.195,0.545,0.00159,0.09,0.0,0,11.9,LOW
-0.0789,0.1182,0.8995,1.897,-3.826,3.124,5.337,4.184,0.01143,1.81,0.833,1,77.3,HIGH
-0.0535,-0.0152,0.9948,-0.986,-0.287,-1.743,1.316,0.457,0.00394,0.0,0.023,0,12.5,LOW
-0.0048,-0.0069,1.0006,0.206,-0.246,0.575,0.058,0.268,0.00377,0.08,0.0,0,3.7,LOW
-0.0284,-0.0564,0.9877,1.994,-7.891,1.333,1.548,6.195,0.01368,6.54,0.614,1,66.1,HIGH
0.0027,0.0129,0.9921,0.291,2.317,0.976,0.446,0.501,0.00659,0.0,0.088,0,11.6,LOW
0.0047,0.0314,0.9897,0.881,1.402,2.255,0.291,0.924,0.00459,0.12,0.0,0,12.7,LOW
-0.001,0.0658,0.9957,0.432,0.009,-0.131,0.272,0.147,0.00279,0.01,0.094,0,4.5,LOW
-0.0437,-0.013,1.0005,-0.761,-0.72,-0.026,0.756,0.17,0.00228,0.0,0.0,0,6.1,LOW
0.0314,0.0057,0.9846,0.344,0.27,0.58,0.536,0.171,0.00683,0.0,0.076,0,9.4,LOW
-0.1,0.1261,0.8776,-2.369,-10.833,-5.81,0.465,4.395,0.01261,6.51,1.697,1,88.0,CRITICAL
0.0447,-0.0071,0.9994,0.294,-0.45,1.119,0.253,0.432,0.00354,0.0,0.0,0,5.8,LOW
-0.0508,-0.0289,0.9374,-7.664,7.421,5.496,4.518,2.771,0.01412,1.88,1.677,1,76.1,HIGH
-0.003,-0.0131,1.0045,-0.882,2.095,0.367,0.072,0.504,0.0031,0.0,0.0,0,7.6,LOW
0.0436,-0.0129,0.9971,-0.292,-0.832,-1.018,0.394,0.306,0.00475,0.0,0.0,0,6.8,LOW
-0.0118,0.0571,0.9857,0.601,-1.271,0.555,0.735,0.229,0.0038,0.0,0.0,0,10.1,LOW
-0.0545,0.0308,0.9955,-1.982,0.883,-0.176,0.811,0.639,0.00603,0.0,0.0,0,11.8,LOW
-0.0334,-0.0055,1.0135,0.931,-0.67,-0.7,0.741,0.396,0.00641,0.12,0.042,0,11.6,LOW
-0.0091,-0.0014,0.9977,0.688,-0.44,-0.567,0.188,0.674,0.00331,0.0,0.0,0,6.4,LOW
0.0485,0.0148,0.9906,0.093,1.063,-0.864,0.193,0.654,0.00471,0.0,0.0,0,8.7,LOW
-0.0556,-0.052,1.0145,-1.116,-0.688,-0.186,0.838,0.271,0.00246,0.0,0.068,0,10.4,LOW
0.0299,0.0191,1.0007,0.885,0.783,-1.565,0.044,0.118,0.00503,0.0,0.027,0,5.4,LOW
-0.0577,-0.0234,0.8855,-4.081,-2.627,-6.299,4.683,4.2,0.02208,7.69,0.964,1,97.2,CRITICAL
-0.0439,-0.0297,1.0048,0.701,0.89,1.184,0.374,1.02,0.00615,0.11,0.012,0,11.1,LOW
-0.0102,-0.0374,1.0099,0.689,0.985,1.361,1.017,0.462,0.00398,0.0,0.052,0,12.1,LOW
0.0092,-0.0157,1.0025,-0.155,0.571,1.772,1.019,0.411,0.00339,0.02,0.059,0,10.4,LOW
0.0795,0.0066,1.0054,1.309,1.501,1.697,0.026,0.057,0.0057,0.0,0.0,0,7.0,LOW
-0.0274,0.0274,1.0076,-0.123,0.35,-0.527,0.159,0.398,0.0039,0.06,0.027,0,6.1,LOW
0.0514,-0.0012,0.9959,1.914,-0.136,1.059,0.728,0.399,0.00631,0.0,0.0,0,10.5,LOW
0.0222,-0.0117,0.9963,0.613,-0.23,-1.563,0.53,0.098,0.00312,0.0,0.0,0,6.7,LOW
0.0331,0.0397,1.0256,4.486,0.533,-5.465,3.407,2.632,0.02717,10.41,0.93,1,73.5,HIGH
-0.0806,-0.1163,0.9282,-0.895,4.987,-1.609,2.707,3.646,0.0,4.22,0.167,1,57.0,MEDIUM
-0.0584,-0.0306,0.9978,-0.165,-1.07,-0.738,0.321,0.0,0.00308,0.0,0.0,0,4.6,LOW
-0.0406,-0.0466,0.9857,-0.643,0.551,-0.19,0.433,0.073,0.00746,0.0,0.015,0,8.5,LOW
-0.046,0.1097,1.0413,-8.266,-4.084,3.651,2.731,2.897,0.00991,2.69,1.284,1,60.4,HIGH
0.0172,0.011,0.9927,0.69,0.59,-1.125,0.373,0.394,0.00861,0.0,0.022,0,9.4,LOW
0.0058,0.0093,1.0003,-1.29,0.406,-0.58,0.199,0.421,0.00369,0.0,0.006,0,5.9,LOW
-0.064,0.0301,0.9847,0.024,1.168,-0.086,0.0,0.542,0.00776,0.01,0.018,0,9.4,LOW
0.0252,-0.0183,1.004,-2.175,1.266,-1.239,0.48,0.651,0.00385,0.15,0.056,0,11.3,LOW
0.0031,0.038,1.004,-1.262,0.893,0.394,0.311,0.0,0.00382,0.0,0.077,0,6.0,LOW
0.0646,-0.1188,0.8573,-0.076,-0.606,-3.0,4.685,5.628,0.00951,7.83,1.359,1,99.7,CRITICAL
-0.0185,0.0283,1.0101,-0.422,-0.489,2.417,0.374,0.976,0.0049,0.02,0.0,0,12.7,LOW
-0.0359,0.0254,1.0104,0.831,0.253,-0.207,0.662,0.441,0.0034,0.0,0.0,0,8.9,LOW
-0.0365,-0.0124,0.994,-2.282,-0.072,-0.817,0.647,0.017,0.00636,0.0,0.05,0,9.7,LOW
